Season Number,Episode Number,Startup Name,Pitch Number,Season Start,Season End,Original Air Date,Industry,Business Description,Company Website,UK Viewership,Channel Name,Pitchers Gender,Pitchers Average Age,Pitchers City,Pitchers State,Entrepreneur Names,Multiple Entrepreneurs,Original Ask Amount,Original Offered Equity,Valuation Requested,Received Offer,Accepted Offer,Deal Successful,Total Deal Amount,Total Deal Equity,Deal Valuation,Number of Dragons in Deal,Investment Amount Per Dragon,Equity Per Dragon,Royalty Deal,Advisory Shares Equity,Loan,Deal Has Conditions,Peter Jones Investment Amount,Peter Jones Investment Equity,Deborah Meaden Investment Amount,Deborah Meaden Investment Equity,Duncan Bannatyne Investment Amount,Duncan Bannatyne Investment Equity,Theo Paphitis Investment Amount,Theo Paphitis Investment Equity,Touker Suleyman Investment Amount,Touker Suleyman Investment Equity,Sara Davies Investment Amount,Sara Davies Investment Equity,Guest Investment Amount,Guest Investment Equity,Invested Guest Name,Peter Jones Present,Deborah Meaden Present,Duncan Bannatyne Present,Theo Paphitis Present,Touker Suleyman Present,Sara Davies Present,Guest Present
1,1,ArtOutThere,1,4-Jan-05,8-Feb-05,4-Jan-05,Fitness/Sports/Outdoors,"An annual arts and music, outdoor weekend event",,,BBC Two,,,,,Gavin Drake,0,100000,49,204082,0,,,,,,,,,,,,,,,,,,,,,,,,,,,,1,,1,,,,
1,1,BabyDreamMachine,2,4-Jan-05,8-Feb-05,4-Jan-05,Children/Education,Aid for rocking baby cots,https://www.babydreammachine.com/,,BBC Two,,,,,Graham Whitby and Barry Haigh,1,250000,,,0,,,,,,,,,,,,,,,,,,,,,,,,,,,,1,,1,,,,
1,1,BlowDryBar,3,4-Jan-05,8-Feb-05,4-Jan-05,Fashion/Beauty,Hairdressing salon offering blow-dry services,,,BBC Two,,,,,Rachel Fiddes,0,60000,,,0,,,,,,,,,,,,,,,,,,,,,,,,,,,,1,,1,,,,
1,1,EmandJoLtd,4,4-Jan-05,8-Feb-05,4-Jan-05,Fashion/Beauty,"Womenswear, fashion and accessories",,,BBC Two,,,,,Joanne Morrison and Emma McPherson,1,60000,20,300000,0,,,,,,,,,,,,,,,,,,,,,,,,,,,,1,,1,,,,
1,1,EthicalClothingRange,5,4-Jan-05,8-Feb-05,4-Jan-05,Fashion/Beauty,Ethical clothing fashion range,,,BBC Two,,,,,Jeremy Davis,0,,,,0,,,,,,,,,,,,,,,,,,,,,,,,,,,,1,,1,,,,
1,1,GolfAdvertisingLtd,6,4-Jan-05,8-Feb-05,4-Jan-05,Fitness/Sports/Outdoors,Golf advertising in driving range bays,,,BBC Two,,,,,Yul Thompson,0,,,,0,,,,,,,,,,,,,,,,,,,,,,,,,,,,1,,1,,,,
1,1,Incarnation,7,4-Jan-05,8-Feb-05,4-Jan-05,Automotive,Disney themed car styling,,,BBC Two,,,,,Paul Clark,0,,,,0,,,,,,,,,,,,,,,,,,,,,,,,,,,,1,,1,,,,
1,1,StubbiandCoLtd,8,4-Jan-05,8-Feb-05,4-Jan-05,Lifestyle/Home,Cigarette stub pouches,,,BBC Two,,,,,Ian McCormack,0,,,,0,,,,,,,,,,,,,,,,,,,,,,,,,,,,1,,1,,,,
1,1,Umbrolly,9,4-Jan-05,8-Feb-05,4-Jan-05,Business Services,Multimedia vending unit selling umbrellas and adverts,,,BBC Two,,,,,Charles Ejogo,0,150000,40,375000,1,1,1,150000,40,375000,2,75000,20,,,,,75000,20,,,75000,20,,,,,,,,,,1,,1,,,,
1,1,WelltimeLtd,10,4-Jan-05,8-Feb-05,4-Jan-05,Software/Tech,Software and IT development consultancy,,,BBC Two,,,,,Mubbasher Khanzada,0,,,,0,,,,,,,,,,,,,,,,,,,,,,,,,,,,1,,1,,,,
1,2,AllofaQuiver,11,4-Jan-05,8-Feb-05,11-Jan-05,Business Services,Hands free holder for carrying flowers,,,BBC Two,,,,,Lyn Harlow,0,,,,0,,,,,,,,,,,,,,,,,,,,,,,,,,,,1,,1,,,,
1,2,Dog&DuckAle,12,4-Jan-05,8-Feb-05,11-Jan-05,Liquor/Alcohol,Ale beer cartons,,,BBC Two,,,,,John Dibden,0,,,,0,,,,,,,,,,,,,,,,,,,,,,,,,,,,1,,1,,,,
1,2,GrailsLtd1,13,4-Jan-05,8-Feb-05,11-Jan-05,Fashion/Beauty,Tailor-made suits for businesswomen,,,BBC Two,,,,,Tracey Ann Graily,0,120000,40,300000,1,1,1,120000,40,300000,2,60000,20,,,,,,,,,,,,,,,,,120000,40,"DougRichard,RachelElnaugh",1,,1,,,,2
1,2,KestrelAerospacePAV,14,4-Jan-05,8-Feb-05,11-Jan-05,Business Services,One person air vehicle using a ducted fan propulsion system,,,BBC Two,,,,,Simon Scott,0,150000,15,1000000,0,,,,,,,,,,,,,,,,,,,,,,,,,,,,1,,1,,,,
1,2,LaserDIY,15,4-Jan-05,8-Feb-05,11-Jan-05,Business Services,Laser operated spirit level,,,BBC Two,,,,,Nigel Williams,0,,,,0,,,,,,,,,,,,,,,,,,,,,,,,,,,,1,,1,,,,
1,2,MandalaAroma,16,4-Jan-05,8-Feb-05,11-Jan-05,Fashion/Beauty,Organic aromatherapy skin products,,,BBC Two,,,,,Gillian Kavannagh,0,50000,10,500000,0,,,,,,,,,,,,,,,,,,,,,,,,,,,,1,,1,,,,
1,2,MigraCap,17,4-Jan-05,8-Feb-05,11-Jan-05,Health/Wellness,Headband for migraines relief,,,BBC Two,,,,,Hywel Edwards and Alison Morgan,1,,,,0,,,,,,,,,,,,,,,,,,,,,,,,,,,,1,,1,,,,
1,2,MusicControl,18,4-Jan-05,8-Feb-05,11-Jan-05,Software/Tech,Website launches for independent music artists,,,BBC Two,,,,,Richard Croft and Chris Thompson,1,200000,25,800000,0,,,,,,,,,,,,,,,,,,,,,,,,,,,,1,,1,,,,
1,2,ProjectY,19,4-Jan-05,8-Feb-05,11-Jan-05,Green/CleanTech,Fair trade organic fast-food outlets,,,BBC Two,,,,,Justin Gabriel,0,,,,0,,,,,,,,,,,,,,,,,,,,,,,,,,,,1,,1,,,,
1,2,PureBake,20,4-Jan-05,8-Feb-05,11-Jan-05,Lifestyle/Home,Additive-free baking powders,,,BBC Two,,,,,Marianne Jones,0,,,,0,,,,,,,,,,,,,,,,,,,,,,,,,,,,1,,1,,,,
1,2,StableTable,21,4-Jan-05,8-Feb-05,11-Jan-05,Fitness/Sports/Outdoors,Device designed to stabilise unbalanced tables,,,BBC Two,,,,,Andrew Gordon,0,87000,33,263636,0,,,,,,,,,,,,,,,,,,,,,,,,,,,,1,,1,,,,
1,3,Awaydays,22,4-Jan-05,8-Feb-05,18-Jan-05,Media/Entertainment,Funding for a film project,,,BBC Two,,,,,Kevin Sampson,0,100000,,,0,,,,,,,,,,,,,,,,,,,,,,,,,,,,1,,1,,,,
1,3,CareFreeHouse,23,4-Jan-05,8-Feb-05,18-Jan-05,Lifestyle/Home,Castle restorations,,,BBC Two,,,,,James Brown,0,80000,8,1000000,0,,,,,,,,,,,,,,,,,,,,,,,,,,,,1,,1,,,,
1,3,CuriositiesforKids,24,4-Jan-05,8-Feb-05,18-Jan-05,Children/Education,Children's toys for travel,,,BBC Two,,,,,Suzanne Longworth,0,,,,0,,,,,,,,,,,,,,,,,,,,,,,,,,,,1,,1,,,,
1,3,EsmeErtekinShoeClub,25,4-Jan-05,8-Feb-05,18-Jan-05,Fashion/Beauty,Over 40s Fashion Range,,,BBC Two,,,,,Esme Eretkin,0,,,,0,,,,,,,,,,,,,,,,,,,,,,,,,,,,1,,1,,,,
1,3,ForArtsSake,26,4-Jan-05,8-Feb-05,18-Jan-05,Lifestyle/Home,Self designed artwork,,,BBC Two,,,,,David Hancock,0,,,,0,,,,,,,,,,,,,,,,,,,,,,,,,,,,1,,1,,,,
1,3,IVCam,27,4-Jan-05,8-Feb-05,18-Jan-05,Business Services,A 3D measuring system using camera technology,,,BBC Two,,,,,John and Phillip Petty,1,50000,30,166667,1,1,0,,,,,,,,,,,,,,,,,,,,,,,,,,1,,1,,,,
1,3,LeBeanock,28,4-Jan-05,8-Feb-05,18-Jan-05,Lifestyle/Home,A beanbag hammock,,,BBC Two,,,,,Tracie Herrtage,0,54000,49,110204,1,1,1,54000,49,110204,1,54000,49,,,,,,,,,,,,,,,,,54000,49,RachelElnaugh,1,,1,,,,1
1,3,OutaboxLtd,29,4-Jan-05,8-Feb-05,18-Jan-05,Fitness/Sports/Outdoors,Disposable outdoor leisure furniture,,,BBC Two,,,,,Gayle Blanchflower,0,125000,5,2500000,0,,,,,,,,,,,,,,,,,,,,,,,,,,,,1,,1,,,,
1,3,Sweetspot,30,4-Jan-05,8-Feb-05,18-Jan-05,Fitness/Sports/Outdoors,Latex accessory for football boots,,,BBC Two,,,,,Jeffery Wheeler,0,80000,,,0,,,,,,,,,,,,,,,,,,,,,,,,,,,,1,,1,,,,
1,3,WebbedPaddles,31,4-Jan-05,8-Feb-05,18-Jan-05,Fitness/Sports/Outdoors,Canoe paddling tool,,,BBC Two,,,,,Chad Townsend,0,,,,0,,,,,,,,,,,,,,,,,,,,,,,,,,,,1,,1,,,,
1,4,ByoBin,32,4-Jan-05,8-Feb-05,25-Jan-05,Green/CleanTech,Waste storage with protection from odour,,,BBC Two,,,,,Stewart Twinn,0,,,,0,,,,,,,,,,,,,,,,,,,,,,,,,,,,1,,1,,,,
1,4,DestinationLondon,33,4-Jan-05,8-Feb-05,25-Jan-05,Media/Entertainment,Taxi themed board game,,,BBC Two,,,,,Rachel Lowe,0,75000,30,250000,0,,,,,,,,,,,,,,,,,,,,,,,,,,,,1,,1,,,,
1,4,DragonsCars,34,4-Jan-05,8-Feb-05,25-Jan-05,Automotive,Racing car designed for public roads,,,BBC Two,,,,,Jenny and Bill Conway,1,,,,0,,,,,,,,,,,,,,,,,,,,,,,,,,,,1,,1,,,,
1,4,HalalCuisines,35,4-Jan-05,8-Feb-05,25-Jan-05,Food and Beverage,Halal based convenience food,,,BBC Two,,,,,Younis Ali,0,,,,0,,,,,,,,,,,,,,,,,,,,,,,,,,,,1,,1,,,,
1,4,KaraokeMachine,36,4-Jan-05,8-Feb-05,25-Jan-05,Media/Entertainment,Karaoke machine recording vocals and video,,,BBC Two,,,,,Shaun Costello,0,,,,0,,,,,,,,,,,,,,,,,,,,,,,,,,,,1,,1,,,,
1,4,MaxiMat,37,4-Jan-05,8-Feb-05,25-Jan-05,Lifestyle/Home,Odour absorbing mat,,,BBC Two,,,,,David Tully,0,50000,10,500000,0,,,,,,,,,,,,,,,,,,,,,,,,,,,,1,,1,,,,
1,4,MycorrhizalSystems,38,4-Jan-05,8-Feb-05,25-Jan-05,Green/CleanTech,Land for a truffle farm,,,BBC Two,,,,,Paul Thomas,0,75000,25,300000,1,1,0,,,,,,,,,,,,,,,,,,,,,,,,,,1,,1,,,,
1,4,TastyAprons,39,4-Jan-05,8-Feb-05,25-Jan-05,Lifestyle/Home,Kitchen fashion aprons,,,BBC Two,,,,,Natasha Mason,0,,,,0,,,,,,,,,,,,,,,,,,,,,,,,,,,,1,,1,,,,
1,4,TattooErase,40,4-Jan-05,8-Feb-05,25-Jan-05,Fashion/Beauty,Tattoo removal service,,,BBC Two,,,,,Barbara-Simpson and Richard Birks,1,250000,10,2500000,0,,,,,,,,,,,,,,,,,,,,,,,,,,,,1,,1,,,,
1,4,WestBrewingCompany,41,4-Jan-05,8-Feb-05,25-Jan-05,Liquor/Alcohol,Glasgow beer brewing,,,BBC Two,,,,,Petra and Gordon Wetzel-Stewert,1,,,,0,,,,,,,,,,,,,,,,,,,,,,,,,,,,1,,1,,,,
1,5,A-FrameGolf,42,4-Jan-05,8-Feb-05,1-Feb-05,Fitness/Sports/Outdoors,Lighter and cheaper golf bag,,,BBC Two,,,,,Jo Gascoigne,0,125000,26.3,475285,1,0,,,,,,,,,,,,,,,,,,,,,,,,,,,1,,1,,,,
1,5,Bathrobics,43,4-Jan-05,8-Feb-05,1-Feb-05,Fitness/Sports/Outdoors,Exercises performed in a bath,,,BBC Two,,,,,Jane Dorey,0,,,,0,,,,,,,,,,,,,,,,,,,,,,,,,,,,1,,1,,,,
1,5,ElizabethGaltonLtd,44,4-Jan-05,8-Feb-05,1-Feb-05,Lifestyle/Home,Custom-made jewellery,,,BBC Two,,,,,Elizabeth Galton,0,110000,30,366667,1,1,0,,,,,,,,,,,,,,,,,,,,,,,,,,1,,1,,,,
1,5,Holi-Doze,45,4-Jan-05,8-Feb-05,1-Feb-05,Children/Education,Inflatable travel cot for babies,,,BBC Two,,,,,Joanne Bradford,0,,,,0,,,,,,,,,,,,,,,,,,,,,,,,,,,,1,,1,,,,
1,5,PlantPal,46,4-Jan-05,8-Feb-05,1-Feb-05,Lifestyle/Home,Self-watering systems for plants,,,BBC Two,,,,,Ade Andu,0,100000,25,400000,0,,,,,,,,,,,,,,,,,,,,,,,,,,,,1,,1,,,,
1,5,ProfilesSystems,47,4-Jan-05,8-Feb-05,1-Feb-05,Health/Wellness,Non-surgical facelifts,,,BBC Two,,,,,Anthony Johnson,0,,,,0,,,,,,,,,,,,,,,,,,,,,,,,,,,,1,,1,,,,
1,5,RayinkLimited,48,4-Jan-05,8-Feb-05,1-Feb-05,Children/Education,Canopy for pushing prams,,,BBC Two,,,,,Yinka Davies,0,,,,0,,,,,,,,,,,,,,,,,,,,,,,,,,,,1,,1,,,,
1,5,SecuredSound,49,4-Jan-05,8-Feb-05,1-Feb-05,Health/Wellness,Card reminder for doctors appointments,,,BBC Two,,,,,Dr Kim Can,0,,,,0,,,,,,,,,,,,,,,,,,,,,,,,,,,,1,,1,,,,
1,5,SlimPC,50,4-Jan-05,8-Feb-05,1-Feb-05,Green/CleanTech,Computer manufactured with wood as opposed to plastic,,,BBC Two,,,,,Dr John Garside,0,190000,25,760000,0,,,,,,,,,,,,,,,,,,,,,,,,,,,,1,,1,,,,
1,5,Travelseal,51,4-Jan-05,8-Feb-05,1-Feb-05,Lifestyle/Home,Security labels for travel luggage,,,BBC Two,,,,,Floyd Peltier,0,,,,0,,,,,,,,,,,,,,,,,,,,,,,,,,,,1,,1,,,,
1,6,CabtivateMediaLtd,52,4-Jan-05,8-Feb-05,8-Feb-05,Media/Entertainment,Advertising and entertainment television service for taxis,,,BBC Two,,,,,Mark Greenhalgh,0,100000,10,1000000,0,,,,,,,,,,,,,,,,,,,,,,,,,,,,1,,1,,,,
1,6,Comatel,53,4-Jan-05,8-Feb-05,8-Feb-05,Lifestyle/Home,Temporary repair for leaking water pipes,,,BBC Two,,,,,Paula Ward,0,,,,0,,,,,,,,,,,,,,,,,,,,,,,,,,,,1,,1,,,,
1,6,Dinnerpoint.com,54,4-Jan-05,8-Feb-05,8-Feb-05,Software/Tech,Dinner dating agency,,,BBC Two,,,,,Fenner Austen,0,,,,0,,,,,,,,,,,,,,,,,,,,,,,,,,,,1,,1,,,,
1,6,EMMedical,55,4-Jan-05,8-Feb-05,8-Feb-05,Health/Wellness,Aid for musical spains and muscle aches,,,BBC Two,,,,,Rory Orr,0,,,,0,,,,,,,,,,,,,,,,,,,,,,,,,,,,1,,1,,,,
1,6,Grid108,56,4-Jan-05,8-Feb-05,8-Feb-05,Software/Tech,Website creating 3D maps of cities for use as search engines,,,BBC Two,,,,,Ayesha Broadbent,0,,,,0,,,,,,,,,,,,,,,,,,,,,,,,,,,,1,,1,,,,
1,6,In-velope,57,4-Jan-05,8-Feb-05,8-Feb-05,Lifestyle/Home,Multi-purpose storage solution,,,BBC Two,,,,,Stephen Mallet,0,150000,10,1500000,0,,,,,,,,,,,,,,,,,,,,,,,,,,,,1,,1,,,,
1,6,Snowbone,58,4-Jan-05,8-Feb-05,8-Feb-05,Lifestyle/Home,Handle attachment for snowboards,,,BBC Two,,,,,Nik Rawcliff and Paddy Radcliff,1,75000,33.3,225225,1,1,0,,,,,,,,,,,,,,,,,,,,,,,,,,1,,1,,,,
1,6,TechnoDeck,59,4-Jan-05,8-Feb-05,8-Feb-05,Green/CleanTech,Wheel ramps made from recycled tyres,,,BBC Two,,,,,Simon Gasgoyne and Nigel Williams,1,,,,0,,,,,,,,,,,,,,,,,,,,,,,,,,,,1,,1,,,,
1,6,ToiletSnake,60,4-Jan-05,8-Feb-05,8-Feb-05,Lifestyle/Home,Toilet cleaning accessory,,,BBC Two,,,,,David Daly,0,25000,,,0,,,,,,,,,,,,,,,,,,,,,,,,,,,,1,,1,,,,
1,6,VisualTalentLtd,61,4-Jan-05,8-Feb-05,8-Feb-05,Fashion/Beauty,Wonderland high- end fashion and culture magazine,,,BBC Two,,,,,Huw Gwyther,0,175000,40,437500,1,1,1,175000,40,437500,1,175000,40,,,,,175000,40,,,,,,,,,,,,,,1,,1,,,,
2,1,DustBubble,62,15-Nov-05,20-Dec-05,15-Nov-05,Lifestyle/Home,Cleaning agent for drills,,2.22,BBC Two,,,,,Nick Nobel,0,,,,0,,,,,,,,,,,,,,,,,,,,,,,,,,,,1,,1,1,,,
2,1,F8Clothing,63,15-Nov-05,20-Dec-05,15-Nov-05,Fashion/Beauty,Fleece clothing accessories,,2.22,BBC Two,,,,,Kendra Torgan,0,145000,,,0,,,,,,,,,,,,,,,,,,,,,,,,,,,,1,,1,1,,,
2,1,LippiStix,64,15-Nov-05,20-Dec-05,15-Nov-05,Fashion/Beauty,Small brush designed to fit into all brands of lipstick tubes,,2.22,BBC Two,,,,,Teresa Strong,0,,,,0,,,,,,,,,,,,,,,,,,,,,,,,,,,,1,,1,1,,,
2,1,MakeUpSchool,65,15-Nov-05,20-Dec-05,15-Nov-05,Fashion/Beauty,School for make-up artists,,2.22,BBC Two,,,,,Daniel Parker,0,,,,0,,,,,,,,,,,,,,,,,,,,,,,,,,,,1,,1,1,,,
2,1,RakaStaka,66,15-Nov-05,20-Dec-05,15-Nov-05,Liquor/Alcohol,Stacking units for beer bottles in fridges,,2.22,BBC Two,,,,,Stefano Matheou,0,100000,20,500000,1,0,,,,,,,,,,,,,,,,,,,,,,,,,,,1,,1,1,,,
2,1,SmartyPants,67,15-Nov-05,20-Dec-05,15-Nov-05,Fashion/Beauty,Underwear with personalised names,,2.22,BBC Two,,,,,Claire Locke,0,150000,25,600000,0,,,,,,,,,,,,,,,,,,,,,,,,,,,,1,,1,1,,,
2,1,SquareMile,68,15-Nov-05,20-Dec-05,15-Nov-05,Lifestyle/Home,Wireless broadband supplier to UK marinas,,2.22,BBC Two,,,,,Dominic Killinger,0,150000,40,375000,1,1,1,150000,40,375000,2,75000,20,,,,yes,75000,20,,,,,75000,20,,,,,,,,1,,1,1,,,
2,1,StarTrekPyjamas,69,15-Nov-05,20-Dec-05,15-Nov-05,Fashion/Beauty,Star Trek themed nightwear for adults,,2.22,BBC Two,,,,,Andy Bush,0,,,,0,,,,,,,,,,,,,,,,,,,,,,,,,,,,1,,1,1,,,
2,1,SuperKnees,70,15-Nov-05,20-Dec-05,15-Nov-05,Fitness/Sports/Outdoors,Strap on roller skates easing knee strain,,2.22,BBC Two,,,,,Stipan Saulich,0,,,,0,,,,,,,,,,,,,,,,,,,,,,,,,,,,1,,1,1,,,
2,1,TheBigO,71,15-Nov-05,20-Dec-05,15-Nov-05,Fashion/Beauty,Pre-packed marinated olive selection,,2.22,BBC Two,,,,,Alex Hall,0,150000,15,1000000,0,,,,,,,,,,,,,,,,,,,,,,,,,,,,1,,1,1,,,
2,1,TheMagicRoundabout,72,15-Nov-05,20-Dec-05,15-Nov-05,Children/Education,Packages of children's sweets and toys,,2.22,BBC Two,,,,,Phil Gold,0,,,,0,,,,,,,,,,,,,,,,,,,,,,,,,,,,1,,1,1,,,
2,2,BedlamPuzzles,73,15-Nov-05,20-Dec-05,22-Nov-05,Children/Education,3-D puzzles,,2.33,BBC Two,,,,,Danny Bamping,0,100000,30,333333,1,1,0,,,,,,,,,,,,,,,,,,,,,,,,,,1,,1,1,,,
2,2,CannyCollar,74,15-Nov-05,20-Dec-05,22-Nov-05,Pet Products,Training lead for dogs,,2.33,BBC Two,,,,,Sean McElherron,0,,,,0,,,,,,,,,,,,,,,,,,,,,,,,,,,,1,,1,1,,,
2,2,InterFlush,75,15-Nov-05,20-Dec-05,22-Nov-05,Lifestyle/Home,Device saving water usage on toilets,,2.33,BBC Two,,,,,David Wilkes,0,50000,5,1000000,0,,,,,,,,,,,,,,,,,,,,,,,,,,,,1,,1,1,,,
2,2,Orikaso,76,15-Nov-05,20-Dec-05,22-Nov-05,Food and Beverage,Foldable food and cooking accessories,,2.33,BBC Two,,,,,Jay Cousins,0,100000,40,250000,1,0,,,,,,,,,,,,,,,,,,,,,,,,,,,1,,1,1,,,
2,2,PoleDanceFitness,77,15-Nov-05,20-Dec-05,22-Nov-05,Fitness/Sports/Outdoors,Pole dancing classes,,2.33,BBC Two,,,,,Sarah Davis,0,,,,0,,,,,,,,,,,,,,,,,,,,,,,,,,,,1,,1,1,,,
2,2,SheWee,78,15-Nov-05,20-Dec-05,22-Nov-05,Lifestyle/Home,Female toilet aid,,2.33,BBC Two,,,,,Samantha Fountain,0,,,,0,,,,,,,,,,,,,,,,,,,,,,,,,,,,1,,1,1,,,
2,2,Sisserou,79,15-Nov-05,20-Dec-05,22-Nov-05,Liquor/Alcohol,Liqueur made from rum and coconut,,2.33,BBC Two,,,,,Julie LeRoun,0,,,,0,,,,,,,,,,,,,,,,,,,,,,,,,,,,1,,1,1,,,
2,2,StyleBible,80,15-Nov-05,20-Dec-05,22-Nov-05,Software/Tech,Online travel destination recommendations,,2.33,BBC Two,,,,,Amanda Zuydervelt,0,250000,25,1000000,0,,,,,,,,,,,,,,,,,,,,,,,,,,,,1,,1,1,,,
2,2,TennisIsMental,81,15-Nov-05,20-Dec-05,22-Nov-05,Fitness/Sports/Outdoors,Psychology book for tennis players,,2.33,BBC Two,,,,,Steven Renwick,0,,,,0,,,,,,,,,,,,,,,,,,,,,,,,,,,,1,,1,1,,,
2,2,TheSmoodyPod,82,15-Nov-05,20-Dec-05,22-Nov-05,Food and Beverage,Blender for smoothies,,2.33,BBC Two,,,,,Prince Tikare,0,,,,0,,,,,,,,,,,,,,,,,,,,,,,,,,,,1,,1,1,,,
2,2,Uzero,83,15-Nov-05,20-Dec-05,22-Nov-05,Fashion/Beauty,Sparkled female thong underwear,,2.33,BBC Two,,,,,Eretsu Sabrazi,0,,,,0,,,,,,,,,,,,,,,,,,,,,,,,,,,,1,,1,1,,,
2,3,AccommodationforStudents,84,15-Nov-05,20-Dec-05,29-Nov-05,Software/Tech,Website for students accommodation,,2.29,BBC Two,,,,,William Berry,0,150000,50,300000,1,0,,,,,,,,,,,,,,,,,,,,,,,,,,,1,,1,1,,,
2,3,BrandTheory,85,15-Nov-05,20-Dec-05,29-Nov-05,Software/Tech,Storage for digital content,,2.29,BBC Two,,,,,Dom Foulsham,0,175000,,,0,,,,,,,,,,,,,,,,,,,,,,,,,,,,1,,1,1,,,
2,3,DegreeArt,86,15-Nov-05,20-Dec-05,29-Nov-05,Software/Tech,Online art dealership,,2.29,BBC Two,,,,,Elimor Olisa and Isobel Beauchamp,1,50000,,,0,,,,,,,,,,,,,,,,,,,,,,,,,,,,1,,1,1,,,
2,3,EliteSport,87,15-Nov-05,20-Dec-05,29-Nov-05,Health/Wellness,Protein nutritional supplements,,2.29,BBC Two,,,,,Shaz Agar,0,110000,,,0,,,,,,,,,,,,,,,,,,,,,,,,,,,,1,,1,1,,,
2,3,PixiLighterHolder,88,15-Nov-05,20-Dec-05,29-Nov-05,Lifestyle/Home,Holder for lighters on cigarette packets,,2.29,BBC Two,,,,,Will Downing,0,,,,0,,,,,,,,,,,,,,,,,,,,,,,,,,,,1,,1,1,,,
2,3,Pomelo,89,15-Nov-05,20-Dec-05,29-Nov-05,Fashion/Beauty,Female sandals range,,2.29,BBC Two,,,,,Victoria Tringham,0,,,,0,,,,,,,,,,,,,,,,,,,,,,,,,,,,1,,1,1,,,
2,3,Roton,90,15-Nov-05,20-Dec-05,29-Nov-05,Automotive,Internal combustion aid for motors,,2.29,BBC Two,,,,,Kingsley Wright,0,,,,0,,,,,,,,,,,,,,,,,,,,,,,,,,,,1,,1,1,,,
2,3,SeaScope,91,15-Nov-05,20-Dec-05,29-Nov-05,Fitness/Sports/Outdoors,Jet boarding propelled surfboard,,2.29,BBC Two,,,,,David Dunne and Mark Williams,1,,,,0,,,,,,,,,,,,,,,,,,,,,,,,,,,,1,,1,1,,,
2,3,TrulyMadlyBaby,92,15-Nov-05,20-Dec-05,29-Nov-05,Children/Education,"Baby products, via party evenings and web",,2.29,BBC Two,,,,,Julie White,0,75000,45,166667,1,1,0,,,,,,,,,,,,,,,,,,,,,,,,,,1,,1,1,,,
2,3,TwoBecomeOneJewellery,93,15-Nov-05,20-Dec-05,29-Nov-05,Fashion/Beauty,Avant-Garde jewellery range,,2.29,BBC Two,,,,,Wade Royd Taylor,0,,,,0,,,,,,,,,,,,,,,,,,,,,,,,,,,,1,,1,1,,,
2,3,Ultrashave,94,15-Nov-05,20-Dec-05,29-Nov-05,Lifestyle/Home,Shaving cream made from exotic plant extracts and fruit oils,,2.29,BBC Two,,,,,Bob Noburn,0,150000,,,0,,,,,,,,,,,,,,,,,,,,,,,,,,,,1,,1,1,,,
2,4,AmbientAllstars,95,15-Nov-05,20-Dec-05,6-Dec-05,Business Services,Marketing agency,,2.46,BBC Two,,,,,Jonathan Astor,0,100000,15,666667,0,,,,,,,,,,,,,,,,,,,,,,,,,,,,1,,1,1,,,
2,4,Anti-PiracyInvention,96,15-Nov-05,20-Dec-05,6-Dec-05,Business Services,Piracy protection at cinemas,,2.46,BBC Two,,,,,Larry Thompson and Ron Vigna,1,,,,0,,,,,,,,,,,,,,,,,,,,,,,,,,,,1,,1,1,,,
2,4,BabyDreamMachine,97,15-Nov-05,20-Dec-05,6-Dec-05,Business Services,Aid rocking cots and cribs,,2.46,BBC Two,,,,,Graham Whitby and Barry Haigh,1,250000,10,2500000,0,,,,,,,,,,,,,,,,,,,,,,,,,,,,1,,1,1,,,
2,4,Chocpix,98,15-Nov-05,20-Dec-05,6-Dec-05,Food and Beverage,Chocolates designed on photographs,,2.46,BBC Two,,,,,Francesco Lia,0,,,,0,,,,,,,,,,,,,,,,,,,,,,,,,,,,1,,1,1,,,
2,4,Circaroma,99,15-Nov-05,20-Dec-05,6-Dec-05,Fashion/Beauty,Organic oil skincare,,2.46,BBC Two,,,,,Barbara Scott and Steve Atkinson,1,,,,0,,,,,,,,,,,,,,,,,,,,,,,,,,,,1,,1,1,,,
2,4,ConcreteCanvas,100,15-Nov-05,20-Dec-05,6-Dec-05,Business Services,Emergency shelter design concept,,2.46,BBC Two,,,,,Peter Brewin and William Crawford,1,80000,50,160000,1,0,,,,,,,,,,,,,,,,,,,,,,,,,,,1,,1,1,,,
2,4,FreshPasta,101,15-Nov-05,20-Dec-05,6-Dec-05,Food and Beverage,Range of fresh pasta dishes,,2.46,BBC Two,,,,,Robert Bookham,0,95000,,,0,,,,,,,,,,,,,,,,,,,,,,,,,,,,1,,1,1,,,
2,4,HipClip,102,15-Nov-05,20-Dec-05,6-Nov-05,Food and Beverage,Holster for drinks,,2.46,BBC Two,,,,,Darren Bainbridge,0,,,,0,,,,,,,,,,,,,,,,,,,,,,,,,,,,1,,1,1,,,
2,4,K92Co,103,15-Nov-05,20-Dec-05,6-Dec-05,Green/CleanTech,Aid for collecting animal waste,,2.46,BBC Two,,,,,Gary and Lindsay Shuttleworth,1,150000,10,1500000,0,,,,,,,,,,,,,,,,,,,,,,,,,,,,1,,1,1,,,
2,4,Reefski,104,15-Nov-05,20-Dec-05,6-Dec-05,Fitness/Sports/Outdoors,Submersible watercraft boat,,2.46,BBC Two,,,,,Robin Harris,0,,,,0,,,,,,,,,,,,,,,,,,,,,,,,,,,,1,,1,1,,,
2,4,SweetMandarin,105,15-Nov-05,20-Dec-05,6-Dec-05,Food and Beverage,Chinese ready meals,,2.46,BBC Two,,,,,Helen and Lisa Tse,1,,,,0,,,,,,,,,,,,,,,,,,,,,,,,,,,,1,,1,1,,,
2,4,Yakibox,106,15-Nov-05,20-Dec-05,6-Dec-05,Food and Beverage,Japanese food ingredients and tools,,2.46,BBC Two,,,,,David Mlynski,0,100000,,,0,,,,,,,,,,,,,,,,,,,,,,,,,,,,1,,1,1,,,
2,5,AtomicToys,107,15-Nov-05,20-Dec-05,13-Dec-05,Children/Education,Bmx style bikes,,2.41,BBC Two,,,,,Thomas O'Connell,0,200000,15,1333333,0,,,,,,,,,,,,,,,,,,,,,,,,,,,,1,,1,1,,,
2,5,BackBeauty,108,15-Nov-05,20-Dec-05,13-Dec-05,Fashion/Beauty,Back lotion and cream applicators,,2.41,BBC Two,,,,,Caroline Wagstaff,0,,,,0,,,,,,,,,,,,,,,,,,,,,,,,,,,,1,,1,1,,,
2,5,BosteWaterLights,109,15-Nov-05,20-Dec-05,13-Dec-05,Lifestyle/Home,Lamps designed on the tranquillity of water,,2.41,BBC Two,,,,,Mark Strollery,0,,,,0,,,,,,,,,,,,,,,,,,,,,,,,,,,,1,,1,1,,,
2,5,LightBulbChanger,110,15-Nov-05,20-Dec-05,13-Dec-05,Lifestyle/Home,Retractable safety aid for changing light bulbs,,2.41,BBC Two,,,,,Joe Solera,0,75000,49,153061,0,,,,,,,,,,,,,,,,,,,,,,,,,,,,1,,1,1,,,
2,5,LondonSportMagazine,111,15-Nov-05,20-Dec-05,13-Dec-05,Fitness/Sports/Outdoors,Sports magazine advertising dates for events,,2.41,BBC Two,,,,,Patrick Kelly,0,,,,0,,,,,,,,,,,,,,,,,,,,,,,,,,,,1,,1,1,,,
2,5,MastiGames,112,15-Nov-05,20-Dec-05,13-Dec-05,Media/Entertainment,Board game themed around bollywood,,2.41,BBC Two,,,,,Meenal Devani,0,70000,,,0,,,,,,,,,,,,,,,,,,,,,,,,,,,,1,,1,1,,,
2,5,NaturalBurial,113,15-Nov-05,20-Dec-05,13-Dec-05,Business Services,Environmentally friendly coffins and burials,,2.41,BBC Two,,,,,Edmund Green and Paul Ginns,1,,,,0,,,,,,,,,,,,,,,,,,,,,,,,,,,,1,,1,1,,,
2,5,ProphetDesignsJewellery,114,15-Nov-05,20-Dec-05,13-Dec-05,Fitness/Sports/Outdoors,Multi-functional sports jewellery,,2.41,BBC Two,,,,,William Prophet,0,,,,0,,,,,,,,,,,,,,,,,,,,,,,,,,,,1,,1,1,,,
2,5,TheGeneratingCompany,115,15-Nov-05,20-Dec-05,13-Dec-05,Fitness/Sports/Outdoors,Contemporary circus shows,,2.41,BBC Two,,,,,Paul Cockle,0,160000,40,400000,1,1,1,160000,40,400000,2,80000,20,,,,,80000,20,,,,,80000,20,,,,,,,,1,,1,1,,,
2,5,TORSportsSystems,116,15-Nov-05,20-Dec-05,13-Dec-05,Fitness/Sports/Outdoors,Electronic target practice for football training,,2.41,BBC Two,,,,,Peter Morrison and Sharon Hinds,1,,,,0,,,,,,,,,,,,,,,,,,,,,,,,,,,,1,,1,1,,,
2,5,YouGetItBack,117,15-Nov-05,20-Dec-05,13-Dec-05,Lifestyle/Home,Sticky labels to prevent theft,,2.41,BBC Two,,,,,Frank Hannigan,0,,,,0,,,,,,,,,,,,,,,,,,,,,,,,,,,,1,,1,1,,,
2,6,ElectronicConcierge,118,15-Nov-05,20-Dec-05,20-Dec-05,Electronics,Electronic information pad for hotels,,2.79,BBC Two,,,,,Chily Facher,0,,,,0,,,,,,,,,,,,,,,,,,,,,,,,,,,,1,,1,1,,,
2,6,ExtremeSportsCameras,119,15-Nov-05,20-Dec-05,20-Dec-05,Fitness/Sports/Outdoors,Wireless camera for extreme sports,,2.79,BBC Two,,,,,Daniel Krywyj,0,,,,0,,,,,,,,,,,,,,,,,,,,,,,,,,,,1,,1,1,,,
2,6,ModeAl,120,15-Nov-05,20-Dec-05,20-Dec-05,Lifestyle/Home,Custom furniture to house technology,,2.79,BBC Two,,,,,David Lees,0,225000,50,450000,1,1,0,,,,,,,,,,,,,,,,,,,,,,,,,,1,,1,1,,,
2,6,OxideSkateboards,121,15-Nov-05,20-Dec-05,20-Dec-05,Fitness/Sports/Outdoors,Four wheeled skateboard,,2.79,BBC Two,,,,,Alyn Thomas,0,75000,,,0,,,,,,,,,,,,,,,,,,,,,,,,,,,,1,,1,1,,,
2,6,PersonalTrainer,122,15-Nov-05,20-Dec-05,20-Dec-05,Fitness/Sports/Outdoors,Device recording data from workouts into personal computers,,2.79,BBC Two,,,,,Dave Raewlinson,0,80000,15,533333,0,,,,,,,,,,,,,,,,,,,,,,,,,,,,1,,1,1,,,
2,6,PhoneFreePages,123,15-Nov-05,20-Dec-05,20-Dec-05,Lifestyle/Home,Phone directory for freephone numbers,,2.79,BBC Two,,,,,Carlton Beckford,0,200000,,,0,,,,,,,,,,,,,,,,,,,,,,,,,,,,1,,1,1,,,
2,6,QeeZeePads,124,15-Nov-05,20-Dec-05,20-Dec-05,Green/CleanTech,Disposable sick bags with gel absorbing the waste,,2.79,BBC Two,,,,,Grant Dench and George Payler,1,,,,0,,,,,,,,,,,,,,,,,,,,,,,,,,,,1,,1,1,,,
2,6,RelaxKids,125,15-Nov-05,20-Dec-05,20-Dec-05,Children/Education,Children's fairy tales told as relaxing stories,,2.79,BBC Two,,,,,Marneta Viegas,0,100000,,,0,,,,,,,,,,,,,,,,,,,,,,,,,,,,1,,1,1,,,
2,6,ResIpsaClub,126,15-Nov-05,20-Dec-05,20-Dec-05,Lifestyle/Home,Private members club,,2.79,BBC Two,,,,,Craig Ian McAlpine,0,150000,,,0,,,,,,,,,,,,,,,,,,,,,,,,,,,,1,,1,1,,,
2,6,RespiVest,127,15-Nov-05,20-Dec-05,20-Dec-05,Health/Wellness,Vest aiding breathing muscles,,2.79,BBC Two,,,,,Dr Mike Caine,0,100000,20,500000,0,,,,,,,,,,,,,,,,,,,,,,,,,,,,1,,1,1,,,
2,6,StereoscopicImageSystem,128,15-Nov-05,20-Dec-05,20-Dec-05,Lifestyle/Home,3D images camera,,2.79,BBC Two,,,,,Roger Bennett and Alan Scrace,1,,,,0,,,,,,,,,,,,,,,,,,,,,,,,,,,,1,,1,1,,,
3,1,DesignerDogwear,129,3-Aug-06,21-Sep-06,3-Aug-06,Media/Entertainment,Detailed entertainment styled maps for cities,,2.52,BBC Two,,,,,Traci Curran and Fatima Saifee,1,,,,0,,,,,,,,,,,,,,,,,,,,,,,,,,,,1,1,1,1,,,
3,1,DiscDrive,130,3-Aug-06,21-Sep-06,3-Aug-06,Software/Tech,Software designed to teach drivers,,2.52,BBC Two,,,,,Tina Johnson,0,150000,,,0,,,,,,,,,,,,,,,,,,,,,,,,,,,,1,1,1,1,,,
3,1,EcoriderLtd,131,3-Aug-06,21-Sep-06,3-Aug-06,Fitness/Sports/Outdoors,Bio-diesel quad bike,,2.52,BBC Two,,,,,Manochehr Salek,0,50000,,,0,,,,,,,,,,,,,,,,,,,,,,,,,,,,1,1,1,1,,,
3,1,Eggxactly,132,3-Aug-06,21-Sep-06,3-Aug-06,Lifestyle/Home,Water-free egg cooker,,2.52,BBC Two,,,,,James Seddon,0,75000,40,187500,1,1,0,,,,,,,,,,,,,,,,,,,,,,,,,,1,1,1,1,,,
3,1,HoudiniTheMusical,133,3-Aug-06,21-Sep-06,3-Aug-06,Media/Entertainment,Theatrical musical of the life of Harry Houdini,,2.52,BBC Two,,,,,Jamie Allen and Simon Lee,1,231750,,,0,,,,,,,,,,,,,,,,,,,,,,,,,,,,1,1,1,1,,,
3,1,LeafBooks,134,3-Aug-06,21-Sep-06,3-Aug-06,Lifestyle/Home,Short story books aimed for coffee shops,,2.52,BBC Two,,,,,Cecilia Morreau,0,,,,0,,,,,,,,,,,,,,,,,,,,,,,,,,,,1,1,1,1,,,
3,1,NittyGrittyLtd,135,3-Aug-06,21-Sep-06,3-Aug-06,Media/Entertainment,Detailed entertainment styled maps for cities,,2.52,BBC Two,,,,,Anneliese Pritchard,0,,,,0,,,,,,,,,,,,,,,,,,,,,,,,,,,,1,1,1,1,,,
3,1,NovaFlo,136,3-Aug-06,21-Sep-06,3-Aug-06,Lifestyle/Home,Water-overflow protection device,,2.52,BBC Two,,,,,James Barnham and Ian Sillett,1,150000,10,1500000,1,0,,,,,,,,,,,,,,,,,,,,,,,,,,,1,1,1,1,,,
3,1,StealthTable,137,3-Aug-06,21-Sep-06,3-Aug-06,Media/Entertainment,Multimedia entertainment table top,,2.52,BBC Two,,,,,Nick Nethercott,0,150000,25,600000,0,,,,,,,,,,,,,,,,,,,,,,,,,,,,1,1,1,1,,,
3,1,TablePlanner,138,3-Aug-06,21-Sep-06,3-Aug-06,Fitness/Sports/Outdoors,Football themed table planning service,,2.52,BBC Two,,,,,Mike Daniels,0,,,,0,,,,,,,,,,,,,,,,,,,,,,,,,,,,1,1,1,1,,,
3,1,TotallyDifferent,139,3-Aug-06,21-Sep-06,3-Aug-06,Green/CleanTech,Disposable toilet seat covers,,2.52,BBC Two,,,,,Jacquie Edwards,0,85000,10,850000,0,,,,,,,,,,,,,,,,,,,,,,,,,,,,1,1,1,1,,,
3,2,AlpineCleaning,140,3-Aug-06,21-Sep-06,10-Aug-06,Business Services,Franchised HGV cleaning service,,2.48,BBC Two,,,,,Gary Taylor,0,200000,40,500000,1,1,0,,,,,,,,,,,,,,,,,,,,,,,,,,1,1,1,1,,,
3,2,BellyBusters,141,3-Aug-06,21-Sep-06,10-Aug-06,Children/Education,Board game encouraging children to eat healthy food,,2.48,BBC Two,,,,,Sue Andrews,0,,,,0,,,,,,,,,,,,,,,,,,,,,,,,,,,,1,1,1,1,,,
3,2,EasyXChair,142,3-Aug-06,21-Sep-06,10-Aug-06,Health/Wellness,Sofa chair incorporated with exercise tools,,2.48,BBC Two,,,,,Peter Ashley,0,75000,15,500000,0,,,,,,,,,,,,,,,,,,,,,,,,,,,,1,1,1,1,,,
3,2,EmptyMe,143,3-Aug-06,21-Sep-06,10-Aug-06,Fitness/Sports/Outdoors,Foldable picnic bag and mat,,2.48,BBC Two,,,,,Asli Bohane,0,50000,51,98039,1,0,,,,,,,,,,,,,,,,,,,,,,,,,,,1,1,1,1,,,
3,2,Kardocktor,144,3-Aug-06,21-Sep-06,10-Aug-06,Fitness/Sports/Outdoors,Premium rate helpline for motorists,,2.48,BBC Two,,,,,Lee Wood,0,150000,15,1000000,0,,,,,,,,,,,,,,,,,,,,,,,,,,,,1,1,1,1,,,
3,2,Legato,145,3-Aug-06,21-Sep-06,10-Aug-06,Fashion/Beauty,Wax based hair removal,,2.48,BBC Two,,,,,Susan Ayton,0,150000,,,0,,,,,,,,,,,,,,,,,,,,,,,,,,,,1,1,1,1,,,
3,2,SnipSnap,146,3-Aug-06,21-Sep-06,10-Aug-06,Children/Education,Children's hair-dressing franchise,,2.48,BBC Two,,,,,Marion Burns,0,130000,,,0,,,,,,,,,,,,,,,,,,,,,,,,,,,,1,1,1,1,,,
3,2,SpiderPlatform,147,3-Aug-06,21-Sep-06,10-Aug-06,Business Services,Mobility device for builders accessing heights,,2.48,BBC Two,,,,,Kevin Peter Bray and Colin Wilson,1,,,,0,,,,,,,,,,,,,,,,,,,,,,,,,,,,1,1,1,1,,,
3,2,SteakontheStone,148,3-Aug-06,21-Sep-06,10-Aug-06,Lifestyle/Home,Stone hot-plate for cooking meat,,2.48,BBC Two,,,,,Nick Metcalf,0,,,,0,,,,,,,,,,,,,,,,,,,,,,,,,,,,1,1,1,1,,,
3,2,TheBonks,149,3-Aug-06,21-Sep-06,10-Aug-06,Business Services,Figurines furniture items,,2.48,BBC Two,,,,,Christine Clayton and Pauline Bacon,1,,,,0,,,,,,,,,,,,,,,,,,,,,,,,,,,,1,1,1,1,,,
3,3,Chicurela,150,3-Aug-06,21-Sep-06,17-Aug-06,Fashion/Beauty,High-end salmon skin leather fashion accessories,,2.88,BBC Two,,,,,Laura Chicurel,0,,,,0,,,,,,,,,,,,,,,,,,,,,,,,,,,,1,1,1,1,,,
3,3,CrystalBoots,151,3-Aug-06,21-Sep-06,17-Aug-06,Fashion/Beauty,Wellington boots with interchangeable appearances,,2.88,BBC Two,,,,,Bunny Hargreaves,0,100000,30,333333,0,,,,,,,,,,,,,,,,,,,,,,,,,,,,1,1,1,1,,,
3,3,FirstLightSolutions,152,3-Aug-06,21-Sep-06,17-Aug-06,Business Services,A sonar-based man-overboard detection system,,2.88,BBC Two,,,,,Matthew Hazell,0,100000,30,333333,1,1,1,100000,30,333333,1,100000,30,,,,,,,,,,,,,,,,,100000,30,RichardFarleigh,1,1,1,1,,,1
3,3,Itsa,153,3-Aug-06,21-Sep-06,17-Aug-06,Fitness/Sports/Outdoors,Beach bag extending into a towel,,2.88,BBC Two,,,,,David and Sarah Glashan,1,250000,20,1250000,0,,,,,,,,,,,,,,,,,,,,,,,,,,,,1,1,1,1,,,
3,3,ShadowRobot,154,3-Aug-06,21-Sep-06,17-Aug-06,Green/CleanTech,Robotic hand used by bomb disposal experts,,2.88,BBC Two,,,,,Marc Williams and Richard Walker,1,,,,0,,,,,,,,,,,,,,,,,,,,,,,,,,,,1,1,1,1,,,
3,3,Sleepcatcher,155,3-Aug-06,21-Sep-06,17-Aug-06,Fitness/Sports/Outdoors,Hammock doubling as a tent,,2.88,BBC Two,,,,,Daniel Chipchase,0,75000,,,0,,,,,,,,,,,,,,,,,,,,,,,,,,,,1,1,1,1,,,
3,3,SoftPaws,156,3-Aug-06,21-Sep-06,17-Aug-06,Pet Products,Paw protection for cats,,2.88,BBC Two,,,,,Peter To,0,,,,0,,,,,,,,,,,,,,,,,,,,,,,,,,,,1,1,1,1,,,
3,3,TheKnowledge,157,3-Aug-06,21-Sep-06,17-Aug-06,Business Services,Premium-rate telephone line for navigation in London,,2.88,BBC Two,,,,,Gerard Tomnay,0,150000,30,500000,0,,,,,,,,,,,,,,,,,,,,,,,,,,,,1,1,1,1,,,
3,3,TidyTower,158,3-Aug-06,21-Sep-06,17-Aug-06,Children/Education,Fold away tidying unit for toys,,2.88,BBC Two,,,,,Simon Baldwin,0,100000,,,0,,,,,,,,,,,,,,,,,,,,,,,,,,,,1,1,1,1,,,
3,3,UR-InThePaper,159,3-Aug-06,21-Sep-06,17-Aug-06,Business Services,Personalised tabloid newspaper covers,,2.88,BBC Two,,,,,Rebecca Philipson,0,,,,0,,,,,,,,,,,,,,,,,,,,,,,,,,,,1,1,1,1,,,
3,4,BubbleHouseWormFarming,160,3-Aug-06,21-Sep-06,24-Aug-06,Business Services,Worm breeding farm for fertilising and fish-bait,,3.03,BBC Two,,,,,Shelia Nelson and Nike Finister,1,,,,0,,,,,,,,,,,,,,,,,,,,,,,,,,,,1,1,1,1,,,
3,4,DIYartsystems,161,3-Aug-06,21-Sep-06,24-Aug-06,Business Services,Professional help service for home decorations,,3.03,BBC Two,,,,,Mike Edwards,0,,,,0,,,,,,,,,,,,,,,,,,,,,,,,,,,,1,1,1,1,,,
3,4,FreshFeetShowerMat,162,3-Aug-06,21-Sep-06,24-Aug-06,Lifestyle/Home,Foot cleaning shower mat and gel,,3.03,BBC Two,,,,,Adam Marshall,0,150000,17,882353,0,,,,,,,,,,,,,,,,,,,,,,,,,,,,1,1,1,1,,,
3,4,FVGenerationLTD,163,3-Aug-06,21-Sep-06,24-Aug-06,Lifestyle/Home,Refrigeration tool to preserve freshness of meat and vegetables,,3.03,BBC Two,,,,,Roark McMaster,0,50000,40,125000,0,,,,,,,,,,,,,,,,,,,,,,,,,,,,1,1,1,1,,,
3,4,KickGolf,164,3-Aug-06,21-Sep-06,24-Aug-06,Fitness/Sports/Outdoors,Device for kicking balls into posts circle containers,,3.03,BBC Two,,,,,Tim Nye,0,200000,,,0,,,,,,,,,,,,,,,,,,,,,,,,,,,,1,1,1,1,,,
3,4,MixAlbum,165,3-Aug-06,21-Sep-06,24-Aug-06,Software/Tech,Dance download site with digital mixing software,,3.03,BBC Two,,,,,Ian Chamings,0,150000,40,375000,1,1,1,150000,40,375000,2,75000,20,,,,,,,75000,20,,,75000,20,,,,,,,,1,1,1,1,,,
3,4,PlatinumWines,166,3-Aug-06,21-Sep-06,24-Aug-06,Liquor/Alcohol,Device refreshing corked wines,,3.03,BBC Two,,,,,Dr Peter Myers,0,,,,0,,,,,,,,,,,,,,,,,,,,,,,,,,,,1,1,1,1,,,
3,4,SwirledCandyFloss,167,3-Aug-06,21-Sep-06,24-Aug-06,Food and Beverage,Multi-flavoured candy-flosswa,,3.03,BBC Two,,,,,Elizabeth Light and Michelle Jones,1,,,,0,,,,,,,,,,,,,,,,,,,,,,,,,,,,1,1,1,1,,,
3,4,Yogabugs,168,3-Aug-06,21-Sep-06,24-Aug-06,Children/Education,Children's yoga and mindfulness activity,,3.03,BBC Two,,,,,Fenella Lindsell and Lara Goodbody,1,250000,30,833333,1,0,,,,,,,,,,,,,,,,,,,,,,,,,,,1,1,1,1,,,
3,5,AcaiJuice,169,3-Aug-06,21-Sep-06,31-Aug-06,Food and Beverage,Brazilian fruit-based soft drink,,3.03,BBC Two,,,,,"Shelley Green, Lydia and Annabelle Kerley",1,150000,,,0,,,,,,,,,,,,,,,,,,,,,,,,,,,,1,1,1,1,,,
3,5,Caledonian-MathesonAirways,170,3-Aug-06,21-Sep-06,31-Aug-06,Automotive,Transport & sightseeing via private aeroplane service,,3.03,BBC Two,,,,,Peter Matheson,0,150000,15,1000000,0,,,,,,,,,,,,,,,,,,,,,,,,,,,,1,1,1,1,,,
3,5,CheraxCrayfish,171,3-Aug-06,21-Sep-06,31-Aug-06,Food and Beverage,Live crayfish breeding for caterers and restaurants,,3.03,BBC Two,,,,,Tony Redfearn,0,,,,0,,,,,,,,,,,,,,,,,,,,,,,,,,,,1,1,1,1,,,
3,5,CoachingBall,172,3-Aug-06,21-Sep-06,31-Aug-06,Children/Education,Football with printed illustrations to help children learn to kick,,3.03,BBC Two,,,,,Mark and Wendy Litherland,1,50000,,,0,,,,,,,,,,,,,,,,,,,,,,,,,,,,1,1,1,1,,,
3,5,DrCap,173,3-Aug-06,21-Sep-06,31-Aug-06,Fitness/Sports/Outdoors,Chain of shops selling baseball caps,,3.03,BBC Two,,,,,Richard Lee and Daren Duraidi,1,150000,50,300000,1,1,0,,,,,,,,,,,,,,,,,,,,,,,,,,1,1,1,1,,,
3,5,EasyTank,174,3-Aug-06,21-Sep-06,31-Aug-06,Lifestyle/Home,Portable water storage container,,3.03,BBC Two,,,,,Jim Tucker,0,,,,0,,,,,,,,,,,,,,,,,,,,,,,,,,,,1,1,1,1,,,
3,5,HeritageTables,175,3-Aug-06,21-Sep-06,31-Aug-06,Food and Beverage,"Coffee Tables, Dining Tables and Games Tables",,3.03,BBC Two,,,,,Paul and Tom Simpson,1,100000,,,0,,,,,,,,,,,,,,,,,,,,,,,,,,,,1,1,1,1,,,
3,5,IDScanBiometrics,176,3-Aug-06,21-Sep-06,31-Aug-06,Software/Tech,Identity document scanning and storage,,3.03,BBC Two,,,,,Tamlyn Thompson,0,250000,50,500000,1,0,,,,,,,,,,,,,,,,,,,,,,,,,,,1,1,1,1,,,
3,5,PuckPuzzles,177,3-Aug-06,21-Sep-06,31-Aug-06,Fitness/Sports/Outdoors,3D puzzle board games,,3.03,BBC Two,,,,,Richard Kitching,0,75000,,,0,,,,,,,,,,,,,,,,,,,,,,,,,,,,1,1,1,1,,,
3,5,TwistedMartini,178,3-Aug-06,21-Sep-06,31-Aug-06,Software/Tech,Dating website,,3.03,BBC Two,,,,,April Hutchen,0,80000,25,320000,0,,,,,,,,,,,,,,,,,,,,,,,,,,,,1,1,1,1,,,
3,6,AxisKeyboard,179,3-Aug-06,21-Sep-06,7-Sep-06,Media/Entertainment,Musical instrument designed as axis keyboard,,3.35,BBC Two,,,,,Peter Davis,0,100000,,,0,,,,,,,,,,,,,,,,,,,,,,,,,,,,1,1,1,1,,,
3,6,BabyGrippa,180,3-Aug-06,21-Sep-06,7-Sep-06,Children/Education,Non-latex napkin stopping infants from slipping in seats,,3.35,BBC Two,,,,,Gavin David,0,150000,25,600000,0,,,,,,,,,,,,,,,,,,,,,,,,,,,,1,1,1,1,,,
3,6,CaddyMotion,181,3-Aug-06,21-Sep-06,7-Sep-06,Fitness/Sports/Outdoors,Portable charging device for batteries for golf buggies,,3.35,BBC Two,,,,,John Mooney and Andy O'Reilly,1,250000,50,500000,1,0,,,,,,,,,,,,,,,,,,,,,,,,,,,1,1,1,1,,,
3,6,Eve'olutionSolutions,182,3-Aug-06,21-Sep-06,7-Sep-06,Business Services,Female-only employment agency in construction,,3.35,BBC Two,,,,,Jude Camplin and Chrissie Shaw,1,150000,5,,0,,,,,,,,,,,,,,,,,,,,,,,,,,,,1,1,1,1,,,
3,6,Fraudguard,183,3-Aug-06,21-Sep-06,7-Sep-06,Lifestyle/Home,Pen marking out sensitive information on documents,,3.35,BBC Two,,,,,John Tradewll,0,50000,,,0,,,,,,,,,,,,,,,,,,,,,,,,,,,,1,1,1,1,,,
3,6,GoldenChimes,184,3-Aug-06,21-Sep-06,7-Sep-06,Business Services,Mobile bell-ringing units for religious ceremonies,,3.35,BBC Two,,,,,John Hewitt and Darren Woodyer,1,100000,,,0,,,,,,,,,,,,,,,,,,,,,,,,,,,,1,1,1,1,,,
3,6,NutsPokerLeague,185,3-Aug-06,21-Sep-06,7-Sep-06,Fitness/Sports/Outdoors,Pub-based tournament poker league,,3.35,BBC Two,,,,,Stephen Bellis,0,50000,40,125000,1,1,0,,,,,,,,,,,,,,,,,,,,,,,,,,1,1,1,1,,,
3,6,Polistas,186,3-Aug-06,21-Sep-06,7-Sep-06,Fitness/Sports/Outdoors,Retail outlet for polo shirts,,3.35,BBC Two,,,,,John Moreland-Lynn,0,200000,,,0,,,,,,,,,,,,,,,,,,,,,,,,,,,,1,1,1,1,,,
3,6,ZippityDuvet,187,3-Aug-06,21-Sep-06,7-Sep-06,Lifestyle/Home,Foldable and portable carriage for duvets,,3.35,BBC Two,,,,,Nicola Carter,0,,,,0,,,,,,,,,,,,,,,,,,,,,,,,,,,,1,1,1,1,,,
3,7,Autosafe,188,3-Aug-06,21-Sep-06,14-Sep-06,Automotive,A seat-belt height adjuster,,3.38,BBC Two,,,,,Peter Sesay,0,100000,50,200000,1,1,0,,,,,,,,,,,,,,,,,,,,,,,,,,1,1,1,1,,,
3,7,BingBangBong,189,3-Aug-06,21-Sep-06,14-Sep-06,Fitness/Sports/Outdoors,Design and manufacture of outdoor musical instruments,,3.38,BBC Two,,,,,Paul Marshall,0,,,,0,,,,,,,,,,,,,,,,,,,,,,,,,,,,1,1,1,1,,,
3,7,Crickhitter,190,3-Aug-06,21-Sep-06,14-Sep-06,Fitness/Sports/Outdoors,Teaching aid for cricket,,3.38,BBC Two,,,,,David Daniels,0,170000,20,850000,0,,,,,,,,,,,,,,,,,,,,,,,,,,,,1,1,1,1,,,
3,7,GardenGopher,191,3-Aug-06,21-Sep-06,14-Sep-06,Green/CleanTech,Trolley for gardeners holding tools and waste up to 50lbs,,3.38,BBC Two,,,,,Rachel Price,0,150000,50,300000,1,0,,,,,,,,,,,,,,,,,,,,,,,,,,,1,1,1,1,,,
3,7,Hesketh4x4RazorBlades,192,3-Aug-06,21-Sep-06,14-Sep-06,Lifestyle/Home,Alternating razor blades,,3.38,BBC Two,,,,,Mark Hesketh,0,260000,,,0,,,,,,,,,,,,,,,,,,,,,,,,,,,,1,1,1,1,,,
3,7,JivanaStyle,193,3-Aug-06,21-Sep-06,14-Sep-06,Lifestyle/Home,Asian themed greeting cards,,3.38,BBC Two,,,,,Samantha Alfred,0,,,,0,,,,,,,,,,,,,,,,,,,,,,,,,,,,1,1,1,1,,,
3,7,Pourfect,194,3-Aug-06,21-Sep-06,14-Sep-06,Lifestyle/Home,Liquid container designed to reduce overflow,,3.38,BBC Two,,,,,Jason Bayliffe,0,,,,0,,,,,,,,,,,,,,,,,,,,,,,,,,,,1,1,1,1,,,
3,7,Storycode,195,3-Aug-06,21-Sep-06,14-Sep-06,Software/Tech,Comparison website for paperback recommendations,,3.38,BBC Two,,,,,Stephen Johnston,0,200000,20,1000000,0,,,,,,,,,,,,,,,,,,,,,,,,,,,,1,1,1,1,,,
3,7,TalkingToothTimer,196,3-Aug-06,21-Sep-06,14-Sep-06,Children/Education,Mobile app designed to teach children how to brush their teeth,,3.38,BBC Two,,,,,Sharon Palmer,0,75000,,,0,,,,,,,,,,,,,,,,,,,,,,,,,,,,1,1,1,1,,,
3,8,CoinMetrics,197,3-Aug-06,21-Sep-06,21-Sep-06,Software/Tech,Technology to monitor cash operations for slot machines,,3.9,BBC Two,,,,,Ian Daintith and Richard Adams,1,200000,25,800000,1,1,0,,,,,,,,,,,,,,,,,,,,,,,,,,1,1,1,1,,,
3,8,PiIntheSky,198,3-Aug-06,21-Sep-06,21-Sep-06,Business Services,Advertising via remote controlled air-ships,,3.9,BBC Two,,,,,Tara Dayer-Smith and Howard Letch,1,250000,,,0,,,,,,,,,,,,,,,,,,,,,,,,,,,,1,1,1,1,,,
3,8,Skyrota,199,3-Aug-06,21-Sep-06,21-Sep-06,Business Services,Energy production via wind turbine system,,3.9,BBC Two,,,,,Richard Chadwick,0,160000,5,3200000,0,,,,,,,,,,,,,,,,,,,,,,,,,,,,1,1,1,1,,,
3,8,Smartchartz,200,3-Aug-06,21-Sep-06,21-Sep-06,Children/Education,Picture system to discourage bad behavior in children,,3.9,BBC Two,,,,,Abiola Ajaye-Obe,0,180000,18,1000000,0,,,,,,,,,,,,,,,,,,,,,,,,,,,,1,1,1,1,,,
3,8,Trunki,201,3-Aug-06,21-Sep-06,21-Sep-06,Children/Education,Luggage suitcase for children,,3.9,BBC Two,,,,,Rob Law,0,150000,50,300000,1,0,,,,,,,,,,,,,,,,,,,,,,,,,,,1,1,1,1,,,
4,1,GetYourHeadRoundIt,202,7-Feb-06,21-Mar-07,7-Feb-07,Software/Tech,Online education system using puppeteers as mentors,,3.38,BBC Two,,,,,Steve Wright,0,147000,25,588000,0,,,,,,,,,,,,,,,,,,,,,,,,,,,,1,1,1,1,,,
4,1,Igloo,203,7-Feb-06,21-Mar-07,7-Feb-07,Business Services,Specialist chilled and frozen transport services,,3.38,BBC Two,,,,,Anthony Coates- Smith and Alistair Turner,1,160000,22.5,711111,1,1,1,160000,22.5,711111,2,80000,11.25,,,,,,,,,80000,11.25,,,,,,,80000,11.25,RichardFarleigh,1,1,1,1,,,1
4,1,KucciKukui,204,7-Feb-06,21-Mar-07,7-Feb-07,Health/Wellness,Stress relieving massage service,,3.38,BBC Two,,,,,Dr Gili Kucci,0,100000,20,500000,0,,,,,,,,,,,,,,,,,,,,,,,,,,,,1,1,1,1,,,
4,1,Miniwebs,205,7-Feb-06,21-Mar-07,7-Feb-07,Software/Tech,CD-Rom gift package for setting up a website,,3.38,BBC Two,,,,,Sarah Tierney and Sarah Jackson,1,150000,,,0,,,,,,,,,,,,,,,,,,,,,,,,,,,,1,1,1,1,,,
4,1,OllyPops,206,7-Feb-06,21-Mar-07,7-Feb-07,Fitness/Sports/Outdoors,Towel designed to train basics of surfing,,3.38,BBC Two,,,,,Olly Dallish,0,50000,,,0,,,,,,,,,,,,,,,,,,,,,,,,,,,,1,1,1,1,,,
4,1,ReggaeReggaeSauce,207,7-Feb-06,21-Mar-07,7-Feb-07,Food and Beverage,Spicy BBQ sauce,,3.38,BBC Two,,,,,Levi Roots,0,50000,40,125000,1,1,1,50000,40,125000,2,25000,20,,,,,25000,20,,,,,,,,,,,25000,20,RichardFarleigh,1,1,1,1,,,1
4,1,SafetyInHand,208,7-Feb-06,21-Mar-07,7-Feb-07,Automotive,Glove to remind which side of the road to drive on,,3.38,BBC Two,,,,,Mike Carr,0,100000,,,0,,,,,,,,,,,,,,,,,,,,,,,,,,,,1,1,1,1,,,
4,1,SmartSlice,209,7-Feb-06,21-Mar-07,7-Feb-07,Liquor/Alcohol,Bar mounted lemon slicer,,3.38,BBC Two,,,,,Tim Jones,0,70000,,,0,,,,,,,,,,,,,,,,,,,,,,,,,,,,1,1,1,1,,,
4,1,WoolieWarmer,210,7-Feb-06,21-Mar-07,7-Feb-07,Children/Education,Warming system for new born lambs,,3.38,BBC Two,,,,,Sally Howe,0,30000,,,0,,,,,,,,,,,,,,,,,,,,,,,,,,,,1,1,1,1,,,
4,2,EnergySavingKettle,211,7-Feb-06,21-Mar-07,14-Feb-07,Lifestyle/Home,Kettle designed to prevent overflowing,,3.16,BBC Two,,,,,Andrew Blee,0,150000,,,0,,,,,,,,,,,,,,,,,,,,,,,,,,,,1,1,1,1,,,
4,2,FoamDynamics,212,7-Feb-06,21-Mar-07,14-Feb-07,Children/Education,"Dragon themed children's toys, books and DVDs",,3.16,BBC Two,,,,,Chrissi Hewitt-Jones,0,200000,20,1000000,0,,,,,,,,,,,,,,,,,,,,,,,,,,,,1,1,1,1,,,
4,2,iTeddy,213,7-Feb-06,21-Mar-07,14-Feb-07,Business Services,Classic teddy bear with integrated media technology,,3.16,BBC Two,,,,,Imran Hakim,0,140000,40,350000,1,1,1,140000,40,350000,2,70000,20,,,,,70000,20,,,,,70000,20,,,,,,,,1,1,1,1,,,
4,2,LingsCars,214,7-Feb-06,21-Mar-07,14-Feb-07,Software/Tech,Website for car rentals,,3.16,BBC Two,,,,,Ling Valentine,0,50000,30,166667,1,0,,,,,,,,,,,,,,,,,,,,,,,,,,,1,1,1,1,,,
4,2,OrthoticGroupGait,215,7-Feb-06,21-Mar-07,14-Feb-07,Health/Wellness,Orthopedic treatment for feet,,3.16,BBC Two,,,,,David Cosgrave and Travis McDonough,1,75000,15,500000,0,,,,,,,,,,,,,,,,,,,,,,,,,,,,1,1,1,1,,,
4,2,SendAKiss,216,7-Feb-06,21-Mar-07,14-Feb-07,Lifestyle/Home,Kiss casting gift service,,3.16,BBC Two,,,,,Kate and Jerry Daly,1,80000,20,400000,0,,,,,,,,,,,,,,,,,,,,,,,,,,,,1,1,1,1,,,
4,2,SpiderGrabRake,217,7-Feb-06,21-Mar-07,14-Feb-07,Fitness/Sports/Outdoors,Garden rake with multiple grips,,3.16,BBC Two,,,,,John Darlington,0,100000,,,0,,,,,,,,,,,,,,,,,,,,,,,,,,,,1,1,1,1,,,
4,2,TapanyakiGrill,218,7-Feb-06,21-Mar-07,14-Feb-07,Food and Beverage,Japanese style alternative to grills,,3.16,BBC Two,,,,,Paul Hope and Michael Smith,1,175000,,,0,,,,,,,,,,,,,,,,,,,,,,,,,,,,1,1,1,1,,,
4,2,VarsityWrestling,219,7-Feb-06,21-Mar-07,14-Feb-07,Fitness/Sports/Outdoors,Wrestling training academy,,3.16,BBC Two,,,,,Tom Jones,0,100000,,,0,,,,,,,,,,,,,,,,,,,,,,,,,,,,1,1,1,1,,,
4,3,FireEscapesLtd,220,7-Feb-06,21-Mar-07,21-Feb-07,Lifestyle/Home,Drain-pipe fitting with emergency use ladder,,3.69,BBC Two,,,,,Reggie Donnell,0,200000,,,0,,,,,,,,,,,,,,,,,,,,,,,,,,,,1,1,1,1,,,
4,3,GoodbyeMyPet,221,7-Feb-06,21-Mar-07,21-Feb-07,Pet Products,Burial packaging for pets,,3.69,BBC Two,,,,,Debbie Orme,0,50000,,,0,,,,,,,,,,,,,,,,,,,,,,,,,,,,1,1,1,1,,,
4,3,MedDeTourLtd,222,7-Feb-06,21-Mar-07,21-Feb-07,Health/Wellness,Medical service for tourists,,3.69,BBC Two,,,,,Prem Singh,0,150000,,,0,,,,,,,,,,,,,,,,,,,,,,,,,,,,1,1,1,1,,,
4,3,Phoneybox,223,7-Feb-06,21-Mar-07,21-Feb-07,Lifestyle/Home,Wooden replica of red telephone boxes for multi-purpose,,3.69,BBC Two,,,,,Andrew Peters,0,100000,,,0,,,,,,,,,,,,,,,,,,,,,,,,,,,,1,1,1,1,,,
4,3,RazzamatazTheatreSchools,224,7-Feb-06,21-Mar-07,21-Feb-07,Children/Education,"A chain of dance, drama and singing schools for children",,3.69,BBC Two,,,,,Denise Hutton,0,50000,25,200000,1,1,1,50000,25,200000,1,50000,25,,,,,,,,,50000,25,,,,,,,,,,1,1,1,1,,,
4,3,Rotamate,225,7-Feb-06,21-Mar-07,21-Feb-07,Lifestyle/Home,A clothes airer that protects washing from the rain,,3.69,BBC Two,,,,,Roger Hind,0,85000,40,212500,1,1,0,,,,,,,,,,,,,,,,,,,,,,,,,,1,1,1,1,,,
4,3,Steplock,226,7-Feb-06,21-Mar-07,21-Feb-07,Lifestyle/Home,Door-bolting security lock,,3.69,BBC Two,,,,,Ian Softley,0,200000,40,500000,0,,,,,,,,,,,,,,,,,,,,,,,,,,,,1,1,1,1,,,
4,3,TangoGroup,227,7-Feb-06,21-Mar-07,21-Feb-07,Lifestyle/Home,Water fuelled battery cells,,3.69,BBC Two,,,,,Vivian Blick,0,200000,5,4000000,0,,,,,,,,,,,,,,,,,,,,,,,,,,,,1,1,1,1,,,
4,3,TeddyTennis,228,7-Feb-06,21-Mar-07,21-Feb-07,Children/Education,Tennis training academy for children,,3.69,BBC Two,,,,,Richard and Steven Bean,1,80000,,,0,,,,,,,,,,,,,,,,,,,,,,,,,,,,1,1,1,1,,,
4,4,AppliedLanguageSolutions,229,7-Feb-06,21-Mar-07,28-Feb-07,Software/Tech,Online language translation for websites,,3.42,BBC Two,,,,,Gavin Wheeldon,0,250000,4,6250000,0,,,,,,,,,,,,,,,,,,,,,,,,,,,,1,1,1,1,,,
4,4,AquaMum,230,7-Feb-06,21-Mar-07,28-Feb-07,Fashion/Beauty,Swimwear for pregnant women,,3.42,BBC Two,,,,,Sandra-Johnson Murphy,0,70000,,,0,,,,,,,,,,,,,,,,,,,,,,,,,,,,1,1,1,1,,,
4,4,CUProducts,231,7-Feb-06,21-Mar-07,28-Feb-07,Health/Wellness,Night-vision safety wear,,3.42,BBC Two,,,,,Jack McGenily,0,75000,,,0,,,,,,,,,,,,,,,,,,,,,,,,,,,,1,1,1,1,,,
4,4,Foldio,232,7-Feb-06,21-Mar-07,28-Feb-07,Lifestyle/Home,Stationery folder that halves size of paper without creasing,,3.42,BBC Two,,,,,Christian Lane,0,80000,35,228571,1,1,1,80000,35,228571,1,80000,35,,,,,,,,,,,80000,35,,,,,,,,1,1,1,1,,,
4,4,FootDeodoriser,233,7-Feb-06,21-Mar-07,28-Feb-07,Health/Wellness,Sanitiser that kills bacteria within shoes,,3.42,BBC Two,,,,,Casey Jones,0,100000,50,200000,1,1,0,,,,,,,,,,,,,,,,,,,,,,,,,,1,1,1,1,,,
4,4,HorseMirrors,234,7-Feb-06,21-Mar-07,28-Feb-07,Fitness/Sports/Outdoors,Portable mirror for horse riders,,3.42,BBC Two,,,,,Meru Ullah and Peter Wikes,1,,,,0,,,,,,,,,,,,,,,,,,,,,,,,,,,,1,1,1,1,,,
4,4,IntelligentGolfTrolley,235,7-Feb-06,21-Mar-07,28-Feb-07,Fitness/Sports/Outdoors,Remote controlled golf trolley,,3.42,BBC Two,,,,,Mike Catling,0,,,,0,,,,,,,,,,,,,,,,,,,,,,,,,,,,1,1,1,1,,,
4,4,JetSleeper,236,7-Feb-06,21-Mar-07,28-Feb-07,Fitness/Sports/Outdoors,Pillow range for travellers on planes,,3.42,BBC Two,,,,,Tim Williams,0,175000,,,0,,,,,,,,,,,,,,,,,,,,,,,,,,,,1,1,1,1,,,
4,4,MummyMitts,237,7-Feb-06,21-Mar-07,28-Feb-07,Lifestyle/Home,Gloves designed to stay attached to the prams and pushchairs,,3.42,BBC Two,,,,,Anna Dickson,0,40000,20,200000,0,,,,,,,,,,,,,,,,,,,,,,,,,,,,1,1,1,1,,,
4,4,TidyKleen,238,7-Feb-06,21-Mar-07,28-Feb-07,Lifestyle/Home,Bin storage for used and damaged clothing,,3.42,BBC Two,,,,,Jon Wickham and Paul Haigh,1,,,,0,,,,,,,,,,,,,,,,,,,,,,,,,,,,1,1,1,1,,,
4,5,BellaVitaInternational,239,7-Feb-06,21-Mar-07,7-Mar-07,Fashion/Beauty,Permanent hair removal device,,3.53,BBC Two,,,,,Karen Johnson,0,100000,,,0,,,,,,,,,,,,,,,,,,,,,,,,,,,,1,1,1,1,,,
4,5,Doculock,240,7-Feb-06,21-Mar-07,7-Mar-07,Uncertain/Other,Security system for paper documents in folders,,3.53,BBC Two,,,,,Alison Davies,0,100000,,,0,,,,,,,,,,,,,,,,,,,,,,,,,,,,1,1,1,1,,,
4,5,EDVVideos,241,7-Feb-06,21-Mar-07,7-Mar-07,Business Services,Video production service turning home videos into biopics,,3.53,BBC Two,,,,,Richard Williamson,0,250000,25,1000000,1,0,,,,,,,,,,,,,,,,,,,,,,,,,,,1,1,1,1,,,
4,5,FruityFaces,242,7-Feb-06,21-Mar-07,7-Mar-07,Children/Education,Inflatable fruit packages for children,,3.53,BBC Two,,,,,Paige Allen and Roberth Taberna,1,125000,5,2500000,0,,,,,,,,,,,,,,,,,,,,,,,,,,,,1,1,1,1,,,
4,5,JVBFingerPlacements,243,7-Feb-06,21-Mar-07,7-Mar-07,Health/Wellness,Violin finger print aid for learners,,3.53,BBC Two,,,,,John Binks,0,50000,,,0,,,,,,,,,,,,,,,,,,,,,,,,,,,,1,1,1,1,,,
4,5,Mansized,244,7-Feb-06,21-Mar-07,7-Mar-07,Health/Wellness,Web based men's health magazine,,3.53,BBC Two,,,,,Will Callaghan,0,,,,0,,,,,,,,,,,,,,,,,,,,,,,,,,,,1,1,1,1,,,
4,5,Safe-T-First,245,7-Feb-06,21-Mar-07,7-Mar-07,Fitness/Sports/Outdoors,Emergency light,,3.53,BBC Two,,,,,Chris Haines,0,95000,30,316667,1,1,0,,,,,,,,,,,,,,,,,,,,,,,,,,1,1,1,1,,,
4,5,ScentsofTime,246,7-Feb-06,21-Mar-07,7-Mar-07,Fashion/Beauty,Perfumes from historical times which are re-created for today,,3.53,BBC Two,,,,,David Pybus,0,80000,40,200000,1,1,1,80000,40,200000,2,40000,20,,,,,40000,20,,,,,40000,20,,,,,,,,1,1,1,1,,,
4,5,Verballs,247,7-Feb-06,21-Mar-07,7-Mar-07,Lifestyle/Home,Novelty phones for internet phone calls,,3.53,BBC Two,,,,,Richard Council,0,50000,,,0,,,,,,,,,,,,,,,,,,,,,,,,,,,,1,1,1,1,,,
4,6,Halo,248,7-Feb-06,21-Mar-07,21-Mar-07,Food and Beverage,Re-usable bottle cap preventing drink spiking,,3.56,BBC Two,,,,,Matthew Brown,0,60000,,,0,,,,,,,,,,,,,,,,,,,,,,,,,,,,1,1,1,1,,,
4,6,InvisibleCoach,249,7-Feb-06,21-Mar-07,21-Mar-07,Software/Tech,Life-style coaching web based service,,3.56,BBC Two,,,,,Myra Ostacchini,0,60000,30,200000,0,,,,,,,,,,,,,,,,,,,,,,,,,,,,1,1,1,1,,,
4,6,IsisAdventureSeries,250,7-Feb-06,21-Mar-07,21-Mar-07,Media/Entertainment,Adult adventure puzzles and treasure hunts leading to cash rewards,,3.56,BBC Two,,,,,Andrew Reeves and Dave Thomas,1,200000,50,400000,1,0,,,,,,,,,,,,,,,,,,,,,,,,,,,1,1,1,1,,,
4,6,StandbySaver,251,7-Feb-06,21-Mar-07,21-Mar-07,Electronics,Device that cuts off electric current to home appliances on stand-by,,3.56,BBC Two,,,,,Peter Ensinger and David Baker,1,100000,50,200000,1,1,0,,,,,,,,,,,,,,,,,,,,,,,,,,1,1,1,1,,,
4,6,SuaveMagazine,252,7-Feb-06,21-Mar-07,21-Mar-07,Lifestyle/Home,Business and lifestyle magazine for ethnic people,,3.56,BBC Two,,,,,Kunle Abidakun and Keynes Emeruwa,1,100000,,,0,,,,,,,,,,,,,,,,,,,,,,,,,,,,1,1,1,1,,,
4,6,Tilemate,253,7-Feb-06,21-Mar-07,21-Mar-07,Lifestyle/Home,Quick-spreading adhesive gun attached to a tank,,3.56,BBC Two,,,,,Stuart Saunders,0,230000,,,0,,,,,,,,,,,,,,,,,,,,,,,,,,,,1,1,1,1,,,
5,1,DoubleDates,254,15-Oct-07,25-Dec-07,15-Oct-07,Software/Tech,Online double-dating app,,3.22,BBC Two,Male,Medium,,,Andy Harmer,0,100000,25,400000,0,,,,,,,,,,,,,,,,,,,,,,,,,,,,1,1,1,1,,,
5,1,Thydrys,255,15-Oct-07,25-Dec-07,15-Oct-07,Lifestyle/Home,Strap-on water-proofs for bike and horse riders,,3.22,BBC Two,Female,Medium,,,Sharon Merritt,0,81000,,,0,,,,,,,,,,,,,,,,,,,,,,,,,,,,1,1,1,1,,,
5,1,BeachBreakLive,256,15-Oct-07,25-Dec-07,15-Oct-07,Business Services,Events company,,3.22,BBC Two,Mixed Team,Medium,,,Celia Norowzian and Ian Forshew,1,50000,10,500000,1,1,0,,,,,,,,,,,,,,,,,,,,,,,,,,1,1,1,1,,,
5,1,Furriballs,257,15-Oct-07,25-Dec-07,15-Oct-07,Fitness/Sports/Outdoors,Fur based exercise and birth Swiss balls,,3.22,BBC Two,Male,Medium,,,Robert Berge,0,70000,20,350000,0,,,,,,,,,,,,,,,,,,,,,,,,,,,,1,1,1,1,,,
5,1,Cowley'sFineFoods,258,15-Oct-07,25-Dec-07,15-Oct-07,Food and Beverage,Meat and vegetarian jerkies and fruits,,3.22,BBC Two,Couple,Medium,,,Martin and Susan Cowley,1,100000,30,333333,0,,,,,,,,,,,,,,,,,,,,,,,,,,,,1,1,1,1,,,
5,1,NobbyTravels,259,15-Oct-07,25-Dec-07,15-Oct-07,Children/Education,Children's books depicting the adventures of a globe-trotting dog,,3.22,BBC Two,Male,Medium,,,Darren Spence,0,150000,,,0,,,,,,,,,,,,,,,,,,,,,,,,,,,,1,1,1,1,,,
5,1,SoapPods,260,15-Oct-07,25-Dec-07,15-Oct-07,Lifestyle/Home,Soap created from soap nuts in China,,3.22,BBC Two,Female,Medium,London,,Penny Morgan,0,150000,15,1000000,0,,,,,,,,,,,,,,,,,,,,,,,,,,,,1,1,1,1,,,
5,1,TuctucLtd,261,15-Oct-07,25-Dec-07,15-Oct-07,Business Services,Auto rickshaw tourist travel for London and Brighton,,3.22,BBC Two,Male,Medium,Brighton,,Dominic Ponniah,0,115000,,,0,,,,,,,,,,,,,,,,,,,,,,,,,,,,1,1,1,1,,,
5,1,Goldgenie,262,15-Oct-07,25-Dec-07,15-Oct-07,Lifestyle/Home,Mobile gold plating service,,3.22,BBC Two,Male,Medium,,,Laban Roomes,0,60000,20,300000,1,1,1,60000,40,150000,1,60000,40,,,,,,,,,,,,,,,,,60000,40,JamesCaan,1,1,1,1,,,1
5,1,DateswithMates,263,15-Oct-07,25-Dec-07,15-Oct-07,Software/Tech,Match-making dating website,,3.22,BBC Two,,,,,David Cohen and Teddy Leifer,1,100000,20,500000,0,,,,,,,,,,,,,,,,,,,,,,,,,,,,1,1,1,1,,,
5,2,Cavemen'sBatGuano,264,15-Oct-07,25-Dec-07,22-Oct-07,Green/CleanTech,"Organic fertilizer for plants, garden and vegetables",,2.89,BBC Two,,,,,Micheal Whitam,0,50000,,,0,,,,,,,,,,,,,,,,,,,,,,,,,,,,1,1,1,1,,,
5,2,GamingAlerts,265,15-Oct-07,25-Dec-07,22-Oct-07,Software/Tech,Gaming referral website,,2.89,BBC Two,,,,,Emmie Matthews and Ed Stevens,1,200000,30,666667,1,1,1,200000,30,666667,1,200000,30,,,,,,,,,,,200000,30,,,,,,,,1,1,1,1,,,
5,2,iBox,266,15-Oct-07,25-Dec-07,22-Oct-07,Lifestyle/Home,Foldaway ironing board with a cabinet,,2.89,BBC Two,,,,,Masuma Fatima,0,50000,,,0,,,,,,,,,,,,,,,,,,,,,,,,,,,,1,1,1,1,,,
5,2,Kebabacue,267,15-Oct-07,25-Dec-07,22-Oct-07,Food and Beverage,Aid for adding ingredients to a kebab skew,,2.89,BBC Two,,,,,Philip Metcalfe,0,100000,,,0,,,,,,,,,,,,,,,,,,,,,,,,,,,,1,1,1,1,,,
5,2,OnTarget,268,15-Oct-07,25-Dec-07,22-Oct-07,Children/Education,Toilet training aids for infants,,2.89,BBC Two,,,,,Chris Lomas,0,200000,20,1000000,0,,,,,,,,,,,,,,,,,,,,,,,,,,,,1,1,1,1,,,
5,2,SpotOnGolf,269,15-Oct-07,25-Dec-07,22-Oct-07,Fitness/Sports/Outdoors,Golf training accessories,,2.89,BBC Two,,,,,Les Laing,0,200000,15,1333333,0,,,,,,,,,,,,,,,,,,,,,,,,,,,,1,1,1,1,,,
5,2,SwankyorSpanky,270,15-Oct-07,25-Dec-07,22-Oct-07,Food and Beverage,Devices preventing drink spiking and underwear storage for condoms,,2.89,BBC Two,,,,,Dawn Dines,0,100000,,,0,,,,,,,,,,,,,,,,,,,,,,,,,,,,1,1,1,1,,,
5,2,SweetCounter,271,15-Oct-07,25-Dec-07,22-Oct-07,Children/Education,Teaching aid for children learning how to count,,2.89,BBC Two,,,,,Chris Mayo,0,100000,10,1000000,0,,,,,,,,,,,,,,,,,,,,,,,,,,,,1,1,1,1,,,
5,2,youdoodoll,272,15-Oct-07,25-Dec-07,22-Oct-07,Children/Education,Personalisable doll,,2.89,BBC Two,,,,,Sarah Lu,0,35000,45,77778,1,1,1,35000,45,77778,1,35000,45,,,,,,,35000,45,,,,,,,,,,,,1,1,1,1,,,
5,3,ConcentrateDesign,273,15-Oct-07,25-Dec-07,29-Oct-07,Children/Education,Products that help children at school,,3.29,BBC Two,,,,,Mark Champkins,0,100000,40,250000,1,1,1,100000,40,250000,1,100000,40,,,,,100000,40,,,,,,,,,,,,,,1,1,1,1,,,
5,3,Cuddledry,274,15-Oct-07,25-Dec-07,29-Oct-07,Children/Education,Hooded towel aid for bathing babies,,3.29,BBC Two,,,,,Helen Wooldridge and Polly Marsh,1,100000,45,222222,1,0,,,,,,,,,,,,,,,,,,,,,,,,,,,1,1,1,1,,,
5,3,E.D.I.TInternational,275,15-Oct-07,25-Dec-07,29-Oct-07,Lifestyle/Home,Digital information tag for luggage,,3.29,BBC Two,,,,,Mark Wood,0,100000,,,0,,,,,,,,,,,,,,,,,,,,,,,,,,,,1,1,1,1,,,
5,3,GiftCardConverter,276,15-Oct-07,25-Dec-07,29-Oct-07,Software/Tech,Website exchanging/purchasing gift cards,,3.29,BBC Two,,,,,Allan Brown and Simon Jamieson,1,80000,15,533333,0,,,,,,,,,,,,,,,,,,,,,,,,,,,,1,1,1,1,,,
5,3,PeachesofLondon,277,15-Oct-07,25-Dec-07,29-Oct-07,Uncertain/Other,Air popping aid for underwear,,3.29,BBC Two,,,,,Dina Parbat,0,80000,12,666667,0,,,,,,,,,,,,,,,,,,,,,,,,,,,,1,1,1,1,,,
5,3,RnBNurseryRhymes,278,15-Oct-07,25-Dec-07,29-Oct-07,Children/Education,Nursery rhymes with R'n'B backing music,,3.29,BBC Two,,,,,Eddie Anderson,0,30000,,,0,,,,,,,,,,,,,,,,,,,,,,,,,,,,1,1,1,1,,,
5,3,Shuc,279,15-Oct-07,25-Dec-07,29-Oct-07,Lifestyle/Home,Portable shower head holder,,3.29,BBC Two,,,,,Jill Parkinson,0,120000,18,666667,0,,,,,,,,,,,,,,,,,,,,,,,,,,,,1,1,1,1,,,
5,3,TangleTeezer,280,15-Oct-07,25-Dec-07,29-Oct-07,Lifestyle/Home,"Detangling, blow-drying and styling hairbrushes",,3.29,BBC Two,,,,,Shaun Pulfrey,0,50000,25,200000,0,,,,,,,,,,,,,,,,,,,,,,,,,,,,1,1,1,1,,,
5,3,TheHotStove,281,15-Oct-07,25-Dec-07,29-Oct-07,Food and Beverage,British food takeaway service,,3.29,BBC Two,,,,,Al Brown and John Fornam,1,170000,,,0,,,,,,,,,,,,,,,,,,,,,,,,,,,,1,1,1,1,,,
5,3,WheelieSprayLiquidDispenser,282,15-Oct-07,25-Dec-07,29-Oct-07,Lifestyle/Home,Odour and bacteria control deodorizer for wheelie bins,,3.29,BBC Two,,,,,Steve Boyce and Paul Chisolme,1,55000,,,0,,,,,,,,,,,,,,,,,,,,,,,,,,,,1,1,1,1,,,
5,4,AngelHeart,283,15-Oct-07,25-Dec-07,5-Nov-07,Children/Education,Children's themed light switches,,3.56,BBC Two,,,,,Georgina Bingham,0,150000,,,0,,,,,,,,,,,,,,,,,,,,,,,,,,,,1,1,1,1,,,
5,4,Aquanought,284,15-Oct-07,25-Dec-07,5-Nov-07,Automotive,Waterless car washing service,,3.56,BBC Two,,,,,Shakil Mussa and Leon Hamlet,1,150000,15,1000000,0,,,,,,,,,,,,,,,,,,,,,,,,,,,,1,1,1,1,,,
5,4,BoxTidy,285,15-Oct-07,25-Dec-07,5-Nov-07,Lifestyle/Home,Car storage for grocery shopping,,3.56,BBC Two,,,,,Vince Castiglia,0,150000,,,0,,,,,,,,,,,,,,,,,,,,,,,,,,,,1,1,1,1,,,
5,4,Cush'n'Shade,286,15-Oct-07,25-Dec-07,5-Nov-07,Fitness/Sports/Outdoors,A fold-away screen that acts as a cushion and sun shade,,3.56,BBC Two,,,,,Jamie Jenkinson,0,100000,40,250000,1,1,0,,,,,,,,,,,,,,,,,,,,,,,,,,1,1,1,1,,,
5,4,DanceOfTheGoblins,287,15-Oct-07,25-Dec-07,5-Nov-07,Media/Entertainment,Fantasy film based on the book by Jaq D. Hawkins,,3.56,BBC Two,,,,,Denise Channing,0,175000,15,1166667,0,,,,,,,,,,,,,,,,,,,,,,,,,,,,1,1,1,1,,,
5,4,Moo-Vit,288,15-Oct-07,25-Dec-07,5-Nov-07,Food and Beverage,Fruit flavoured milk smoothies,,3.56,BBC Two,,,,,John Nairn,0,160000,,,0,,,,,,,,,,,,,,,,,,,,,,,,,,,,1,1,1,1,,,
5,4,Reestore,289,15-Oct-07,25-Dec-07,5-Nov-07,Green/CleanTech,Functional pieces of furniture from waste objects,,3.56,BBC Two,,,,,Max McMurdo,0,50000,30,166667,1,1,1,50000,30,166667,2,25000,15,,,,,,,25000,15,,,25000,15,,,,,,,,1,1,1,1,,,
5,4,TeachMix,290,15-Oct-07,25-Dec-07,5-Nov-07,Lifestyle/Home,DJ and mixing teaching aid,,3.56,BBC Two,,,,,Dominic Gleeson,0,75000,,,0,,,,,,,,,,,,,,,,,,,,,,,,,,,,1,1,1,1,,,
5,4,TipsyFeet,291,15-Oct-07,25-Dec-07,5-Nov-07,Lifestyle/Home,Slippers storage bag designed to relieve heel pain,,3.56,BBC Two,,,,,Helen Jones and Sancha Hopkins,1,60000,,,0,,,,,,,,,,,,,,,,,,,,,,,,,,,,1,1,1,1,,,
5,5,BamZ,292,15-Oct-07,25-Dec-07,19-Nov-07,Children/Education,Interactive insoles for children's shoes,,3.31,BBC Two,,,,,Andrew Brodie,0,50000,,,0,,,,,,,,,,,,,,,,,,,,,,,,,,,,1,1,1,1,,,
5,5,CreamCutie,293,15-Oct-07,25-Dec-07,19-Nov-07,Liquor/Alcohol,Wine based chocolate orange cream liqueur,,3.31,BBC Two,,,,,Anne Hempstock,0,150000,20,750000,0,,,,,,,,,,,,,,,,,,,,,,,,,,,,1,1,1,1,,,
5,5,Floataway,294,15-Oct-07,25-Dec-07,19-Nov-07,Children/Education,Floatation therapy tanks,,3.31,BBC Two,,,,,Virginia and Colin Stanwell-Smith,1,180000,,,0,,,,,,,,,,,,,,,,,,,,,,,,,,,,1,1,1,1,,,
5,5,Goalband,295,15-Oct-07,25-Dec-07,19-Nov-07,Fitness/Sports/Outdoors,Silicon coated headband aid for training footballers on heading,,3.31,BBC Two,,,,,Vaughan Lovelock and Greg Rank,1,100000,20,500000,0,,,,,,,,,,,,,,,,,,,,,,,,,,,,1,1,1,1,,,
5,5,HungryHouse,296,15-Oct-07,25-Dec-07,19-Nov-07,Food and Beverage,An online takeaway ordering service,,3.31,BBC Two,,,,,Shane Lake and Tony Charles,1,100000,50,200000,1,1,0,,,,,,,,,,,,,,,,,,,,,,,,,,1,1,1,1,,,
5,5,RadiatorConvectors,297,15-Oct-07,25-Dec-07,19-Nov-07,Uncertain/Other,Energy saving device connected to radiators,,3.31,BBC Two,,,,,David Hatdon,0,60000,,,0,,,,,,,,,,,,,,,,,,,,,,,,,,,,1,1,1,1,,,
5,5,TwinPeakedHats,298,15-Oct-07,25-Dec-07,19-Nov-07,Fitness/Sports/Outdoors,Golfing hats designed to block various distraction,,3.31,BBC Two,,,,,Camilla Frederick,0,100000,,,0,,,,,,,,,,,,,,,,,,,,,,,,,,,,1,1,1,1,,,
5,5,VirtualPuppet,299,15-Oct-07,25-Dec-07,19-Nov-07,Media/Entertainment,Virtual character human controlled via interactive systems,,3.31,BBC Two,,,,,David Field and Ali Kord,1,200000,30,666667,0,,,,,,,,,,,,,,,,,,,,,,,,,,,,1,1,1,1,,,
5,5,WaterBuoy,300,15-Oct-07,25-Dec-07,19-Nov-07,Uncertain/Other,A device to rescue items that have been lost overboard,,3.31,BBC Two,,,,,James Halliburton,0,200000,25,800000,1,1,0,,,,,,,,,,,,,,,,,,,,,,,,,,1,1,1,1,,,
5,6,BacktotheMovies,301,15-Oct-07,25-Dec-07,26-Nov-07,Media/Entertainment,Performance shows based on movie soundtracks,,2.66,BBC Two,,,,,Sid Sims,0,50000,25,200000,0,,,,,,,,,,,,,,,,,,,,,,,,,,,,1,1,1,1,,,
5,6,CaribbeanReadyMeals,302,15-Oct-07,25-Dec-07,26-Nov-07,Food and Beverage,Caribbean ready meals made using genuine Jamaican and Trinidadian recipes,,2.66,BBC Two,,,,,Mark and Eleanor Davis,1,100000,50,200000,1,1,1,100000,50,200000,2,50000,25,,,,,,,,,50000,25,,,,,,,50000,25,JamesCaan,1,1,1,1,,,1
5,6,Dig'n'Drive,303,15-Oct-07,25-Dec-07,26-Nov-07,Children/Education,Coin operating mini-ride for children,,2.66,BBC Two,,,,,Jonathan Hewitt,0,75000,,,0,,,,,,,,,,,,,,,,,,,,,,,,,,,,1,1,1,1,,,
5,6,Lemongold,304,15-Oct-07,25-Dec-07,26-Nov-07,Food and Beverage,Gourmet home party events organiser,,2.66,BBC Two,,,,,Ruby Spolia and Amita Simons,1,80000,,,0,,,,,,,,,,,,,,,,,,,,,,,,,,,,1,1,1,1,,,
5,6,PremierCorporateTraining,305,15-Oct-07,25-Dec-07,26-Nov-07,Fitness/Sports/Outdoors,Extreme physical training methods,,2.66,BBC Two,,,,,Bruce Durham,0,170000,,,0,,,,,,,,,,,,,,,,,,,,,,,,,,,,1,1,1,1,,,
5,6,Puk,306,15-Oct-07,25-Dec-07,26-Nov-07,Health/Wellness,Wrist-aid for keyboard users,,2.66,BBC Two,,,,,Paul Allen and Leo Carlile,1,75000,,,0,,,,,,,,,,,,,,,,,,,,,,,,,,,,1,1,1,1,,,
5,6,SteriSpray,307,15-Oct-07,25-Dec-07,26-Nov-07,Fashion/Beauty,UV Sterilising system for shower heads,,2.66,BBC Two,,,,,Ian Helmore,0,145000,40,362500,1,1,1,145000,40,362500,2,72500,20,,,,,,,72500,20,,,72500,20,,,,,,,,1,1,1,1,,,
5,6,SwampSoccer,308,15-Oct-07,25-Dec-07,26-Nov-07,Fitness/Sports/Outdoors,Six-a-side football played on a pitch made from mud,,2.66,BBC Two,,,,,Stewart Miller,0,75000,15,500000,0,,,,,,,,,,,,,,,,,,,,,,,,,,,,1,1,1,1,,,
5,6,Yes!Superbaby!,309,15-Oct-07,25-Dec-07,26-Nov-07,Lifestyle/Home,Breastfeeding top increasing comfort and privacy,,2.66,BBC Two,,,,,Susanne Chishti,0,175000,10,1750000,0,,,,,,,,,,,,,,,,,,,,,,,,,,,,1,1,1,1,,,
5,7,FitFurLife,310,15-Oct-07,25-Dec-07,3-Dec-07,Pet Products,A dog treadmill,,3.14,BBC Two,,,,,Sammy French,0,100000,50,200000,1,1,1,100000,50,200000,1,100000,50,,,,,,,,,,,,,,,,,100000,50,JamesCaan,1,1,1,1,,,1
5,7,Handygirl,311,15-Oct-07,25-Dec-07,3-Dec-07,Lifestyle/Home,Female run DIY service,,3.14,BBC Two,,,,,Hafida Sarachi,0,84000,15,560000,0,,,,,,,,,,,,,,,,,,,,,,,,,,,,1,1,1,1,,,
5,7,Hydrodome,312,15-Oct-07,25-Dec-07,3-Dec-07,Media/Entertainment,Underwater adventure centre with robotic sea creatures,,3.14,BBC Two,,,,,Andrew Sneath,0,300000,20,1500000,0,,,,,,,,,,,,,,,,,,,,,,,,,,,,1,1,1,1,,,
5,7,JPMEcoLogistics,313,15-Oct-07,25-Dec-07,3-Dec-07,Automotive,Environmentally friendly haulage company,,3.14,BBC Two,,,,,Jerry Mantalvanos and Paul Merker,1,100000,40,250000,1,1,1,100000,40,250000,2,50000,20,,,,,,,50000,20,,,50000,20,,,,,,,,1,1,1,1,,,
5,7,MalagassyLtd,314,15-Oct-07,25-Dec-07,3-Dec-07,Food and Beverage,"Ethical chocolate, coffee and spice snacks",,3.14,BBC Two,,,,,Neil Kelsall,0,150000,10,1500000,0,,,,,,,,,,,,,,,,,,,,,,,,,,,,1,1,1,1,,,
5,7,Minicat,315,15-Oct-07,25-Dec-07,3-Dec-07,Fitness/Sports/Outdoors,Inflatable boat fitting into portable bag,,3.14,BBC Two,,,,,Rowan Brook,0,50000,,,0,,,,,,,,,,,,,,,,,,,,,,,,,,,,1,1,1,1,,,
5,7,Noah'sArcFactory,316,15-Oct-07,25-Dec-07,3-Dec-07,Children/Education,Portable soft toy stuffing machine,,3.14,BBC Two,,,,,Tanya Thomas,0,120000,,,0,,,,,,,,,,,,,,,,,,,,,,,,,,,,1,1,1,1,,,
5,7,Primoris,317,15-Oct-07,25-Dec-07,3-Dec-07,Media/Entertainment,Corporate racing day entertainment,,3.14,BBC Two,,,,,Sam Wrigglesworth,0,60000,,,0,,,,,,,,,,,,,,,,,,,,,,,,,,,,1,1,1,1,,,
5,7,TheMacStrap,318,15-Oct-07,25-Dec-07,3-Dec-07,Electronics,Solar charging portal for outdoor electrical devices,,3.14,BBC Two,,,,,Roark McMaster,0,60000,,,0,,,,,,,,,,,,,,,,,,,,,,,,,,,,1,1,1,1,,,
5,8,DolphinAlarms,319,15-Oct-07,25-Dec-07,10-Dec-07,Fitness/Sports/Outdoors,Alarms for swimming pools,,3.58,BBC Two,,,,,John Barstead and Mark Tracy,1,150000,,,0,,,,,,,,,,,,,,,,,,,,,,,,,,,,1,1,1,1,,,
5,8,ElectroExpo,320,15-Oct-07,25-Dec-07,10-Dec-07,Electronics,Plastic housing that protects cable connections,,3.58,BBC Two,,,,,Peter Moule,0,150000,32,468750,1,1,1,150000,32,468750,2,75000,16,,,,,,,,,75000,16,,,,,,,75000,16,JamesCaan,1,1,1,1,,,1
5,8,HappyHorse,321,15-Oct-07,25-Dec-07,10-Dec-07,Fitness/Sports/Outdoors,Breathable open-cell saddle pad for horse riders,,3.58,BBC Two,,,,,Aline Holmes,0,95000,,,0,,,,,,,,,,,,,,,,,,,,,,,,,,,,1,1,1,1,,,
5,8,Infra-redhanddryer,322,15-Oct-07,25-Dec-07,10-Dec-07,Lifestyle/Home,Hand-dryer using infra-red heat,,3.58,BBC Two,,,,,Matthew White,0,100000,,,0,,,,,,,,,,,,,,,,,,,,,,,,,,,,1,1,1,1,,,
5,8,MagneticConnection,323,15-Oct-07,25-Dec-07,10-Dec-07,Lifestyle/Home,Magnetic fitting for light-bulbs,,3.58,BBC Two,,,,,Amthony Clough,0,165000,10,1650000,0,,,,,,,,,,,,,,,,,,,,,,,,,,,,1,1,1,1,,,
5,8,MrStripey,324,15-Oct-07,25-Dec-07,10-Dec-07,Food and Beverage,Six striped flavoured ice cream,,3.58,BBC Two,,,,,Jon Hemmings,0,60000,,,0,,,,,,,,,,,,,,,,,,,,,,,,,,,,1,1,1,1,,,
5,8,Seraphina,325,15-Oct-07,25-Dec-07,10-Dec-07,Health/Wellness,Elasticated girdle for pregnant women,,3.58,BBC Two,,,,,Peter Caddick and Deborah Coates,1,75000,,,0,,,,,,,,,,,,,,,,,,,,,,,,,,,,1,1,1,1,,,
5,8,TingoTang,326,15-Oct-07,25-Dec-07,10-Dec-07,Lifestyle/Home,Jewellery indicating single people,,3.58,BBC Two,,,,,Clare Sagar and Gill Kirtland,1,100000,20,500000,0,,,,,,,,,,,,,,,,,,,,,,,,,,,,1,1,1,1,,,
5,8,Whatsyatag,327,15-Oct-07,25-Dec-07,10-Dec-07,Health/Wellness,Leisurewear with ciphered language,,3.58,BBC Two,,,,,Barry Halliday,0,100000,,,0,,,,,,,,,,,,,,,,,,,,,,,,,,,,1,1,1,1,,,
5,9,AboutTime,328,15-Oct-07,25-Dec-07,18-Dec-07,Media/Entertainment,Board game based on trivial questions,,3.42,BBC Two,,,,,Iain McGill and Joe Gill,1,40000,,,0,,,,,,,,,,,,,,,,,,,,,,,,,,,,1,1,1,1,,,
5,9,BlackHole,329,15-Oct-07,25-Dec-07,18-Dec-07,Media/Entertainment,Board game based on Word Game,,3.42,BBC Two,,,,,John and Fiona Chambers,1,60000,20,300000,0,,,,,,,,,,,,,,,,,,,,,,,,,,,,1,1,1,1,,,
5,9,LoveUnzipped,330,15-Oct-07,25-Dec-07,18-Dec-07,Media/Entertainment,Adult board game for singles,,3.42,BBC Two,,,,,Suzanne Colbert,0,60000,30,200000,0,,,,,,,,,,,,,,,,,,,,,,,,,,,,1,1,1,1,,,
5,9,RedButtonDesign,331,15-Oct-07,25-Dec-07,18-Dec-07,Uncertain/Other,"water transport, sanitation and storage device",,3.42,BBC Two,,,,,Amanda Jones and James Brown,1,50000,10,500000,1,1,0,,,,,,,,,,,,,,,,,,,,,,,,,,1,1,1,1,,,
5,9,TidyTreeSack,332,15-Oct-07,25-Dec-07,18-Dec-07,Lifestyle/Home,Fold-away bag for Christmas trees,,3.42,BBC Two,,,,,Tim Lloyd,0,150000,40,375000,0,,,,,,,,,,,,,,,,,,,,,,,,,,,,1,1,1,1,,,
6,1,AirOasisLtd,333,21-Jul-08,8-Sep-08,21-Jul-08,Business Services,Water created by air particles,,3.85,BBC Two,,,,,Barry Ritchie and Paul Lobo,1,125000,10,1250000,0,,,,,,,,,,,,,,,,,,,,,,,,,,,,1,1,1,1,,,
6,1,BabyStation,334,21-Jul-08,8-Sep-08,21-Jul-08,Children/Education,Infant chair with increased cushions and toys,,3.85,BBC Two,,,,,Albert Jimenez and Kate Ingram,1,150000,,,0,,,,,,,,,,,,,,,,,,,,,,,,,,,,1,1,1,1,,,
6,1,D4MLtd,335,21-Jul-08,8-Sep-08,21-Jul-08,Business Services,Events management company,,3.85,BBC Two,,,,,Julia Charles and Amy Goldthorpe,1,75000,40,187500,1,1,1,75000,40,187500,2,37500,20,,,,,,,,,37500,20,,,,,,,37500,20,JamesCaan,1,1,1,1,,,1
6,1,Gradulicious,336,21-Jul-08,8-Sep-08,21-Jul-08,Software/Tech,Social networking for graduates,,3.85,BBC Two,,,,,Matt Keppell,0,70000,13,538462,0,,,,,,,,,,,,,,,,,,,,,,,,,,,,1,1,1,1,,,
6,1,Hamfatter,337,21-Jul-08,8-Sep-08,21-Jul-08,Media/Entertainment,music band,,3.85,BBC Two,,,,,Jamie Turner,0,75000,30,250000,1,1,1,75000,30,250000,1,75000,30,,,,,75000,30,,,,,,,,,,,,,,1,1,1,1,,,
6,1,LaylineBedSheets,338,21-Jul-08,8-Sep-08,21-Jul-08,Lifestyle/Home,Bed sheet with line determining space for each sleeper,,3.85,BBC Two,,,,,Jon Foster-Smith and Rose Adams,1,50000,20,250000,0,,,,,,,,,,,,,,,,,,,,,,,,,,,,1,1,1,1,,,
6,1,LeenonLtd,339,21-Jul-08,8-Sep-08,21-Jul-08,Fitness/Sports/Outdoors,Travel pillow with non-slip attachment,,3.85,BBC Two,,,,,Matthew Ryan,0,81000,5,1620000,0,,,,,,,,,,,,,,,,,,,,,,,,,,,,1,1,1,1,,,
6,1,ParalysedPanels,340,21-Jul-08,8-Sep-08,21-Jul-08,Fitness/Sports/Outdoors,Photogenic garden fences,,3.85,BBC Two,,,,,Craig Hulson and Greg Pearson,1,85000,20,425000,0,,,,,,,,,,,,,,,,,,,,,,,,,,,,1,1,1,1,,,
6,1,Strike-Trainer,341,21-Jul-08,8-Sep-08,21-Jul-08,Fitness/Sports/Outdoors,Hi-tech punching bag,,3.85,BBC Two,,,,,Barry Piorkowski,0,100000,,,0,,,,,,,,,,,,,,,,,,,,,,,,,,,,1,1,1,1,,,
6,2,BabyonBoard'LightSign,342,21-Jul-08,8-Sep-08,28-Jul-08,Lifestyle/Home,Light up 'baby on board' sign,,3.29,BBC Two,,,,,Amanda Asharka Iqo,0,90000,,,0,,,,,,,,,,,,,,,,,,,,,,,,,,,,1,1,1,1,,,
6,2,BoosterBlades,343,21-Jul-08,8-Sep-08,28-Jul-08,Lifestyle/Home,Roller blades with a pedal,,3.29,BBC Two,,,,,Robert Read and Bryan Rawlings,1,150000,,,0,,,,,,,,,,,,,,,,,,,,,,,,,,,,1,1,1,1,,,
6,2,CarbonSix,344,21-Jul-08,8-Sep-08,28-Jul-08,Children/Education,Tokens system limiting time children watch TV,,3.29,BBC Two,,,,,Richard Mire,0,150000,15,1000000,0,,,,,,,,,,,,,,,,,,,,,,,,,,,,1,1,1,1,,,
6,2,ChillyBilly,345,21-Jul-08,8-Sep-08,28-Jul-08,Food and Beverage,Fruit made ice lolly,,3.29,BBC Two,,,,,Jeremy and Alexia Benson,1,150000,,,0,,,,,,,,,,,,,,,,,,,,,,,,,,,,1,1,1,1,,,
6,2,DiamondGeezer,346,21-Jul-08,8-Sep-08,28-Jul-08,Fashion/Beauty,Online jewellery retailer,,3.29,BBC Two,,,,,Clive Billing,0,255000,40,637500,1,0,,,,,,,,,,,,,,,,,,,,,,,,,,,1,1,1,1,,,
6,2,GreetMeEatMe,347,21-Jul-08,8-Sep-08,28-Jul-08,Pet Products,Edible greetings cards for dogs,,3.29,BBC Two,,,,,Paul Hartley and Enid Denley,1,20000,10,200000,0,,,,,,,,,,,,,,,,,,,,,,,,,,,,1,1,1,1,,,
6,2,ImpactItemsLtd,348,21-Jul-08,8-Sep-08,28-Jul-08,Uncertain/Other,Glazed putty with multi-purpose use,,3.29,BBC Two,,,,,Jeremy Whitticase,0,75000,15,500000,0,,,,,,,,,,,,,,,,,,,,,,,,,,,,1,1,1,1,,,
6,2,Neurotica,349,21-Jul-08,8-Sep-08,28-Jul-08,Fashion/Beauty,Fashion designer,,3.29,BBC Two,,,,,Victoria McGrane,0,56000,35,160000,1,1,1,75000,35,214286,1,75000,35,,,,,75000,35,,,,,,,,,,,,,,1,1,1,1,,,
6,2,SaboteurCrimePrevention,350,21-Jul-08,8-Sep-08,28-Jul-08,Electronics,Electronic vision and sound projection devices,,3.29,BBC Two,,,,,Samantha Gore,0,275000,10,2750000,0,,,,,,,,,,,,,,,,,,,,,,,,,,,,1,1,1,1,,,
6,3,BarbeSkew,351,21-Jul-08,8-Sep-08,4-Aug-08,Food and Beverage,Rotisserie barbecue grill,,3.74,BBC Two,,,,,Ed Wray,0,180000,,,0,,,,,,,,,,,,,,,,,,,,,,,,,,,,1,1,1,1,,,
6,3,DDNLtd,352,21-Jul-08,8-Sep-08,4-Aug-08,Automotive,Misfuelling prevention device,,3.74,BBC Two,,,,,Michael Cotton,0,250000,25,1000000,1,1,0,,,,,,,,,,,,,,,,,,,,,,,,,,1,1,1,1,,,
6,3,LightEmotions,353,21-Jul-08,8-Sep-08,4-Aug-08,Business Services,Glow in the dark products,,3.74,BBC Two,,,,,Ming Yun,0,40000,30,133333,1,1,0,,,,,,,,,,,,,,,,,,,,,,,,,,1,1,1,1,,,
6,3,MonkeyTrunks,354,21-Jul-08,8-Sep-08,4-Aug-08,Media/Entertainment,US based adventure park,,3.74,BBC Two,,,,,Hazel Ives,0,100000,20,500000,0,,,,,,,,,,,,,,,,,,,,,,,,,,,,1,1,1,1,,,
6,3,RoadkillToys,355,21-Jul-08,8-Sep-08,4-Aug-08,Children/Education,Soft toys designed on road kill animals,,3.74,BBC Two,,,,,Adam Arber and Charlie Branson,1,50000,,,0,,,,,,,,,,,,,,,,,,,,,,,,,,,,1,1,1,1,,,
6,3,ShoesGaloreLtd,356,21-Jul-08,8-Sep-08,4-Aug-08,Lifestyle/Home,Clothes sales for events,,3.74,BBC Two,,,,,Lesley Ann-Simmons,0,100000,30,333333,0,,,,,,,,,,,,,,,,,,,,,,,,,,,,1,1,1,1,,,
6,3,VeryPC,357,21-Jul-08,8-Sep-08,4-Aug-08,Green/CleanTech,Eco-friendly low energy PCs,,3.74,BBC Two,,,,,Peter Hopton,0,250000,5,5000000,0,,,,,,,,,,,,,,,,,,,,,,,,,,,,1,1,1,1,,,
6,4,BuggyBoot,358,21-Jul-08,8-Sep-08,11-Aug-08,Business Services,Storage solution for pushchairs,,3.73,BBC Two,,,,,Charlotte Evans and Caroyln Jarvis,1,80000,30,266667,1,1,1,80000,30,266667,1,80000,30,,,,,,,80000,30,,,,,,,,,,,,1,1,1,1,,,
6,4,Navspy,359,21-Jul-08,8-Sep-08,11-Aug-08,Software/Tech,Website tracking mobile phone signals,,3.73,BBC Two,,,,,Giancarlo Calderini,0,,,,0,,,,,,,,,,,,,,,,,,,,,,,,,,,,1,1,1,1,,,
6,4,PooPod,360,21-Jul-08,8-Sep-08,11-Aug-08,Pet Products,Dog handle with scooping container,,3.73,BBC Two,,,,,Sue Bell,0,,,,0,,,,,,,,,,,,,,,,,,,,,,,,,,,,1,1,1,1,,,
6,4,Rapstrap,361,21-Jul-08,8-Sep-08,11-Aug-08,Green/CleanTech,Waste-free cable-tie,,3.73,BBC Two,,,,,Andrew Harsley,0,150000,50,300000,1,1,1,150000,50,300000,2,75000,25,,,,,,,,,75000,25,,,,,,,75000,25,JamesCaan,1,1,1,1,,,1
6,4,ReallyFreshOliveOilClub,362,21-Jul-08,8-Sep-08,11-Aug-08,Business Services,Subscription to fresh olive oils,,3.73,BBC Two,,,,,Michael North,0,50000,10,500000,0,,,,,,,,,,,,,,,,,,,,,,,,,,,,1,1,1,1,,,
6,4,RobertHall,363,21-Jul-08,8-Sep-08,11-Aug-08,Fitness/Sports/Outdoors,Investment to launch Robert Hall's racing career,,3.73,BBC Two,,,,,Robert and David Hall,1,50000,40,125000,0,,,,,,,,,,,,,,,,,,,,,,,,,,,,1,1,1,1,,,
6,4,S-Brief,364,21-Jul-08,8-Sep-08,11-Aug-08,Health/Wellness,Men's enhancing underwear,,3.73,BBC Two,,,,,Brian James,0,50000,20,250000,0,,,,,,,,,,,,,,,,,,,,,,,,,,,,1,1,1,1,,,
6,4,TheArticulateGallery,365,21-Jul-08,8-Sep-08,11-Aug-08,Children/Education,3D photo frames for children's artwork,,3.73,BBC Two,,,,,Colin and Eona Gilchris,1,40000,,,0,,,,,,,,,,,,,,,,,,,,,,,,,,,,1,1,1,1,,,
6,4,VisorVisionHelmetsLtd,366,21-Jul-08,8-Sep-08,11-Aug-08,Electronics,Motorcycle visor with electronic screen swipe,,3.73,BBC Two,,,,,Mark Huyton,0,50000,,,0,,,,,,,,,,,,,,,,,,,,,,,,,,,,1,1,1,1,,,
6,5,AirHeadHardHats,367,21-Jul-08,8-Sep-08,18-Aug-08,Lifestyle/Home,Personalised construction hard harts,,3.84,BBC Two,,,,,Andrew Cunningham,0,150000,25,600000,0,,,,,,,,,,,,,,,,,,,,,,,,,,,,1,1,1,1,,,
6,5,BreakDownVisibility,368,21-Jul-08,8-Sep-08,18-Aug-08,Automotive,High visibility car safety vest,,3.84,BBC Two,,,,,Bilfer Ecin,0,50000,,,0,,,,,,,,,,,,,,,,,,,,,,,,,,,,1,1,1,1,,,
6,5,FB1,369,21-Jul-08,8-Sep-08,18-Aug-08,Business Services,Glass hair cutting blade,,3.84,BBC Two,,,,,Frank Bisson,0,100000,5,2000000,0,,,,,,,,,,,,,,,,,,,,,,,,,,,,1,1,1,1,,,
6,5,Glowkids,370,21-Jul-08,8-Sep-08,18-Aug-08,Children/Education,High visibility clothing for children,,3.84,BBC Two,,,,,Caroline King,0,70000,,,0,,,,,,,,,,,,,,,,,,,,,,,,,,,,1,1,1,1,,,
6,5,HedgehogGolfCompany,371,21-Jul-08,8-Sep-08,18-Aug-08,Fitness/Sports/Outdoors,Wheel-guard for golf trolleys,,3.84,BBC Two,,,,,Frank Hauser and Dennis Lantsbury,1,150000,,,0,,,,,,,,,,,,,,,,,,,,,,,,,,,,1,1,1,1,,,
6,5,iFoodTV,372,21-Jul-08,8-Sep-08,18-Aug-08,Food and Beverage,Online collection of video recipes and cooking shows,,3.84,BBC Two,,,,,Niall Harbison and Sean Fee,1,100000,10,1000000,0,,,,,,,,,,,,,,,,,,,,,,,,,,,,1,1,1,1,,,
6,5,LoopMachine,373,21-Jul-08,8-Sep-08,18-Aug-08,Software/Tech,Music creation software operated by the Nintendo Wii,,3.84,BBC Two,,,,,Yann Seznec,0,150000,,,0,,,,,,,,,,,,,,,,,,,,,,,,,,,,1,1,1,1,,,
6,5,MagicWhiteboard,374,21-Jul-08,8-Sep-08,18-Aug-08,Children/Education,Portable whiteboard in the form of a roll,,3.84,BBC Two,,,,,Neil and Laura Westwood,1,100000,40,250000,1,1,1,100000,40,250000,2,50000,20,,,,,,,50000,20,,,50000,20,,,,,,,,1,1,1,1,,,
6,5,PlanitProducts,375,21-Jul-08,8-Sep-08,18-Aug-08,Lifestyle/Home,Toastabags,,3.84,BBC Two,,,,,Guy Unwin and Caroline Kavanagh,1,200000,40,500000,1,1,0,,,,,,,,,,,,,,,,,,,,,,,,,,1,1,1,1,,,
6,6,3GDatingAgency,376,21-Jul-08,8-Sep-08,25-Aug-08,Software/Tech,Dating website accessed via QR code,,3.62,BBC Two,,,,,Romi Parmer,0,50000,,,0,,,,,,,,,,,,,,,,,,,,,,,,,,,,1,1,1,1,,,
6,6,BlowMe,377,21-Jul-08,8-Sep-08,25-Aug-08,Liquor/Alcohol,Alcohol breath testing,,3.62,BBC Two,,,,,Sam Rose,0,75000,,,0,,,,,,,,,,,,,,,,,,,,,,,,,,,,1,1,1,1,,,
6,6,E-Z-C,378,21-Jul-08,8-Sep-08,25-Aug-08,Lifestyle/Home,High-visibility luggage label,,3.62,BBC Two,,,,,Ian Mann,0,200000,20,1000000,0,,,,,,,,,,,,,,,,,,,,,,,,,,,,1,1,1,1,,,
6,6,GuyPortelliSculptureStudio,379,21-Jul-08,8-Sep-08,25-Aug-08,Lifestyle/Home,Collection of 18 sculptures,,3.62,BBC Two,,,,,Guy Portelli,0,70000,25,280000,1,1,1,80000,25,320000,3,26666.66667,8.333333333,,,,,26666.66667,8.333333333,,,,,26666.66667,8.333333333,,,,,26666.66667,8.333333333,JamesCaan,1,1,1,1,,,1
6,6,InchwormShoes,380,21-Jul-08,8-Sep-08,25-Aug-08,Lifestyle/Home,Extendable soles for shoes,,3.62,BBC Two,,,,,Daniel Rodgers,0,,,,0,,,,,,,,,,,,,,,,,,,,,,,,,,,,1,1,1,1,,,
6,6,JuliettesInteriors,381,21-Jul-08,8-Sep-08,25-Aug-08,Lifestyle/Home,Luxury furniture fittings,,3.62,BBC Two,,,,,Juliette Thomas,0,106000,20,530000,0,,,,,,,,,,,,,,,,,,,,,,,,,,,,1,1,1,1,,,
6,6,LadderboxUK,382,21-Jul-08,8-Sep-08,25-Aug-08,Lifestyle/Home,Portable toolbox attaching to ladders,,3.62,BBC Two,,,,,Geoff and Robert Hill,1,100000,15,666667,0,,,,,,,,,,,,,,,,,,,,,,,,,,,,1,1,1,1,,,
6,6,MagicPizza,383,21-Jul-08,8-Sep-08,25-Aug-08,Food and Beverage,Device designed to eliminate a 'soggy middle',,3.62,BBC Two,,,,,Raymond Smith,0,50000,30,166667,1,1,1,50000,30,166667,2,25000,15,,,,,25000,15,,,,,25000,15,,,,,,,,1,1,1,1,,,
6,6,NodOff,384,21-Jul-08,8-Sep-08,25-Aug-08,Software/Tech,Meditating tutorial language system,,3.62,BBC Two,,,,,Caroline Smart,0,30000,,,0,,,,,,,,,,,,,,,,,,,,,,,,,,,,1,1,1,1,,,
6,7,BabyGo,385,21-Jul-08,8-Sep-08,1-Sep-08,Green/CleanTech,Individual disposable nappy packets,,3.95,BBC Two,,,,,Elizabeth Pimm,0,120000,,,0,,,,,,,,,,,,,,,,,,,,,,,,,,,,1,1,1,1,,,
6,7,Blindsinabox,386,21-Jul-08,8-Sep-08,1-Sep-08,Lifestyle/Home,"Temporary, easy-to-install blind",,3.95,BBC Two,,,,,"Dominic Lawrence, Simeone Salik and Janice Dalton",1,40000,50,80000,1,1,1,40000,50,80000,2,20000,25,,,,,,,,,20000,25,,,,,,,20000,25,JamesCaan,1,1,1,1,,,1
6,7,CareerMole,387,21-Jul-08,8-Sep-08,1-Sep-08,Software/Tech,Recruitment website with direct contact to current employees,,3.95,BBC Two,,,,,Christian Hall and Oliver Perry,1,50000,,,0,,,,,,,,,,,,,,,,,,,,,,,,,,,,1,1,1,1,,,
6,7,DiscreteHeat,388,21-Jul-08,8-Sep-08,1-Sep-08,Fitness/Sports/Outdoors,Heating system behind skirting boards,,3.95,BBC Two,,,,,Martin Wadsworth,0,150000,10,1500000,0,,,,,,,,,,,,,,,,,,,,,,,,,,,,1,1,1,1,,,
6,7,EasyShelf,389,21-Jul-08,8-Sep-08,1-Sep-08,Lifestyle/Home,Shelf designed to hold shaving and mobile devices whilst charging,,3.95,BBC Two,,,,,John and Gerald Abraham,1,40000,,,0,,,,,,,,,,,,,,,,,,,,,,,,,,,,1,1,1,1,,,
6,7,Luckner'sAuctioneers,390,21-Jul-08,8-Sep-08,1-Sep-08,Software/Tech,Online auction house,,3.95,BBC Two,,,,,Simon and Gaby Luckner,1,150000,,,0,,,,,,,,,,,,,,,,,,,,,,,,,,,,1,1,1,1,,,
6,7,PoppitOut,391,21-Jul-08,8-Sep-08,1-Sep-08,Food and Beverage,Ice cream flavours and containers,,3.95,BBC Two,,,,,Paul Sonabend and John Pepperell,1,150000,,,0,,,,,,,,,,,,,,,,,,,,,,,,,,,,1,1,1,1,,,
6,7,TinyBox,392,21-Jul-08,8-Sep-08,1-Sep-08,Green/CleanTech,Unique recycled packaging company,,3.95,BBC Two,,,,,Christian Richardson and Rachel Watkyn,1,53000,40,132500,1,1,1,60000,40,150000,2,30000,20,,,,,30000,20,,,,,30000,20,,,,,,,,1,1,1,1,,,
6,7,TinyDeol.com,393,21-Jul-08,8-Sep-08,1-Sep-08,Food and Beverage,Fat free curry sauces,,3.95,BBC Two,,,,,Tiny Deol,0,52000,15,346667,0,,,,,,,,,,,,,,,,,,,,,,,,,,,,1,1,1,1,,,
6,8,BabyLovesDisco,394,21-Jul-08,8-Sep-08,8-Sep-08,Children/Education,Organised children's party planning,,3.89,BBC Two,,,,,Andy Hurwitz and Naomi Timperley,1,100000,40,250000,1,0,,,,,,,,,,,,,,,,,,,,,,,,,,,1,1,1,1,,,
6,8,BeyondBoyle,395,21-Jul-08,8-Sep-08,8-Sep-08,Business Services,Hospitality business/corporate team,,3.89,BBC Two,,,,,Simon Boyle,0,,,,0,,,,,,,,,,,,,,,,,,,,,,,,,,,,1,1,1,1,,,
6,8,ProWasteManagementServices,396,21-Jul-08,8-Sep-08,8-Sep-08,Green/CleanTech,Construction waste recycling service,,3.89,BBC Two,,,,,Paul Tinton,0,200000,40,500000,1,1,1,200000,40,500000,2,100000,20,,,,,,,100000,20,100000,20,,,,,,,,,,1,1,1,1,,,
6,8,RoadRefresher,397,21-Jul-08,8-Sep-08,8-Sep-08,Pet Products,Splash proof dog bowl,,3.89,BBC Two,,,,,Natalie Ellis,0,120000,15,800000,0,,,,,,,,,,,,,,,,,,,,,,,,,,,,1,1,1,1,,,
6,8,Superspout,398,21-Jul-08,8-Sep-08,8-Sep-08,Uncertain/Other,Fuel can nozzle with automatic stop,,3.89,BBC Two,,,,,David Holdsworth,0,80000,,,0,,,,,,,,,,,,,,,,,,,,,,,,,,,,1,1,1,1,,,
7,1,AntiWrinkleHat,399,15-Jul-09,2-Sep-09,15-Jul-09,Fashion/Beauty,Headband to stop wrinkles,,3.18,BBC Two,,,,,Russ Besseta Rusool,0,115000,,,0,,,,,,,,,,,,,,,,,,,,,,,,,,,,1,1,1,1,,,
7,1,Apocalypse,400,15-Jul-09,2-Sep-09,15-Jul-09,Media/Entertainment,Interactive live horror entertainment,,3.18,BBC Two,,,,,Alan Mandel Butler,0,200000,20,1000000,0,,,,,,,,,,,,,,,,,,,,,,,,,,,,1,1,1,1,,,
7,1,HappyCatCollar,401,15-Jul-09,2-Sep-09,15-Jul-09,Pet Products,Nylon wire collar for cats,,3.18,BBC Two,,,,,Phil Crisp,0,150000,,,0,,,,,,,,,,,,,,,,,,,,,,,,,,,,1,1,1,1,,,
7,1,KempController,402,15-Jul-09,2-Sep-09,15-Jul-09,Fitness/Sports/Outdoors,Harness to control horses,,3.18,BBC Two,,,,,Samantha Kemp,0,105000,,,0,,,,,,,,,,,,,,,,,,,,,,,,,,,,1,1,1,1,,,
7,1,Stolat,403,15-Jul-09,2-Sep-09,15-Jul-09,Liquor/Alcohol,Quadruple distilled 40% vodka,,3.18,BBC Two,,,,,Anna and Mark Jezierski,1,250000,,,0,,,,,,,,,,,,,,,,,,,,,,,,,,,,1,1,1,1,,,
7,1,Sweet-EscottAviationLtd,404,15-Jul-09,2-Sep-09,15-Jul-09,Green/CleanTech,An aviation renewable energy supply company,,3.18,BBC Two,,,,,Rupert Sweet-Escott,0,80000,49,163265,1,1,1,80000,49,163265,1,80000,49,,,,,,,,,,,,,,,,,80000,49,JamesCaan,1,1,1,1,,,1
7,1,TrueCallLtd,405,15-Jul-09,2-Sep-09,15-Jul-09,Software/Tech,A device to stop nuisance phone calls,,3.18,BBC Two,,,,,Steve Smith,0,100000,12.5,800000,1,1,0,,,,,,,,,,,,,,,,,,,,,,,,,,1,1,1,1,,,
7,1,UStarNovels,406,15-Jul-09,2-Sep-09,15-Jul-09,Lifestyle/Home,Personalised romance novels,,3.18,BBC Two,,,,,Katie Olver,0,75000,,,0,,,,,,,,,,,,,,,,,,,,,,,,,,,,1,1,1,1,,,
7,1,Westhawk,407,15-Jul-09,2-Sep-09,15-Jul-09,Electronics,Carbon fibre electric patio heaters,,3.18,BBC Two,,,,,Eddie Middleton,0,255000,48,531250,1,0,,,,,,,,,,,,,,,,,,,,,,,,,,,1,1,1,1,,,
7,2,BassToneSlap,408,15-Jul-09,2-Sep-09,22-Jul-09,Business Services,High energy drumming performance for corporate team building,,3.34,BBC Two,,,,,Richard Enion and Michael Davis,1,50000,40,125000,1,1,0,,,,,,,,,,,,,,,,,,,,,,,,,,1,1,1,1,,,
7,2,BlouseandSkirt,409,15-Jul-09,2-Sep-09,22-Jul-09,Fashion/Beauty,Fashion make-up brand for ethnic skin tones,,3.34,BBC Two,,,,,Beverly Binda,0,100000,,,0,,,,,,,,,,,,,,,,,,,,,,,,,,,,1,1,1,1,,,
7,2,DriverEight,410,15-Jul-09,2-Sep-09,22-Jul-09,Lifestyle/Home,Wrist watch designed for drivers,,3.34,BBC Two,,,,,Spencer Philips,0,85000,,,0,,,,,,,,,,,,,,,,,,,,,,,,,,,,1,1,1,1,,,
7,2,JJ'Hazan,411,15-Jul-09,2-Sep-09,22-Jul-09,Fitness/Sports/Outdoors,Poker player sponsorship,,3.34,BBC Two,,,,,Jeraint 'JJ' Hazan,0,65000,40,162500,0,,,,,,,,,,,,,,,,,,,,,,,,,,,,1,1,1,1,,,
7,2,LondonWhistle,412,15-Jul-09,2-Sep-09,22-Jul-09,Fitness/Sports/Outdoors,Whistle alert for bicycles,,3.34,BBC Two,,,,,Peter Giles and Bhjata,1,75000,,,0,,,,,,,,,,,,,,,,,,,,,,,,,,,,1,1,1,1,,,
7,2,RewardLifeLimited,413,15-Jul-09,2-Sep-09,22-Jul-09,Software/Tech,Online security storage for financial documents,,3.34,BBC Two,,,,,Chris and Robert Downham,1,100000,10,1000000,0,,,,,,,,,,,,,,,,,,,,,,,,,,,,1,1,1,1,,,
7,2,RotoSuite,414,15-Jul-09,2-Sep-09,22-Jul-09,Uncertain/Other,Revolving en-suite bathroom,,3.34,BBC Two,,,,,David Thomas,0,100000,,,0,,,,,,,,,,,,,,,,,,,,,,,,,,,,1,1,1,1,,,
7,2,TalpaProductsLtd,415,15-Jul-09,2-Sep-09,22-Jul-09,Business Services,Magnamole - A device designed to thread cables through cavity walls,,3.34,BBC Two,,,,,Sharon Wright,0,50000,22.5,222222,1,1,0,,,,,,,,,,,,,,,,,,,,,,,,,,1,1,1,1,,,
7,2,WholeLeafCompany,416,15-Jul-09,2-Sep-09,22-Jul-09,Green/CleanTech,"Biodegradable, compostable plates & bowls",,3.34,BBC Two,,,,,Ajedare Doherty,0,120000,20,600000,0,,,,,,,,,,,,,,,,,,,,,,,,,,,,1,1,1,1,,,
7,3,BikeStoppa,417,15-Jul-09,2-Sep-09,29-Jul-09,Children/Education,Remote control safety device for children's bicycles,,3.36,BBC Two,,,,,David Atkins and Alan Robinson,1,125000,,,0,,,,,,,,,,,,,,,,,,,,,,,,,,,,1,1,1,1,,,
7,3,BlueAnimals,418,15-Jul-09,2-Sep-09,29-Jul-09,Software/Tech,Online animal stock footage library,,3.36,BBC Two,,,,,John Gubba and Trevor Smith,1,50000,,,0,,,,,,,,,,,,,,,,,,,,,,,,,,,,1,1,1,1,,,
7,3,Dusty–TheDustySpringfieldMusical,419,15-Jul-09,2-Sep-09,29-Jul-09,Media/Entertainment,Jukebox musical based on Dusty Springfield,,3.36,BBC Two,,,,,Josephine Buchon,0,250000,25,1000000,0,,,,,,,,,,,,,,,,,,,,,,,,,,,,1,1,1,1,,,
7,3,Incognito,420,15-Jul-09,2-Sep-09,29-Jul-09,Green/CleanTech,Chemical free anti-mosquito spray,,3.36,BBC Two,,,,,Howard and Patricia Carter,1,100000,,,0,,,,,,,,,,,,,,,,,,,,,,,,,,,,1,1,1,1,,,
7,3,LidLifters,421,15-Jul-09,2-Sep-09,29-Jul-09,Lifestyle/Home,A labour-saving device for lifting wheelie bin lids,,3.36,BBC Two,,,,,Lawrence Webb and Frank Drewett,1,50000,50,100000,1,1,0,,,,,,,,,,,,,,,,,,,,,,,,,,1,1,1,1,,,
7,3,LondonStarMap,422,15-Jul-09,2-Sep-09,29-Jul-09,Fitness/Sports/Outdoors,Tourist transportation for celebrity landmarks,,3.36,BBC Two,,,,,James Bonny and Tim Oberg,1,60000,,,0,,,,,,,,,,,,,,,,,,,,,,,,,,,,1,1,1,1,,,
7,3,OarsomePotential,423,15-Jul-09,2-Sep-09,29-Jul-09,Fitness/Sports/Outdoors,Grip accessory for rowing blades,,3.36,BBC Two,,,,,Emily Webb,0,75000,20,375000,0,,,,,,,,,,,,,,,,,,,,,,,,,,,,1,1,1,1,,,
7,3,ServicingStop,424,15-Jul-09,2-Sep-09,29-Jul-09,Automotive,A bespoke nationwide car servicing company,,3.36,BBC Two,,,,,Oliver Richmond and Toby Richmond,1,100000,30,333333,1,1,0,,,,,,,,,,,,,,,,,,,,,,,,,,1,1,1,1,,,
7,3,TantrumBoutique,425,15-Jul-09,2-Sep-09,29-Jul-09,Children/Education,Hair and dental products for children,,3.36,BBC Two,,,,,Latasha Malik and Neil Ambler,1,250000,,,0,,,,,,,,,,,,,,,,,,,,,,,,,,,,1,1,1,1,,,
7,4,BottleBuddy,426,15-Jul-09,2-Sep-09,5-Aug-09,Uncertain/Other,Pre-set baby formula dispensing machine,,3.37,BBC Two,,,,,Alan McElligott,0,70000,,,0,,,,,,,,,,,,,,,,,,,,,,,,,,,,1,1,1,1,,,
7,4,CleverBins,427,15-Jul-09,2-Sep-09,5-Aug-09,Business Services,Solar powered street bin,,3.37,BBC Two,,,,,William Sachiti,0,65000,10,650000,0,,,,,,,,,,,,,,,,,,,,,,,,,,,,1,1,1,1,,,
7,4,Combi-case,428,15-Jul-09,2-Sep-09,5-Aug-09,Business Services,Foldaway sunbed in a suitcase,,3.37,BBC Two,,,,,Philip and Robert Pain,1,200000,,,0,,,,,,,,,,,,,,,,,,,,,,,,,,,,1,1,1,1,,,
7,4,GrassHopperPorridge,429,15-Jul-09,2-Sep-09,5-Aug-09,Green/CleanTech,Organic porridge in single portion pot,,3.37,BBC Two,,,,,Abigail and Flurr Emery,1,100000,,,0,,,,,,,,,,,,,,,,,,,,,,,,,,,,1,1,1,1,,,
7,4,KCOInlineIceSkatingLtd,430,15-Jul-09,2-Sep-09,5-Aug-09,Fitness/Sports/Outdoors,New inline skate that allows dancers to perform ice-dancing moves on all surfaces,,3.37,BBC Two,,,,,Karen O'Neill and Karen Coombes,1,100000,45,222222,1,1,0,,,,,,,,,,,,,,,,,,,,,,,,,,1,1,1,1,,,
7,4,PUATraining,431,15-Jul-09,2-Sep-09,5-Aug-09,Lifestyle/Home,Tutorial classes for dating,,3.37,BBC Two,,,,,Richard La Ruina and Kezia Noble,1,100000,,,0,,,,,,,,,,,,,,,,,,,,,,,,,,,,1,1,1,1,,,
7,4,SpeyBayMussellFarm,432,15-Jul-09,2-Sep-09,5-Aug-09,Food and Beverage,Offshore seafood company,,3.37,BBC Two,,,,,Patrick Thirkell,0,100000,20,500000,0,,,,,,,,,,,,,,,,,,,,,,,,,,,,1,1,1,1,,,
7,4,TheThingy,433,15-Jul-09,2-Sep-09,5-Aug-09,Health/Wellness,Digging accessory aiding discomfort,,3.37,BBC Two,,,,,Tim Warrington and John Smith,1,60000,,,0,,,,,,,,,,,,,,,,,,,,,,,,,,,,1,1,1,1,,,
7,4,UKCommercialCleaning,434,15-Jul-09,2-Sep-09,5-Aug-09,Business Services,Commercial cleaning company,,3.37,BBC Two,,,,,Tony Earnshaw and Stephen Pearsons,1,100000,35,285714,1,1,1,100000,35,285714,1,100000,35,,,,,,,,,100000,35,,,,,,,,,,1,1,1,1,,,
7,5,AllDogBakery,435,15-Jul-09,2-Sep-09,12-Aug-09,Pet Products,Luxury dog biscuits,,2.93,BBC Two,,,,,Jonathan Sotlow,0,75000,,,0,,,,,,,,,,,,,,,,,,,,,,,,,,,,1,1,1,1,,,
7,5,BraAngel,436,15-Jul-09,2-Sep-09,12-Aug-09,Fashion/Beauty,Bra underwire repair kit,,2.93,BBC Two,,,,,Scott and Laura Dutton,1,50000,,,0,,,,,,,,,,,,,,,,,,,,,,,,,,,,1,1,1,1,,,
7,5,Masquerade.com,437,15-Jul-09,2-Sep-09,12-Aug-09,Fashion/Beauty,Personalised cut-out masks,,2.93,BBC Two,,,,,"Chris O'Niall, Dean Walton and Raymond Duffy",1,50000,10,500000,0,,,,,,,,,,,,,,,,,,,,,,,,,,,,1,1,1,1,,,
7,5,MyDish.co.uk,438,15-Jul-09,2-Sep-09,12-Aug-09,Software/Tech,Online community for sharing recipes with friends and family,,2.93,BBC Two,,,,,Carol Savage and Jason White,1,100000,15,666667,1,1,1,100000,15,666667,1,100000,15,,,,,,,100000,15,,,,,,,,,,,,1,1,1,1,,,
7,5,N/A,439,15-Jul-09,2-Sep-09,12-Aug-09,Business Services,Surveillance camera technology,,2.93,BBC Two,,,,,Eser Taheary,0,100000,,,0,,,,,,,,,,,,,,,,,,,,,,,,,,,,1,1,1,1,,,
7,5,ParagonPeLtd,440,15-Jul-09,2-Sep-09,12-Aug-09,Green/CleanTech,Non-bio laundry detergent for MRSA and C. difficile,,2.93,BBC Two,,,,,Paul Ward,0,100000,30,333333,1,0,,,,,,,,,,,,,,,,,,,,,,,,,,,1,1,1,1,,,
7,5,Slinks,441,15-Jul-09,2-Sep-09,12-Aug-09,Fashion/Beauty,Sandals with interchangeable uppers,,2.93,BBC Two,,,,,Jane Rafter,0,75000,40,187500,1,1,0,,,,,,,,,,,,,,,,,,,,,,,,,,1,1,1,1,,,
7,5,TheReboundBox,442,15-Jul-09,2-Sep-09,12-Aug-09,Fitness/Sports/Outdoors,Football training accessory,,2.93,BBC Two,,,,,Luke Porter,0,50000,,,0,,,,,,,,,,,,,,,,,,,,,,,,,,,,1,1,1,1,,,
7,5,WineInnovationsLtd,443,15-Jul-09,2-Sep-09,12-Aug-09,Liquor/Alcohol,Single use wine goblets,,2.93,BBC Two,,,,,James Nash,0,250000,25,1000000,0,,,,,,,,,,,,,,,,,,,,,,,,,,,,1,1,1,1,,,
7,6,BigTow,444,15-Jul-09,2-Sep-09,19-Aug-09,Lifestyle/Home,Foldaway box trailer,,3.49,BBC Two,,,,,Gareth Atkinson,0,60000,,,0,,,,,,,,,,,,,,,,,,,,,,,,,,,,1,1,1,1,,,
7,6,BoundBiographies,445,15-Jul-09,2-Sep-09,19-Aug-09,Lifestyle/Home,Life story biographies,,3.49,BBC Two,,,,,Michael Oke,0,75000,20,375000,0,,,,,,,,,,,,,,,,,,,,,,,,,,,,1,1,1,1,,,
7,6,DavidSchofield,446,15-Jul-09,2-Sep-09,19-Aug-09,Lifestyle/Home,Debut self-titled classical album,,3.49,BBC Two,,,,,David Schofield,0,60000,20,300000,0,,,,,,,,,,,,,,,,,,,,,,,,,,,,1,1,1,1,,,
7,6,FlightsofFantasyCreativePlay,447,15-Jul-09,2-Sep-09,19-Aug-09,Children/Education,Luxury children's toys,,3.49,BBC Two,,,,,Russell Bowlby,0,150000,,,0,,,,,,,,,,,,,,,,,,,,,,,,,,,,1,1,1,1,,,
7,6,GrillStreamLtd,448,15-Jul-09,2-Sep-09,19-Aug-09,Health/Wellness,Grill collecting excess fat,,3.49,BBC Two,,,,,Ian Worton and Peter Neath,1,120000,15,800000,0,,,,,,,,,,,,,,,,,,,,,,,,,,,,1,1,1,1,,,
7,6,KidsCookingCo,449,15-Jul-09,2-Sep-09,19-Aug-09,Children/Education,Children's cookware range,,3.49,BBC Two,,,,,Nicky Povey,0,100000,,,0,,,,,,,,,,,,,,,,,,,,,,,,,,,,1,1,1,1,,,
7,6,MiGarden,450,15-Jul-09,2-Sep-09,19-Aug-09,Lifestyle/Home,Indoor green house,,3.49,BBC Two,,,,,Jonathan Edwards,0,100000,,,0,,,,,,,,,,,,,,,,,,,,,,,,,,,,1,1,1,1,,,
7,6,SaboteurCrimePrevention,451,15-Jul-09,2-Sep-09,19-Aug-09,Business Services,Automatic curtain closing string box,,3.49,BBC Two,,,,,Samantha Gore,0,120000,10,1200000,0,,,,,,,,,,,,,,,,,,,,,,,,,,,,1,1,1,1,,,
7,6,Tech21,452,15-Jul-09,2-Sep-09,19-Aug-09,Electronics,"Protective cases for laptops, mobile phones etc. using a material called D30",,3.49,BBC Two,,,,,Jason Roberts,0,150000,40,375000,1,1,0,,,,,,,,,,,,,,,,,,,,,,,,,,1,1,1,1,,,
7,6,TheSpit'n'PolishShoeshineCompany,453,15-Jul-09,2-Sep-09,19-Aug-09,Business Services,Multimedia advertising shoe shining service booths,,3.49,BBC Two,,,,,Ronan McCarthy,0,108000,40,270000,1,0,,,,,,,,,,,,,,,,,,,,,,,,,,,1,1,1,1,,,
7,6,TinBoneLtd,454,15-Jul-09,2-Sep-09,19-Aug-09,Fitness/Sports/Outdoors,Football club themed toasters,,3.49,BBC Two,,,,,Duncan Bardsley and Ian McCormick,1,75000,,,0,,,,,,,,,,,,,,,,,,,,,,,,,,,,1,1,1,1,,,
7,7,BeeAutomobiles,455,15-Jul-09,2-Sep-09,26-Aug-09,Electronics,Electric automobiles,,4.24,BBC Two,,,,,Stephen Voller,0,2500000,30,8333333,0,,,,,,,,,,,,,,,,,,,,,,,,,,,,1,1,1,1,,,
7,7,BeyondChocolate,456,15-Jul-09,2-Sep-09,26-Aug-09,Software/Tech,Lifestyle weight loss coaching website,,4.24,BBC Two,,,,,Susan and Audrey Boss,1,50000,,,0,,,,,,,,,,,,,,,,,,,,,,,,,,,,1,1,1,1,,,
7,7,EPPaintRoller,457,15-Jul-09,2-Sep-09,26-Aug-09,Business Services,Paint rollers with canister attached,,4.24,BBC Two,,,,,Martin Fisher,0,100000,,,0,,,,,,,,,,,,,,,,,,,,,,,,,,,,1,1,1,1,,,
7,7,OneDip,458,15-Jul-09,2-Sep-09,26-Aug-09,Food and Beverage,Curry snack boxes,,4.24,BBC Two,,,,,Umar Mohammed and Ahmed Suleyman,1,75000,,,0,,,,,,,,,,,,,,,,,,,,,,,,,,,,1,1,1,1,,,
7,7,PhysicoolLtd,459,15-Jul-09,2-Sep-09,26-Aug-09,Health/Wellness,A bandage that reduces the temperature gently via evaporation,,4.24,BBC Two,,,,,Kay Russell,0,100000,30,333333,1,1,0,,,,,,,,,,,,,,,,,,,,,,,,,,1,1,1,1,,,
7,7,TheLetterboxGuv'nor,460,15-Jul-09,2-Sep-09,26-Aug-09,Uncertain/Other,Letterbox locking device,,4.24,BBC Two,,,,,Marios Evangelou,0,50000,,,0,,,,,,,,,,,,,,,,,,,,,,,,,,,,1,1,1,1,,,
7,7,TheAnywaySpray,461,15-Jul-09,2-Sep-09,26-Aug-09,Lifestyle/Home,Invention that allows every last drop of liquid to be used in multi-directional household product sprays,,4.24,BBC Two,,,,,Michael Pritchard,0,125000,25,500000,1,1,0,,,,,,,,,,,,,,,,,,,,,,,,,,1,1,1,1,,,
7,8,ButterflyTechnologies,462,15-Jul-09,2-Sep-09,2-Sep-09,Health/Wellness,Aid for toothpaste tubes,,4.04,BBC Two,,,,,Susan Bell and Jonathan Jones,1,75000,10,750000,0,,,,,,,,,,,,,,,,,,,,,,,,,,,,1,1,1,1,,,
7,8,Cityscapes,463,15-Jul-09,2-Sep-09,2-Sep-09,Business Services,Cityscape designs for stationary and gift cards,,4.04,BBC Two,,,,,Isaac Liloss and Hardvig Braun,1,50000,,,0,,,,,,,,,,,,,,,,,,,,,,,,,,,,1,1,1,1,,,
7,8,Earle's,464,15-Jul-09,2-Sep-09,2-Sep-09,Food and Beverage,Food truck franchise that sells hot and cold foods,,4.04,BBC Two,,,,,Michael Lea,0,100000,35,285714,1,1,0,,,,,,,,,,,,,,,,,,,,,,,,,,1,1,1,1,,,
7,8,ExtremeFliersToys,465,15-Jul-09,2-Sep-09,2-Sep-09,Children/Education,Remote control flying toys,,4.04,BBC Two,,,,,Vernon Kerswell,0,75000,15,500000,0,,,,,,,,,,,,,,,,,,,,,,,,,,,,1,1,1,1,,,
7,8,IslandBakery,466,15-Jul-09,2-Sep-09,2-Sep-09,Green/CleanTech,Organic biscuits bakery,,4.04,BBC Two,,,,,Joe Reade,0,150000,,,0,,,,,,,,,,,,,,,,,,,,,,,,,,,,1,1,1,1,,,
7,8,MotorMouse,467,15-Jul-09,2-Sep-09,2-Sep-09,Automotive,Wireless mice shaped like famous sports cars,,4.04,BBC Two,,,,,David and Patti Bailey,1,100000,40,250000,1,1,1,120000,40,300000,1,120000,40,,,,,,,,,,,,,,,,,120000,40,JamesCaan,1,1,1,1,,,1
7,8,QuickPlaySport,468,15-Jul-09,2-Sep-09,2-Sep-09,Fitness/Sports/Outdoors,Portable football goal posts,,4.04,BBC Two,,,,,Allen Holland and Steve Crosby,1,100000,,,0,,,,,,,,,,,,,,,,,,,,,,,,,,,,1,1,1,1,,,
7,8,SpiritCleaner,469,15-Jul-09,2-Sep-09,2-Sep-09,Green/CleanTech,Recyclable cleaning spirit,,4.04,BBC Two,,,,,Gary Herriet and Tom Row,1,120000,,,0,,,,,,,,,,,,,,,,,,,,,,,,,,,,1,1,1,1,,,
7,8,T.U.R.F,470,15-Jul-09,2-Sep-09,2-Sep-09,Business Services,Shareholding in professional race horses,,4.04,BBC Two,,,,,Brett Little and Edward Cryton,1,150000,,,0,,,,,,,,,,,,,,,,,,,,,,,,,,,,1,1,1,1,,,
8,1,Comprendo!,471,14-Jul-10,13-Sep-10,14-Jul-10,Media/Entertainment,Board game designed to teach languages,,3.25,BBC Two,,,,,Steve Foster and John Ainsley,1,100000,,,0,,,,,,,,,,,,,,,,,,,,,,,,,,,,1,1,1,1,,,
8,1,FlowSignals,472,14-Jul-10,13-Sep-10,14-Jul-10,Business Services,Light flash on a street traffic post,,3.25,BBC Two,,,,,Derek Cozens,0,50000,10,500000,0,,,,,,,,,,,,,,,,,,,,,,,,,,,,1,1,1,1,,,
8,1,Labels4Cables,473,14-Jul-10,13-Sep-10,14-Jul-10,Business Services,Storage packets for cables,,3.25,BBC Two,,,,,Amanda Fisher,0,50000,,,0,,,,,,,,,,,,,,,,,,,,,,,,,,,,1,1,1,1,,,
8,1,LatchLead,474,14-Jul-10,13-Sep-10,14-Jul-10,Pet Products,Quick -release and attach dog lead,,3.25,BBC Two,,,,,Steven Noble,0,60000,,,0,,,,,,,,,,,,,,,,,,,,,,,,,,,,1,1,1,1,,,
8,1,PebblebedVineyard,475,14-Jul-10,13-Sep-10,14-Jul-10,Liquor/Alcohol,The chance for wine lovers to rent their own vines in a vineyard,,3.25,BBC Two,,,,,Geoff Bowen,0,60000,40,150000,1,1,0,,,,,,,,,,,,,,,,,,,,,,,,,,1,1,1,1,,,
8,1,ShedSafe,476,14-Jul-10,13-Sep-10,14-Jul-10,Business Services,Shed security locks,,3.25,BBC Two,,,,,Bob and Robert Crib,1,,,,0,,,,,,,,,,,,,,,,,,,,,,,,,,,,1,1,1,1,,,
8,1,TheFlexFXEnterprise,477,14-Jul-10,13-Sep-10,14-Jul-10,Media/Entertainment,Bollywood dancing shows,,3.25,BBC Two,,,,,Nizzamul Chowdry,0,200000,30,666667,0,,,,,,,,,,,,,,,,,,,,,,,,,,,,1,1,1,1,,,
8,1,ToZo,478,14-Jul-10,13-Sep-10,14-Jul-10,Health/Wellness,Wearable folder for spectacles and sunglasses,,3.25,BBC Two,,,,,Dawn Pugsey,0,50000,,,0,,,,,,,,,,,,,,,,,,,,,,,,,,,,1,1,1,1,,,
8,1,Worthenshaw's,479,14-Jul-10,13-Sep-10,14-Jul-10,Food and Beverage,A frozen dessert which is a dairy-free healthy alternative to ice cream,,3.25,BBC Two,,,,,Kirsty Henshaw,0,65000,30,216667,1,1,1,65000,30,216667,2,32500,15,,,,,32500,15,,,32500,15,,,,,,,,,,1,1,1,1,,,
8,2,EasyDryHousewares,480,14-Jul-10,13-Sep-10,21-Jul-10,Business Services,Self-Rotating Washing Line,,3.27,BBC Two,,,,,John Jackson,0,80000,25,320000,0,,,,,,,,,,,,,,,,,,,,,,,,,,,,1,1,1,1,,,
8,2,InflatableFloodBarriers,481,14-Jul-10,13-Sep-10,21-Jul-10,Business Services,Inflatable flood defence system,,3.27,BBC Two,,,,,Andrew Lang and Dominic Green,1,75000,,,0,,,,,,,,,,,,,,,,,,,,,,,,,,,,1,1,1,1,,,
8,2,LittleYeller,482,14-Jul-10,13-Sep-10,21-Jul-10,Business Services,Small alternative to megaphones,,3.27,BBC Two,,,,,Peter Springett,0,80000,,,0,,,,,,,,,,,,,,,,,,,,,,,,,,,,1,1,1,1,,,
8,2,M-PowerAutomaticShavingBrush,483,14-Jul-10,13-Sep-10,21-Jul-10,Electronics,Electric shaving brush,,3.27,BBC Two,,,,,Maninder Bamotra,0,60000,,,0,,,,,,,,,,,,,,,,,,,,,,,,,,,,1,1,1,1,,,
8,2,MakeMySummer,484,14-Jul-10,13-Sep-10,21-Jul-10,Software/Tech,Summer camp recruitment website,,3.27,BBC Two,,,,,Jacqueline Cole,0,75000,,,0,,,,,,,,,,,,,,,,,,,,,,,,,,,,1,1,1,1,,,
8,2,ShopboxSystemsLtd,485,14-Jul-10,13-Sep-10,21-Jul-10,Fitness/Sports/Outdoors,Outdoor storage box for food shopping,,3.27,BBC Two,,,,,Stuart Archbold and Andrew Leslie,1,250000,10,2500000,0,,,,,,,,,,,,,,,,,,,,,,,,,,,,1,1,1,1,,,
8,2,Subeo,486,14-Jul-10,13-Sep-10,21-Jul-10,Automotive,Submersive underwater vehicles,,3.27,BBC Two,,,,,Roberts Leeds and Guy Seymore,1,1450000,45,3222222,0,,,,,,,,,,,,,,,,,,,,,,,,,,,,1,1,1,1,,,
8,2,VintagePatisserie,487,14-Jul-10,13-Sep-10,21-Jul-10,Business Services,A vintage hosting company that runs parties,,3.27,BBC Two,,,,,Angela Newman,0,100000,39,256410,1,1,0,,,,,,,,,,,,,,,,,,,,,,,,,,1,1,1,1,,,
8,3,Aquatina,488,14-Jul-10,13-Sep-10,26-Jul-10,Lifestyle/Home,Collapsible pocket-sized water bottle,,3.02,BBC Two,,,,,Guy Jeremiah,0,100000,10,1000000,0,,,,,,,,,,,,,,,,,,,,,,,,,,,,1,1,1,1,,,
8,3,BagaBook,489,14-Jul-10,13-Sep-10,26-Jul-10,Fashion/Beauty,Fashionable book bags,,3.02,BBC Two,,,,,Basil and Susan Doha,1,50000,,,0,,,,,,,,,,,,,,,,,,,,,,,,,,,,1,1,1,1,,,
8,3,BoBoWoman,490,14-Jul-10,13-Sep-10,26-Jul-10,Fashion/Beauty,Multi look dresses,,3.02,BBC Two,,,,,Janet and Neil Auldey,1,75000,,,0,,,,,,,,,,,,,,,,,,,,,,,,,,,,1,1,1,1,,,
8,3,CannonballHammer,491,14-Jul-10,13-Sep-10,26-Jul-10,Fitness/Sports/Outdoors,Cannonball attached to hammer for precision,,3.02,BBC Two,,,,,David Royce and Max Metcalfe,1,60000,,,0,,,,,,,,,,,,,,,,,,,,,,,,,,,,1,1,1,1,,,
8,3,FGHSecurity,492,14-Jul-10,13-Sep-10,26-Jul-10,Business Services,"A security company that provides staffed security, electronic security (alarms) and CCTV",,3.02,BBC Two,,,,,Peter Harrison and Wesley Downham,1,75000,20,375000,1,1,0,,,,,,,,,,,,,,,,,,,,,,,,,,1,1,1,1,,,
8,3,Golfers'Mate,493,14-Jul-10,13-Sep-10,26-Jul-10,Fitness/Sports/Outdoors,"A 3-in-1 golf accessory that includes a pitch-mark repairer, ball marker, t-peg and sharpener",,3.02,BBC Two,,,,,Dennis Fuller,0,100000,25,400000,1,1,0,,,,,,,,,,,,,,,,,,,,,,,,,,1,1,1,1,,,
8,3,IceBar,494,14-Jul-10,13-Sep-10,26-Jul-10,Liquor/Alcohol,Ice themed bar and nightclub,,3.02,BBC Two,,,,,Terry Merther,0,250000,25,1000000,0,,,,,,,,,,,,,,,,,,,,,,,,,,,,1,1,1,1,,,
8,3,RomancyGram,495,14-Jul-10,13-Sep-10,26-Jul-10,Fitness/Sports/Outdoors,Rentable portable four poster bed,,3.02,BBC Two,,,,,Chris Jones,0,50000,,,0,,,,,,,,,,,,,,,,,,,,,,,,,,,,1,1,1,1,,,
8,3,TattyBumpkinShop,496,14-Jul-10,13-Sep-10,26-Jul-10,Children/Education,Organic and bamboo kids clothing,,3.02,BBC Two,,,,,Sam Petter,0,200000,20,1000000,0,,,,,,,,,,,,,,,,,,,,,,,,,,,,1,1,1,1,,,
8,4,BloomingHigh,497,14-Jul-10,13-Sep-10,2-Aug-10,Lifestyle/Home,Plant stacking container with watering tube,,3.17,BBC Two,,,,,Lisa Marshall and Shelene Mitchell,1,50000,15,333333,0,,,,,,,,,,,,,,,,,,,,,,,,,,,,1,1,1,1,,,
8,4,Buzzgames,498,14-Jul-10,13-Sep-10,2-Aug-10,Fitness/Sports/Outdoors,Football attached to spring pole,,3.17,BBC Two,,,,,Tony Young,0,150000,10,1500000,0,,,,,,,,,,,,,,,,,,,,,,,,,,,,1,1,1,1,,,
8,4,EasyOverEggTurner,499,14-Jul-10,13-Sep-10,2-Aug-10,Lifestyle/Home,2 in 1 spatula and spoon kitchen utensil,,3.17,BBC Two,,,,,Barry and Tina Hemmings,1,50000,,,0,,,,,,,,,,,,,,,,,,,,,,,,,,,,1,1,1,1,,,
8,4,FusselsFineFoods,500,14-Jul-10,13-Sep-10,2-Aug-10,Food and Beverage,Rapeseed oils and sauces,,3.17,BBC Two,,,,,Andrew Fussell,0,65000,,,0,,,,,,,,,,,,,,,,,,,,,,,,,,,,1,1,1,1,,,
8,4,HawksdriftFalconry,501,14-Jul-10,13-Sep-10,2-Aug-10,Pet Products,"Birds of prey business which does pest control, falconry displays and a gift delivery service",,3.17,BBC Two,,,,,Layla Bennett,0,50000,25,200000,1,1,1,50000,25,200000,1,50000,25,,,,,,,,,50000,25,,,,,,,,,,1,1,1,1,,,
8,4,Lumacoustics,502,14-Jul-10,13-Sep-10,2-Aug-10,Electronics,An electronic graffiti wall,,3.17,BBC Two,,,,,Tim Williams and Tom Hogan,1,50000,40,125000,1,1,0,,,,,,,,,,,,,,,,,,,,,,,,,,1,1,1,1,,,
8,4,Sq-easyGloves,503,14-Jul-10,13-Sep-10,2-Aug-10,Lifestyle/Home,Glove attaching sponge and liquid,,3.17,BBC Two,,,,,Feisel Adams,0,80000,,,0,,,,,,,,,,,,,,,,,,,,,,,,,,,,1,1,1,1,,,
8,4,VeganShoeBoutique,504,14-Jul-10,13-Sep-10,2-Aug-10,Software/Tech,Online vegan female shoe website,,3.17,BBC Two,,,,,Claire Charles,0,100000,,,0,,,,,,,,,,,,,,,,,,,,,,,,,,,,1,1,1,1,,,
8,5,AlexaSalt,505,14-Jul-10,13-Sep-10,9-Aug-10,Food and Beverage,Pink Himalayan crystal salt,,3.17,BBC Two,,,,,Sharon Boscurt,0,75000,,,0,,,,,,,,,,,,,,,,,,,,,,,,,,,,1,1,1,1,,,
8,5,BlackNutIberianPigFeed,506,14-Jul-10,13-Sep-10,9-Aug-10,Food and Beverage,Genetically modified foods for Black Iberian Pigs,,3.17,BBC Two,,,,,Paul Morris,0,100000,20,500000,0,,,,,,,,,,,,,,,,,,,,,,,,,,,,1,1,1,1,,,
8,5,Ecosense,507,14-Jul-10,13-Sep-10,9-Aug-10,Business Services,Sensor for air conditioning controls,,3.17,BBC Two,,,,,Glenn and Steven Hardman,1,100000,,,0,,,,,,,,,,,,,,,,,,,,,,,,,,,,1,1,1,1,,,
8,5,GyminaBox,508,14-Jul-10,13-Sep-10,9-Aug-10,Health/Wellness,Chair with exercise tools attached,,3.17,BBC Two,,,,,Essan,0,54000,,,0,,,,,,,,,,,,,,,,,,,,,,,,,,,,1,1,1,1,,,
8,5,ReverendBerriman's,509,14-Jul-10,13-Sep-10,9-Aug-10,Food and Beverage,Spicy fizzy cola range,,3.17,BBC Two,,,,,Reverend John Berriman,0,75000,,,0,,,,,,,,,,,,,,,,,,,,,,,,,,,,1,1,1,1,,,
8,5,TheFisheazyAutorest,510,14-Jul-10,13-Sep-10,9-Aug-10,Uncertain/Other,Automated pole rest for fishermen,,3.17,BBC Two,,,,,Charlie Mylonas and Guy Nottingham,1,60000,,,0,,,,,,,,,,,,,,,,,,,,,,,,,,,,1,1,1,1,,,
8,5,TreeofKnowledge,511,14-Jul-10,13-Sep-10,9-Aug-10,Software/Tech,Motivational teaching programmes,,3.17,BBC Two,,,,,Gavin Oaks and Alan Burton,1,100000,10,1000000,0,,,,,,,,,,,,,,,,,,,,,,,,,,,,1,1,1,1,,,
8,5,WedgeWelly,512,14-Jul-10,13-Sep-10,9-Aug-10,Fashion/Beauty,Wellington boots with a wedge,,3.17,BBC Two,,,,,"Sarah, Mike Longthorn and Laura Booth",1,65000,30,216667,1,1,1,65000,30,216667,1,65000,30,,,,,,,,,,,65000,30,,,,,,,,1,1,1,1,,,
8,5,Zigo,513,14-Jul-10,13-Sep-10,9-Aug-10,Fitness/Sports/Outdoors,Multi-purpose carrier bike,,3.17,BBC Two,,,,,Steven Mitchell and Michael Ehrenreich,1,225000,6,3750000,0,,,,,,,,,,,,,,,,,,,,,,,,,,,,1,1,1,1,,,
8,6,AdvancedBuildingDesignLtd,514,14-Jul-10,13-Sep-10,16-Aug-10,Business Services,Clamps for radiator maintenance,,3.11,BBC Two,,,,,Graham Downey and Phil Morrison,1,89000,15,593333,0,,,,,,,,,,,,,,,,,,,,,,,,,,,,1,1,1,1,,,
8,6,AngelCot,515,14-Jul-10,13-Sep-10,16-Aug-10,Children/Education,Multi-use baby crib,,3.11,BBC Two,,,,,Jacqueline McKay,0,150000,40,375000,0,,,,,,,,,,,,,,,,,,,,,,,,,,,,1,1,1,1,,,
8,6,ArtitusMarine,516,14-Jul-10,13-Sep-10,16-Aug-10,Fitness/Sports/Outdoors,Mast climbing device for sailing boats,,3.11,BBC Two,,,,,Graham and Sue Wright,1,50000,,,0,,,,,,,,,,,,,,,,,,,,,,,,,,,,1,1,1,1,,,
8,6,BeePrepared,517,14-Jul-10,13-Sep-10,16-Aug-10,Health/Wellness,"Supplement extracts from bee propolis, black elderberry, olive leaf and beta glucans",,3.11,BBC Two,,,,,Sarah Orecchia,0,75000,,,0,,,,,,,,,,,,,,,,,,,,,,,,,,,,1,1,1,1,,,
8,6,Breakout,518,14-Jul-10,13-Sep-10,16-Aug-10,Uncertain/Other,Emergency glass breaking device,,3.11,BBC Two,,,,,Steven Mahar,0,75000,,,0,,,,,,,,,,,,,,,,,,,,,,,,,,,,1,1,1,1,,,
8,6,CoverFit,519,14-Jul-10,13-Sep-10,16-Aug-10,Pet Products,Post surgery cover blanket for dogs,,3.11,BBC Two,,,,,Terry and David Ward,1,90000,,,0,,,,,,,,,,,,,,,,,,,,,,,,,,,,1,1,1,1,,,
8,6,FunkyMoves,520,14-Jul-10,13-Sep-10,16-Aug-10,Electronics,An electronic interactive sports cone game,,3.11,BBC Two,,,,,Ralf Klinnert,0,120000,50,240000,1,1,0,,,,,,,,,,,,,,,,,,,,,,,,,,1,1,1,1,,,
8,6,PeelEngineering,521,14-Jul-10,13-Sep-10,16-Aug-10,Electronics,"The world's smallest production car, also powered by an electric motor",,3.11,BBC Two,,,,,Faizal Khan and Gary Hilman,1,80000,30,266667,1,1,1,80000,30,266667,1,80000,30,,,,,,,,,,,,,,,,,80000,30,JamesCaan,1,1,1,1,,,1
8,6,PizzaBall,522,14-Jul-10,13-Sep-10,16-Aug-10,Food and Beverage,Metallic ball for making pizza dough bases,,3.11,BBC Two,,,,,Daniel Bayley-Taylor,0,50000,,,0,,,,,,,,,,,,,,,,,,,,,,,,,,,,1,1,1,1,,,
8,7,ChapatiMan,523,14-Jul-10,13-Sep-10,24-Aug-10,Food and Beverage,Range of Indian chapati wraps,,3.17,BBC Two,,,,,Christopher and Andrea Rai,1,50000,,,0,,,,,,,,,,,,,,,,,,,,,,,,,,,,1,1,1,1,,,
8,7,CitidogsCreche,524,14-Jul-10,13-Sep-10,24-Aug-10,Pet Products,Dog day centre,,3.17,BBC Two,,,,,Sarah McClean and Sandy Maxwell-Forbes,1,75000,20,375000,0,,,,,,,,,,,,,,,,,,,,,,,,,,,,1,1,1,1,,,
8,7,GiftCardConverter,525,14-Jul-10,13-Sep-10,24-Aug-10,Software/Tech,Website to buy/exchange gift cards,,3.17,BBC Two,,,,,Simon Jamieson and Allan Brown,1,50000,25,200000,0,,,,,,,,,,,,,,,,,,,,,,,,,,,,1,1,1,1,,,
8,7,LifeScienceServices,526,14-Jul-10,13-Sep-10,24-Aug-10,Business Services,Collapsable silent wind turbine,,3.17,BBC Two,,,,,Matthias Luethi,0,150000,,,0,,,,,,,,,,,,,,,,,,,,,,,,,,,,1,1,1,1,,,
8,7,Sqeasy,527,14-Jul-10,13-Sep-10,24-Aug-10,Business Services,Device removing all contents from sachets,,3.17,BBC Two,,,,,Ian and Karen Moakes,1,,,,0,,,,,,,,,,,,,,,,,,,,,,,,,,,,1,1,1,1,,,
8,7,SURVIVA–SURVIVAJAK,528,14-Jul-10,13-Sep-10,24-Aug-10,Uncertain/Other,Jacket that has foil lining to prevent hypothermia,,3.17,BBC Two,,,,,Letitia Valentine and Alexander Lewis,1,75000,45,166667,1,1,0,,,,,,,,,,,,,,,,,,,,,,,,,,1,1,1,1,,,
8,7,TheGiantSnowGlobe,529,14-Jul-10,13-Sep-10,24-Aug-10,Media/Entertainment,Winter themed attraction,,3.17,BBC Two,,,,,Alastair Heelas,0,180000,,,0,,,,,,,,,,,,,,,,,,,,,,,,,,,,1,1,1,1,,,
8,7,TheWandCompany,530,14-Jul-10,13-Sep-10,24-Aug-10,Uncertain/Other,"""Kymera"" – a buttonless gesture-based universal remote control",,3.17,BBC Two,,,,,Richard Blakesley and Chris Barnardo,1,200000,30,666667,1,1,1,200000,30,666667,1,200000,30,,,,,,,,,200000,30,,,,,,,,,,1,1,1,1,,,
8,7,WaveCave,531,14-Jul-10,13-Sep-10,24-Aug-10,Fitness/Sports/Outdoors,Surfboard with tent attachment,,3.17,BBC Two,,,,,Jeremy Fry and Marta Podhorski-Okolow,1,90000,,,0,,,,,,,,,,,,,,,,,,,,,,,,,,,,1,1,1,1,,,
8,8,CommandoJoe'sFunandFitness,532,14-Jul-10,13-Sep-10,31-Aug-10,Children/Education,Military style fitness classes for children,,2.98,BBC Two,,,,,Michael Hamilton,0,50000,,,0,,,,,,,,,,,,,,,,,,,,,,,,,,,,1,1,1,1,,,
8,8,Odourbuster,533,14-Jul-10,13-Sep-10,31-Aug-10,Lifestyle/Home,Toilet fitting for bathroom pipe cleaning,,2.98,BBC Two,,,,,Patrick Smythe and Tim Hurst,1,75000,15,500000,0,,,,,,,,,,,,,,,,,,,,,,,,,,,,1,1,1,1,,,
8,8,Paintapron,534,14-Jul-10,13-Sep-10,31-Aug-10,Health/Wellness,Box attached to harness to aid DIY,,2.98,BBC Two,,,,,John French,0,70000,,,0,,,,,,,,,,,,,,,,,,,,,,,,,,,,1,1,1,1,,,
8,8,Power8Workshop,535,14-Jul-10,13-Sep-10,31-Aug-10,Automotive,power tool set that is the world's first cordless bench top system,,2.98,BBC Two,,,,,Chris Elsworthy,0,150000,30,500000,1,1,0,,,,,,,,,,,,,,,,,,,,,,,,,,1,1,1,1,,,
8,8,SpotonShades,536,14-Jul-10,13-Sep-10,31-Aug-10,Media/Entertainment,Shades for spot-lighting,,2.98,BBC Two,,,,,Philippa Stephen-Martin,0,50000,,,0,,,,,,,,,,,,,,,,,,,,,,,,,,,,1,1,1,1,,,
8,8,Temporaryhousing,537,14-Jul-10,13-Sep-10,31-Aug-10,Business Services,Temporary housing for homes and schools,,2.98,BBC Two,,,,,"Michael Dreige, Catherine Vanier and Rory McClane",1,130000,,,0,,,,,,,,,,,,,,,,,,,,,,,,,,,,1,1,1,1,,,
8,8,TheParcelOffice,538,14-Jul-10,13-Sep-10,31-Aug-10,Business Services,Excess luggage and parcel delivery,,2.98,BBC Two,,,,,Stanley Wallace,0,250000,,,0,,,,,,,,,,,,,,,,,,,,,,,,,,,,1,1,1,1,,,
8,8,TheYumYums,539,14-Jul-10,13-Sep-10,31-Aug-10,Children/Education,Children's books characters based on fruits and vegetables,,2.98,BBC Two,,,,,Diane White and Kalvinder Bhullar,1,100000,20,500000,0,,,,,,,,,,,,,,,,,,,,,,,,,,,,1,1,1,1,,,
8,8,ValueMyStuff,540,14-Jul-10,13-Sep-10,31-Aug-10,Business Services,An online antique valuation service,,2.98,BBC Two,,,,,Patrick van der Vorst,0,100000,40,250000,1,1,1,100000,40,250000,2,50000,20,,,,,,,50000,20,,,50000,20,,,,,,,,1,1,1,1,,,
8,9,ContentandCalm,541,14-Jul-10,13-Sep-10,6-Sep-10,Children/Education,"A backpack-tray for use on cars, planes, etc. that prevents children's toys rolling onto the floor",,3.13,BBC Two,,,,,Solvej Biddle,0,80000,23,347826,1,1,0,,,,,,,,,,,,,,,,,,,,,,,,,,1,1,1,1,,,
8,9,Proppa,542,14-Jul-10,13-Sep-10,6-Sep-10,Software/Tech,A website that sells vehicle accessories,,3.13,BBC Two,,,,,Adam Weaver,0,50000,20,250000,1,1,0,,,,,,,,,,,,,,,,,,,,,,,,,,1,1,1,1,,,
8,9,SweatSportz,543,14-Jul-10,13-Sep-10,6-Sep-10,Fitness/Sports/Outdoors,Sports vest aiding weight loss,,3.13,BBC Two,,,,,Keith and Chris Hamilton,1,100000,10,1000000,0,,,,,,,,,,,,,,,,,,,,,,,,,,,,1,1,1,1,,,
8,9,TailorMade,544,14-Jul-10,13-Sep-10,6-Sep-10,Business Services,3D body-scanning for clothes measurements,,3.13,BBC Two,,,,,John Buni,0,75000,10,750000,0,,,,,,,,,,,,,,,,,,,,,,,,,,,,1,1,1,1,,,
8,10,Alago,545,14-Jul-10,13-Sep-10,13-Sep-10,Fitness/Sports/Outdoors,Heated glove for playing rugby,,2.82,BBC Two,,,,,Anthony Curtis,0,110000,,,0,,,,,,,,,,,,,,,,,,,,,,,,,,,,1,1,1,1,,,
8,10,GaBoom,546,14-Jul-10,13-Sep-10,13-Sep-10,Software/Tech,Website to exchange computer games,,2.82,BBC Two,,,,,Jessica Ratcliffe,0,60000,11,545455,0,,,,,,,,,,,,,,,,,,,,,,,,,,,,1,1,1,1,,,
8,10,MediaDisplays,547,14-Jul-10,13-Sep-10,13-Sep-10,Software/Tech,A mobile digital advertising service,,2.82,BBC Two,,,,,Ian Taylor,0,80000,45,177778,1,1,0,,,,,,,,,,,,,,,,,,,,,,,,,,1,1,1,1,,,
8,10,MobileSentry,548,14-Jul-10,13-Sep-10,13-Sep-10,Children/Education,Website tracking children's activity on mobile phones,,2.82,BBC Two,,,,,John and Celina Edwards,1,80000,,,0,,,,,,,,,,,,,,,,,,,,,,,,,,,,1,1,1,1,,,
8,10,MyBabiieltd,549,14-Jul-10,13-Sep-10,13-Sep-10,Children/Education,Buggy that incorporates a changing table,,2.82,BBC Two,,,,,Adam Phillips,0,100000,10,1000000,0,,,,,,,,,,,,,,,,,,,,,,,,,,,,1,1,1,1,,,
8,10,PictureCaseLtd,550,14-Jul-10,13-Sep-10,13-Sep-10,Lifestyle/Home,Branding for luggage and suitcases,,2.82,BBC Two,,,,,Gavin and Susan Naismith,1,80000,,,0,,,,,,,,,,,,,,,,,,,,,,,,,,,,1,1,1,1,,,
8,10,TheDefender,551,14-Jul-10,13-Sep-10,13-Sep-10,Automotive,Security tracking device for cars,,2.82,BBC Two,,,,,Carl Myer,0,100000,,,0,,,,,,,,,,,,,,,,,,,,,,,,,,,,1,1,1,1,,,
9,1,DustElimin8,552,31-Jul-11,3-Oct-11,31-Jul-11,Business Services,Device alleviating dust from building tools,,4.39,BBC Two,,,,,Paul Watts,0,50000,,,0,,,,,,,,,,,,,,,,,,,,,,,,,,,,1,1,1,1,,,
9,1,Egglu,553,31-Jul-11,3-Oct-11,31-Jul-11,Lifestyle/Home,Plastic ball preventing splashback in toilets,,4.39,BBC Two,,,,,George Winter,0,50000,,,0,,,,,,,,,,,,,,,,,,,,,,,,,,,,1,1,1,1,,,
9,1,Gloven,554,31-Jul-11,3-Oct-11,31-Jul-11,Lifestyle/Home,Flexible oven gloves,,4.39,BBC Two,,,,,Nola Baldwin,0,75000,,,0,,,,,,,,,,,,,,,,,,,,,,,,,,,,1,1,1,1,,,
9,1,HumanCannonball,555,31-Jul-11,3-Oct-11,31-Jul-11,Media/Entertainment,Human cannonball entertainment,,4.39,BBC Two,,,,,Rodrigo and Lois Perez,1,34000,10,340000,0,,,,,,,,,,,,,,,,,,,,,,,,,,,,1,1,1,1,,,
9,1,MirujiHealth,556,31-Jul-11,3-Oct-11,31-Jul-11,Health/Wellness,Massage chair combined mind coaching audios,,4.39,BBC Two,,,,,Alan Sharrock,0,100000,10,1000000,0,,,,,,,,,,,,,,,,,,,,,,,,,,,,1,1,1,1,,,
9,1,PloughcroftSolar,557,31-Jul-11,3-Oct-11,31-Jul-11,Green/CleanTech,A company that installs solar panels in homes,,4.39,BBC Two,,,,,Chris Hopkins,0,120000,25,480000,1,1,1,120000,25,480000,2,60000,12.5,,,,,,,60000,12.5,,,60000,12.5,,,,,,,,1,1,1,1,,,
9,1,ThePresentClub,558,31-Jul-11,3-Oct-11,31-Jul-11,Children/Education,A website for buying gifts for children,,4.39,BBC Two,,,,,Georgette Hewitt,0,60000,30,200000,1,1,1,60000,30,200000,2,30000,15,,,,,30000,15,,,,,30000,15,,,,,,,,1,1,1,1,,,
9,1,WarmaHorn,559,31-Jul-11,3-Oct-11,31-Jul-11,Uncertain/Other,Neoprene sleeve to keep brass instruments warm,,4.39,BBC Two,,,,,Alison Kedge,0,50000,,,0,,,,,,,,,,,,,,,,,,,,,,,,,,,,1,1,1,1,,,
9,2,DogBling,560,31-Jul-11,3-Oct-11,7-Aug-11,Pet Products,Fashion accessories for dogs,,4.19,BBC Two,,,,,Elizabeth Chance and Colin Halfpenny,1,50000,,,0,,,,,,,,,,,,,,,,,,,,,,,,,,,,1,1,1,1,,,
9,2,Karnap,561,31-Jul-11,3-Oct-11,7-Aug-11,Automotive,Inflatable car bed,,4.19,BBC Two,,,,,John McMonagle,0,125000,,,0,,,,,,,,,,,,,,,,,,,,,,,,,,,,1,1,1,1,,,
9,2,KralkAudio,562,31-Jul-11,3-Oct-11,7-Aug-11,Lifestyle/Home,Bluetooth speaker integrated into bath tubs,,4.19,BBC Two,,,,,Alan Clark,0,70000,,,0,,,,,,,,,,,,,,,,,,,,,,,,,,,,1,1,1,1,,,
9,2,LoveDaPop,563,31-Jul-11,3-Oct-11,7-Aug-11,Food and Beverage,A business turning the old popcorn treat into a modern mainstream snack,,4.19,BBC Two,,,,,"Christian Hartmann, Martin McLaughlin and Tom Callard",1,70000,45,155556,1,1,1,70000,45,155556,1,70000,45,,,,,70000,45,,,,,,,,,,,,,,1,1,1,1,,,
9,2,NoParkingFine,564,31-Jul-11,3-Oct-11,7-Aug-11,Software/Tech,Website challenging parking fines,,4.19,BBC Two,,,,,Safiya Hussain,0,50000,,,0,,,,,,,,,,,,,,,,,,,,,,,,,,,,1,1,1,1,,,
9,2,RaskelfMemoryFoam,565,31-Jul-11,3-Oct-11,7-Aug-11,Lifestyle/Home,A zip-up memory foam mattress and duvet combo,,4.19,BBC Two,,,,,Liz and Alan Colleran,1,80000,26,307692,1,1,1,80000,26,307692,1,80000,26,,,,,,,,,,,,,,,,,80000,26,HilaryDevey,1,1,1,1,,,
9,2,TheBritishDJandMCAcademy,566,31-Jul-11,3-Oct-11,7-Aug-11,Media/Entertainment,Mobile music facilities for DJs,,4.19,BBC Two,,,,,Krissy Sims and Kerry O'Brian,1,150000,20,750000,0,,,,,,,,,,,,,,,,,,,,,,,,,,,,1,1,1,1,,,
9,2,UVBodySculpture,567,31-Jul-11,3-Oct-11,7-Aug-11,Fashion/Beauty,Skin tanning aid via ultraviolet technology,,4.19,BBC Two,,,,,Glen Harden,0,50000,20,250000,0,,,,,,,,,,,,,,,,,,,,,,,,,,,,1,1,1,1,,,
9,3,ExtremeTextiles,568,31-Jul-11,3-Oct-11,14-Aug-11,Fashion/Beauty,Extreme knitwear,,3.27,BBC Two,,,,,Rachel and Carmen John,1,100000,,,0,,,,,,,,,,,,,,,,,,,,,,,,,,,,1,1,1,1,,,
9,3,FunFancyDress,569,31-Jul-11,3-Oct-11,14-Aug-11,Media/Entertainment,Fancy-dress shop business and franchise,,3.27,BBC Two,,,,,Peter and Michelle Hart,1,100000,50,200000,1,1,0,,,,,,,,,,,,,,,,,,,,,,,,,,1,1,1,1,,,
9,3,ICVTechnology,570,31-Jul-11,3-Oct-11,14-Aug-11,Fitness/Sports/Outdoors,Weight loss clothing,,3.27,BBC Two,,,,,Leon Lee,0,100000,10,1000000,0,,,,,,,,,,,,,,,,,,,,,,,,,,,,1,1,1,1,,,
9,3,N/A,571,31-Jul-11,3-Oct-11,14-Aug-11,Lifestyle/Home,Cover protection for filling hot water bottles,,3.27,BBC Two,,,,,Justin Potter,0,50000,,,0,,,,,,,,,,,,,,,,,,,,,,,,,,,,1,1,1,1,,,
9,3,PhilharmonicLights,572,31-Jul-11,3-Oct-11,14-Aug-11,Lifestyle/Home,Theatrical portable wireless lights,,3.27,BBC Two,,,,,Aleksandar Tomic,0,80000,25,320000,0,,,,,,,,,,,,,,,,,,,,,,,,,,,,1,1,1,1,,,
9,3,Postsaver,573,31-Jul-11,3-Oct-11,14-Aug-11,Lifestyle/Home,Protection for fence posts,,3.27,BBC Two,,,,,Jim and Richard George,1,160000,35,457143,1,0,,,,,,,,,,,,,,,,,,,,,,,,,,,1,1,1,1,,,
9,3,TheRascalDogLetterbox,574,31-Jul-11,3-Oct-11,14-Aug-11,Pet Products,Litter trays for dogs,,3.27,BBC Two,,,,,"Tricia Tierney, Tim and Meena Kalia",1,75000,20,375000,0,,,,,,,,,,,,,,,,,,,,,,,,,,,,1,1,1,1,,,
9,3,UKGC,575,31-Jul-11,3-Oct-11,14-Aug-11,Food and Beverage,All you can drink private members club,,3.27,BBC Two,,,,,Daniel Thompson,0,,45,,0,,,,,,,,,,,,,,,,,,,,,,,,,,,,1,1,1,1,,,
9,4,EventfulStays,576,31-Jul-11,3-Oct-11,21-Aug-11,Software/Tech,Online private accommodation agency,,3.72,BBC Two,,,,,Camilla Shaughnessy,0,240000,,,0,,,,,,,,,,,,,,,,,,,,,,,,,,,,1,1,1,1,,,
9,4,MySeaSafe,577,31-Jul-11,3-Oct-11,21-Aug-11,Fitness/Sports/Outdoors,Detachable safe for sun loungers,,3.72,BBC Two,,,,,Fraser Allen,0,150000,5,3000000,0,,,,,,,,,,,,,,,,,,,,,,,,,,,,1,1,1,1,,,
9,4,PotsandPancakes,578,31-Jul-11,3-Oct-11,21-Aug-11,Food and Beverage,Ceramics cafe,,3.72,BBC Two,,,,,Shirley and Hayley Smith,1,50000,,,0,,,,,,,,,,,,,,,,,,,,,,,,,,,,1,1,1,1,,,
9,4,ProSlope,579,31-Jul-11,3-Oct-11,21-Aug-11,Fitness/Sports/Outdoors,Artificial ski-matting business,,3.72,BBC Two,,,,,Chris O'Connell,0,75000,,,0,,,,,,,,,,,,,,,,,,,,,,,,,,,,1,1,1,1,,,
9,4,RicoMexicanKitchen,580,31-Jul-11,3-Oct-11,21-Aug-11,Food and Beverage,Range of Mexican foods,,3.72,BBC Two,,,,,Marcela Flores Newburn and Tim Sutton,1,75000,20,375000,0,,,,,,,,,,,,,,,,,,,,,,,,,,,,1,1,1,1,,,
9,4,Rollersigns,581,31-Jul-11,3-Oct-11,21-Aug-11,Business Services,Advertising on belt banners,,3.72,BBC Two,,,,,Robert Lewis,0,100000,100,100000,1,1,0,,,,,,,,,,,,,,,,,,,,,,,,,,1,1,1,1,,,
9,4,Steamcontrolledshavingaid,582,31-Jul-11,3-Oct-11,21-Aug-11,Health/Wellness,Steam controlled shaving aid,,3.72,BBC Two,,,,,Sampson Dukabyagbena,0,190000,,,0,,,,,,,,,,,,,,,,,,,,,,,,,,,,1,1,1,1,,,
9,4,UniqueIdeasUK,583,31-Jul-11,3-Oct-11,21-Aug-11,Media/Entertainment,Corporate events and entertainment including the Cyclone GameCube,,3.72,BBC Two,,,,,Bob Davis,0,50000,20,250000,1,1,0,,,,,,,,,,,,,,,,,,,,,,,,,,1,1,1,1,,,
9,5,BaskitGeni,584,31-Jul-11,3-Oct-11,28-Aug-11,Fitness/Sports/Outdoors,Anti-theft device for gardeners,,3.2,BBC Two,,,,,Jacqueline Williams and Gerald Parker,1,50000,,,0,,,,,,,,,,,,,,,,,,,,,,,,,,,,1,1,1,1,,,
9,5,BoginaBag,585,31-Jul-11,3-Oct-11,28-Aug-11,Lifestyle/Home,"Lightweight, portable toilet",,3.2,BBC Two,,,,,Kate Castle,0,50000,30,166667,1,1,1,50000,30,166667,1,50000,30,,,,,,,,,,,50000,30,,,,,,,,1,1,1,1,,,
9,5,FeedingYourImagination,586,31-Jul-11,3-Oct-11,28-Aug-11,Food and Beverage,Range of chocolate bars,,3.2,BBC Two,,,,,Paul Da-Costa-Greaves,0,50000,,,0,,,,,,,,,,,,,,,,,,,,,,,,,,,,1,1,1,1,,,
9,5,Flaggo!,587,31-Jul-11,3-Oct-11,28-Aug-11,Media/Entertainment,Board-game flying by country to spell Flaggo!,,3.2,BBC Two,,,,,George Allen,0,50000,,,0,,,,,,,,,,,,,,,,,,,,,,,,,,,,1,1,1,1,,,
9,5,JogPostLimited,588,31-Jul-11,3-Oct-11,28-Aug-11,Business Services,Direct marketing company specialising in leaflet distribution,,3.2,BBC Two,,,,,Henry Buckley and JJ Harding,1,50000,20,250000,1,1,0,,,,,,,,,,,,,,,,,,,,,,,,,,1,1,1,1,,,
9,5,MyburghDesigns,589,31-Jul-11,3-Oct-11,28-Aug-11,Fitness/Sports/Outdoors,Garden copper furniture,,3.2,BBC Two,,,,,Steven Myburgh,0,70000,20,350000,0,,,,,,,,,,,,,,,,,,,,,,,,,,,,1,1,1,1,,,
9,5,PolkadotPantomimes,590,31-Jul-11,3-Oct-11,28-Aug-11,Media/Entertainment,Classic British pantomimes,,3.2,BBC Two,,,,,Darren Maddison and Helen Wright,1,100000,20,500000,0,,,,,,,,,,,,,,,,,,,,,,,,,,,,1,1,1,1,,,
9,5,WingAware,591,31-Jul-11,3-Oct-11,28-Aug-11,Lifestyle/Home,Safety indication for car's distance from wing mirrors,,3.2,BBC Two,,,,,Phillip Hall,0,75000,,,0,,,,,,,,,,,,,,,,,,,,,,,,,,,,1,1,1,1,,,
9,6,ABPerformance,592,31-Jul-11,3-Oct-11,4-Sep-11,Automotive,"Bike-engined car manufacturing, servicing, repairs and tuning company",,3.08,BBC Two,,,,,Andy Bates,0,50000,35,142857,1,1,1,50000,35,142857,1,50000,35,,,,,50000,35,,,,,,,,,,,,,,1,1,1,1,,,
9,6,AquaShekoFishSpa,593,31-Jul-11,3-Oct-11,4-Sep-11,Fitness/Sports/Outdoors,Fish tank pedicure,,3.08,BBC Two,,,,,Karen and Jo-Chan Ho,1,150000,30,500000,0,,,,,,,,,,,,,,,,,,,,,,,,,,,,1,1,1,1,,,
9,6,BratandSuzie,594,31-Jul-11,3-Oct-11,4-Sep-11,Fashion/Beauty,Fashionable animal clothing range,,3.08,BBC Two,,,,,Polly and Charlotte Vickery,1,65000,20,325000,0,,,,,,,,,,,,,,,,,,,,,,,,,,,,1,1,1,1,,,
9,6,CrocodileKeyboard,595,31-Jul-11,3-Oct-11,4-Sep-11,Software/Tech,Touchpad keyboard with triangular outlay,,3.08,BBC Two,,,,,David Baker,0,150000,10,1500000,0,,,,,,,,,,,,,,,,,,,,,,,,,,,,1,1,1,1,,,
9,6,N-Sign,596,31-Jul-11,3-Oct-11,4-Sep-11,Uncertain/Other,Signage and engraving company,,3.08,BBC Two,,,,,Alun Pearson,0,100000,10,1000000,0,,,,,,,,,,,,,,,,,,,,,,,,,,,,1,1,1,1,,,
9,6,PokerControls,597,31-Jul-11,3-Oct-11,4-Sep-11,Media/Entertainment,Joystick for poker gaming consoles,,3.08,BBC Two,,,,,Jonathan Caplan,0,275000,,,0,,,,,,,,,,,,,,,,,,,,,,,,,,,,1,1,1,1,,,
9,6,Skip-Hop,598,31-Jul-11,3-Oct-11,4-Sep-11,Fitness/Sports/Outdoors,Skipping rope,,3.08,BBC Two,,,,,Scott Robert Shaw and Lee Collison-James,1,100000,,,0,,,,,,,,,,,,,,,,,,,,,,,,,,,,1,1,1,1,,,
9,6,StickiButt,599,31-Jul-11,3-Oct-11,4-Sep-11,Automotive,Harness and seatbelt accessory for motorcycles,,3.08,BBC Two,,,,,Michelle Smith,0,80000,,,0,,,,,,,,,,,,,,,,,,,,,,,,,,,,1,1,1,1,,,
9,7,barMate,600,31-Jul-11,3-Oct-11,12-Sep-11,Liquor/Alcohol,Hands-free pint-pulling product,,2.26,BBC Two,,,,,"Nick Cross, Richard Hadden and Sebastian Stoddart",1,50000,30,166667,1,1,0,,,,,,,,,,,,,,,,,,,,,,,,,,1,1,1,1,,,
9,7,Crips,601,31-Jul-11,3-Oct-11,12-Sep-11,Food and Beverage,Low fat snack crisps,,2.26,BBC Two,,,,,Gareth and Brian Smith,1,250000,10,2500000,0,,,,,,,,,,,,,,,,,,,,,,,,,,,,1,1,1,1,,,
9,7,HealthSwing,602,31-Jul-11,3-Oct-11,12-Sep-11,Health/Wellness,Rehabilitation exercise device,,2.26,BBC Two,,,,,Wendy Thompson,0,50000,40,125000,0,,,,,,,,,,,,,,,,,,,,,,,,,,,,1,1,1,1,,,
9,7,Kiddimoto,603,31-Jul-11,3-Oct-11,12-Sep-11,Children/Education,Children's balance bikes,,2.26,BBC Two,,,,,Simon Booth,0,75000,30,250000,1,1,0,,,,,,,,,,,,,,,,,,,,,,,,,,1,1,1,1,,,
9,7,OpusInnovationsLtd,604,31-Jul-11,3-Oct-11,12-Sep-11,Children/Education,Children's nasal accessories,,2.26,BBC Two,,,,,Orobola Lafe,0,50000,10,500000,0,,,,,,,,,,,,,,,,,,,,,,,,,,,,1,1,1,1,,,
9,7,Pulse,605,31-Jul-11,3-Oct-11,12-Sep-11,Children/Education,Police-themed educational workshops,,2.26,BBC Two,,,,,Jacqui Thompson,0,50000,,,0,,,,,,,,,,,,,,,,,,,,,,,,,,,,1,1,1,1,,,
9,7,Safestix,606,31-Jul-11,3-Oct-11,12-Sep-11,Pet Products,Wooden sticks for dogs,,2.26,BBC Two,,,,,Paul Blair,0,80000,,,0,,,,,,,,,,,,,,,,,,,,,,,,,,,,1,1,1,1,,,
9,7,Wind-E-Lite,607,31-Jul-11,3-Oct-11,12-Sep-11,Fitness/Sports/Outdoors,Fan power bicycle light,,2.26,BBC Two,,,,,Ian Wilson,0,50000,,,0,,,,,,,,,,,,,,,,,,,,,,,,,,,,1,1,1,1,,,
9,8,EasylegsAutomotive,608,31-Jul-11,3-Oct-11,19-Sep-11,Automotive,Supporting legs for lorry trailers,,2.17,BBC Two,,,,,Jim Jamieson,0,80000,,,0,,,,,,,,,,,,,,,,,,,,,,,,,,,,1,1,1,1,,,
9,8,EcoHabHomesandO-PodBuildings,609,31-Jul-11,3-Oct-11,19-Sep-11,Lifestyle/Home,Energy-efficient dome-shaped buildings and garden structures,,2.17,BBC Two,,,,,Aidan Quinn and Gemma Roe,1,75000,40,187500,1,1,0,,,,,,,,,,,,,,,,,,,,,,,,,,1,1,1,1,,,
9,8,FatPhRocks,610,31-Jul-11,3-Oct-11,19-Sep-11,Lifestyle/Home,Female clothes and underwear range,,2.17,BBC Two,,,,,Michelle and Steve Ellis,1,60000,30,200000,0,,,,,,,,,,,,,,,,,,,,,,,,,,,,1,1,1,1,,,
9,8,FlipItSales,611,31-Jul-11,3-Oct-11,19-Sep-11,Lifestyle/Home,Foldaway furniture,,2.17,BBC Two,,,,,Marion Mainstone,0,200000,,,0,,,,,,,,,,,,,,,,,,,,,,,,,,,,1,1,1,1,,,
9,8,HaggisDog,612,31-Jul-11,3-Oct-11,19-Sep-11,Food and Beverage,Spiced haggis dish,,2.17,BBC Two,,,,,Mark Shaw,0,50000,,,0,,,,,,,,,,,,,,,,,,,,,,,,,,,,1,1,1,1,,,
9,8,RealtorNetworkLimited,613,31-Jul-11,3-Oct-11,19-Sep-11,Software/Tech,Online real estate agency,,2.17,BBC Two,,,,,Richard Williams and Gil Ostrander,1,50000,20,250000,0,,,,,,,,,,,,,,,,,,,,,,,,,,,,1,1,1,1,,,
9,8,RKARecords,614,31-Jul-11,3-Oct-11,19-Sep-11,Uncertain/Other,Record label,,2.17,BBC Two,,,,,Ryan Ashmore and Liam Webb,1,50000,79,63291,1,1,1,50000,79,63291,1,50000,79,,,,,,,,,50000,79,,,,,,,,,,1,1,1,1,,,
9,8,Trinamicballs,615,31-Jul-11,3-Oct-11,19-Sep-11,Automotive,In-car accessory dance ball,,2.17,BBC Two,,,,,Yasmin Hussain,0,65000,,,0,,,,,,,,,,,,,,,,,,,,,,,,,,,,1,1,1,1,,,
9,9,Crowdity,616,31-Jul-11,3-Oct-11,26-Sep-11,Software/Tech,Group buying website,,2.46,BBC Two,,,,,Rob Beresford and Emma Kennedy,1,200000,,,0,,,,,,,,,,,,,,,,,,,,,,,,,,,,1,1,1,1,,,
9,9,MallMobility,617,31-Jul-11,3-Oct-11,26-Sep-11,Business Services,Self-service coin-operated mobility service,,2.46,BBC Two,,,,,Fraser Sinnott,0,120000,,,0,,,,,,,,,,,,,,,,,,,,,,,,,,,,1,1,1,1,,,
9,9,RichibrownOrganicBotox,618,31-Jul-11,3-Oct-11,26-Sep-11,Fashion/Beauty,All-natural anti-ageing product,,2.46,BBC Two,,,,,John Richardson,0,75000,,,0,,,,,,,,,,,,,,,,,,,,,,,,,,,,1,1,1,1,,,
9,9,RomeoProductsLtd,619,31-Jul-11,3-Oct-11,26-Sep-11,Fitness/Sports/Outdoors,Outdoor shelving system,,2.46,BBC Two,,,,,Nathan Pearson,0,50000,25,200000,0,,,,,,,,,,,,,,,,,,,,,,,,,,,,1,1,1,1,,,
9,9,Savvylash,620,31-Jul-11,3-Oct-11,26-Sep-11,Fashion/Beauty,Eyelash beauty product,,2.46,BBC Two,,,,,Michelle Savage,0,50000,20,250000,0,,,,,,,,,,,,,,,,,,,,,,,,,,,,1,1,1,1,,,
9,9,ShootItYourself,621,31-Jul-11,3-Oct-11,26-Sep-11,Business Services,Professional video hiring and editing business,,2.46,BBC Two,,,,,Andrea McDowall and Rebecca Baldwin,1,60000,26,230769,1,1,0,,,,,,,,,,,,,,,,,,,,,,,,,,1,1,1,1,,,
9,9,TheDolmanCobraPlugSocket,622,31-Jul-11,3-Oct-11,26-Sep-11,Electronics,Plug and plug socket with ease of insert and removal,,2.46,BBC Two,,,,,William Dolman and Keith Matthews,1,150000,,,0,,,,,,,,,,,,,,,,,,,,,,,,,,,,1,1,1,1,,,
9,9,TheNuttery,623,31-Jul-11,3-Oct-11,26-Sep-11,Lifestyle/Home,Bird feeding cage,,2.46,BBC Two,,,,,Julian Lipton,0,100000,15,666667,0,,,,,,,,,,,,,,,,,,,,,,,,,,,,1,1,1,1,,,
9,10,CulicaLimited,624,31-Jul-11,3-Oct-11,3-Oct-11,Media/Entertainment,Game where peg colours combinations win,,2.45,BBC Two,,,,,James Eadon and Chris Ollivier,1,80000,10,800000,0,,,,,,,,,,,,,,,,,,,,,,,,,,,,1,1,1,1,,,
9,10,InnovativeGadgetsLtd,625,31-Jul-11,3-Oct-11,3-Oct-11,Food and Beverage,Stainless steel chain mail covering for roasting meats,,2.45,BBC Two,,,,,Helen Waterston,0,70000,48,145833,1,1,0,,,,,,,,,,,,,,,,,,,,,,,,,,1,1,1,1,,,
9,10,MedicinesDirect,626,31-Jul-11,3-Oct-11,3-Oct-11,Health/Wellness,Telephone ordering of long-term prescriptions,,2.45,BBC Two,,,,,Rob Forde and Dr John Blenkinsopp,1,75000,,,0,,,,,,,,,,,,,,,,,,,,,,,,,,,,1,1,1,1,,,
9,10,RedfootShoes,627,31-Jul-11,3-Oct-11,3-Oct-11,Fashion/Beauty,Men and women's footwear,,2.45,BBC Two,,,,,Tim Smith,0,300000,10,3000000,0,,,,,,,,,,,,,,,,,,,,,,,,,,,,1,1,1,1,,,
9,10,SquibbleDon'tSquabble,628,31-Jul-11,3-Oct-11,3-Oct-11,Fitness/Sports/Outdoors,Games solving small arguments,,2.45,BBC Two,,,,,Karen Chapman,0,75000,,,0,,,,,,,,,,,,,,,,,,,,,,,,,,,,1,1,1,1,,,
9,10,TheOptathlon,629,31-Jul-11,3-Oct-11,3-Oct-11,Health/Wellness,Exercise courses based on racing against time,,2.45,BBC Two,,,,,Rory and Jacqui,1,50000,,,0,,,,,,,,,,,,,,,,,,,,,,,,,,,,1,1,1,1,,,
9,10,WallthruLimited,630,31-Jul-11,3-Oct-11,3-Oct-11,Automotive,A wheel shaped handle,,2.45,BBC Two,,,,,Malory Maltby,0,50000,20,250000,0,,,,,,,,,,,,,,,,,,,,,,,,,,,,1,1,1,1,,,
9,10,Wigglepod,631,31-Jul-11,3-Oct-11,3-Oct-11,Green/CleanTech,Educational recycling products,,2.45,BBC Two,,,,,Kenneth Cheung,0,50000,,,0,,,,,,,,,,,,,,,,,,,,,,,,,,,,1,1,1,1,,,
10,1,2ChickensAndAHouse,632,9-Sep-12,27-Dec-12,9-Sep-12,Business Services,Residential chicken egg laying service,,2.17,BBC Two,,,,,Patricia Gruchy and Louise Villalon,1,45000,,,0,,,,,,,,,,,,,,,,,,,,,,,,,,,,1,1,1,1,,,
10,1,AbsPak,633,9-Sep-12,27-Dec-12,9-Sep-12,Fitness/Sports/Outdoors,Portable muscle-building device,,2.17,BBC Two,,,,,Clay O'Shea,0,50000,25,200000,0,,,,,,,,,,,,,,,,,,,,,,,,,,,,1,1,1,1,,,
10,1,BoogieMites,634,9-Sep-12,27-Dec-12,9-Sep-12,Children/Education,Music for early years childcare practitioners,,2.17,BBC Two,,,,,Harriet Thomas and Sue Newman,1,50000,,,0,,,,,,,,,,,,,,,,,,,,,,,,,,,,1,1,1,1,,,
10,1,FlowerFountain,635,9-Sep-12,27-Dec-12,9-Sep-12,Business Services,Petals and confetti air launching device,,2.17,BBC Two,,,,,Osman Gulum,0,,,,0,,,,,,,,,,,,,,,,,,,,,,,,,,,,1,1,1,1,,,
10,1,Sendmybag,636,9-Sep-12,27-Dec-12,9-Sep-12,Business Services,Delivery service for luggage excess,,2.17,BBC Two,,,,,Adam Ewart,0,100000,5,2000000,0,,,,,,,,,,,,,,,,,,,,,,,,,,,,1,1,1,1,,,
10,1,SkinnyDip,637,9-Sep-12,27-Dec-12,9-Sep-12,Fashion/Beauty,Fashion technology accessories,,2.17,BBC Two,,,,,"Lewis Blitz, James Gold and Richard Gold",1,120000,30,400000,1,1,0,,,,,,,,,,,,,,,,,,,,,,,,,,1,1,1,1,,,
10,1,SmartMat,638,9-Sep-12,27-Dec-12,9-Sep-12,Fitness/Sports/Outdoors,Travel mat with detachable towel,,2.17,BBC Two,,,,,Colin and Yelena Goddard,1,50000,,,0,,,,,,,,,,,,,,,,,,,,,,,,,,,,1,1,1,1,,,
10,1,WeaveGotStyle,639,9-Sep-12,27-Dec-12,9-Sep-12,Fashion/Beauty,Hair extensions,,2.17,BBC Two,,,,,Bee London,0,85000,40,212500,1,1,0,,,,,,,,,,,,,,,,,,,,,,,,,,1,1,1,1,,,
10,2,CaptiveMediaLtd,640,9-Sep-12,27-Dec-12,16-Sep-12,Media/Entertainment,Video game controlled by urinating on a toilet,,1.91,BBC Two,,,,,Gordon MacSween,0,250000,,,0,,,,,,,,,,,,,,,,,,,,,,,,,,,,1,1,1,1,,,
10,2,DirtyBeach,641,9-Sep-12,27-Dec-12,16-Sep-12,Fitness/Sports/Outdoors,Furniture built from sand,,1.91,BBC Two,,,,,Andy Robertson,0,100000,10,1000000,0,,,,,,,,,,,,,,,,,,,,,,,,,,,,1,1,1,1,,,
10,2,EatWithALocal,642,9-Sep-12,27-Dec-12,16-Sep-12,Software/Tech,Local house-cooking meet-up website,,1.91,BBC Two,,,,,Vicki Edmunds,0,50000,15,333333,0,,,,,,,,,,,,,,,,,,,,,,,,,,,,1,1,1,1,,,
10,2,Fast-fashion,643,9-Sep-12,27-Dec-12,16-Sep-12,Fitness/Sports/Outdoors,"Female range of lingerie clothing, swimwear",,1.91,BBC Two,,,,,Nikki Hesford,0,50000,,,0,,,,,,,,,,,,,,,,,,,,,,,,,,,,1,1,1,1,,,
10,2,N/A,644,9-Sep-12,27-Dec-12,16-Sep-12,Health/Wellness,On-board exercise device to prevent Deep Vein Thrombosis,,1.91,BBC Two,,,,,Al Campbell and Gerard Dare,1,75000,,,0,,,,,,,,,,,,,,,,,,,,,,,,,,,,1,1,1,1,,,
10,2,Pawsonality,645,9-Sep-12,27-Dec-12,16-Sep-12,Pet Products,Personality test for dogs,,1.91,BBC Two,,,,,"Gwen Bailey, Dr Patrick Handley, Graham Morgan",0,125000,,,0,,,,,,,,,,,,,,,,,,,,,,,,,,,,1,1,1,1,,,
10,2,Shampooheads,646,9-Sep-12,27-Dec-12,16-Sep-12,Children/Education,Children's haircare brand,,1.91,BBC Two,,,,,Geoff and Collette Bell,1,75000,20,375000,1,1,1,75000,20,375000,2,37500,10,,,,,,,,,,,37500,10,,,,,37500,10,HilaryDevey,1,1,1,1,,,1
10,2,ThirdDoorWorkhubandNursery,647,9-Sep-12,27-Dec-12,16-Sep-12,Children/Education,Flexible parent working day care nursery,,1.91,BBC Two,,,,,Yusuf Chadun and Shazia Mustafa,1,120000,20,600000,0,,,,,,,,,,,,,,,,,,,,,,,,,,,,1,1,1,1,,,
10,3,13horrorLtd,648,9-Sep-12,27-Dec-12,23-Sep-12,Software/Tech,Online interactive horror games,,2.05,BBC Two,,,,,Andrew Hannon,0,50000,20,250000,0,,,,,,,,,,,,,,,,,,,,,,,,,,,,1,1,1,1,,,
10,3,AquaMiracleexercisingpool,649,9-Sep-12,27-Dec-12,23-Sep-12,Health/Wellness,Pool for exercising,,2.05,BBC Two,,,,,Malgorzata and Dorota,1,77000,,,0,,,,,,,,,,,,,,,,,,,,,,,,,,,,1,1,1,1,,,
10,3,AutoWed,650,9-Sep-12,27-Dec-12,23-Sep-12,Business Services,Machine producing gimmicked wedding certificates,,2.05,BBC Two,,,,,Sam Lanyon,0,100000,,,0,,,,,,,,,,,,,,,,,,,,,,,,,,,,1,1,1,1,,,
10,3,Jaktogo,651,9-Sep-12,27-Dec-12,23-Sep-12,Business Services,Wearable coat for luggage excess,,2.05,BBC Two,,,,,John Power,0,100000,,,0,,,,,,,,,,,,,,,,,,,,,,,,,,,,1,1,1,1,,,
10,3,Mamka,652,9-Sep-12,27-Dec-12,23-Sep-12,Software/Tech,Online retail,,2.05,BBC Two,,,,,Matthew Conridge,0,200000,10,2000000,0,,,,,,,,,,,,,,,,,,,,,,,,,,,,1,1,1,1,,,
10,3,Sawsafe,653,9-Sep-12,27-Dec-12,23-Sep-12,Business Services,Safety device for use of saws,,2.05,BBC Two,,,,,Trevor Joy,0,80000,,,0,,,,,,,,,,,,,,,,,,,,,,,,,,,,1,1,1,1,,,
10,3,SweetMandarin,654,9-Sep-12,27-Dec-12,23-Sep-12,Food and Beverage,Oriental dipping sauces,,2.05,BBC Two,,,,,Helen and Lisa Tse,1,50000,40,125000,1,1,0,,,,,,,,,,,,,,,,,,,,,,,,,,1,1,1,1,,,
10,3,YUUbag,655,9-Sep-12,27-Dec-12,23-Sep-12,Children/Education,Children's backpack and accessories range,,2.05,BBC Two,,,,,Kellie Forbes and Gill Hayward,1,60000,30,200000,1,1,1,60000,30,200000,2,30000,15,,,,,30000,15,30000,15,,,,,,,,,,,,1,1,1,1,,,
10,4,FinalFling,656,9-Sep-12,27-Dec-12,30-Sep-12,Software/Tech,Funeral-planning website,,1.66,BBC Two,,,,,Barbara Chalmers,0,,,,0,,,,,,,,,,,,,,,,,,,,,,,,,,,,1,1,1,1,,,
10,4,LostForWords!,657,9-Sep-12,27-Dec-12,30-Sep-12,Media/Entertainment,Game show based on word definitions,,1.66,BBC Two,,,,,Chrystal Rose,0,80000,25,320000,0,,,,,,,,,,,,,,,,,,,,,,,,,,,,1,1,1,1,,,
10,4,N/A,658,9-Sep-12,27-Dec-12,30-Sep-12,Business Services,Journalist-request forwarding service for small businesses,,1.66,BBC Two,,,,,Rebecca Jane,0,,,,0,,,,,,,,,,,,,,,,,,,,,,,,,,,,1,1,1,1,,,
10,4,PrimalParking,659,9-Sep-12,27-Dec-12,30-Sep-12,Business Services,Car parking space lettings agency,,1.66,BBC Two,,,,,Harrison Woods,0,60000,40,150000,1,1,0,,,,,,,,,,,,,,,,,,,,,,,,,,1,1,1,1,,,
10,4,Showerfriend,660,9-Sep-12,27-Dec-12,30-Sep-12,Lifestyle/Home,Accessory for start buttons in showers,,1.66,BBC Two,,,,,Tony Heath,0,50000,,,0,,,,,,,,,,,,,,,,,,,,,,,,,,,,1,1,1,1,,,
10,4,SoulfulMoodMusic,661,9-Sep-12,27-Dec-12,30-Sep-12,Food and Beverage,Ornate tea company,,1.66,BBC Two,,,,,Simon Zhao and James Whybrow,1,,,,0,,,,,,,,,,,,,,,,,,,,,,,,,,,,1,1,1,1,,,
10,4,TheHuntingfordCompany,662,9-Sep-12,27-Dec-12,30-Sep-12,Health/Wellness,Stick aid for toilets,,1.66,BBC Two,,,,,Caroline Brown,0,80000,30,266667,0,,,,,,,,,,,,,,,,,,,,,,,,,,,,1,1,1,1,,,
10,4,WheelbarrowBooster,663,9-Sep-12,27-Dec-12,30-Sep-12,Fitness/Sports/Outdoors,Wheelbarrow accessories,,1.66,BBC Two,,,,,Michael and Joe Smith,1,50000,50,100000,1,0,,,,,,,,,,,,,,,,,,,,,,,,,,,1,1,1,1,,,
10,5,CampingBugs,664,9-Sep-12,27-Dec-12,7-Oct-12,Fitness/Sports/Outdoors,Outdoor camping buildings made from scrap wood,,1.96,BBC Two,,,,,Glen Brady,0,250000,30,833333,0,,,,,,,,,,,,,,,,,,,,,,,,,,,,1,1,1,1,,,
10,5,DoorDefender,665,9-Sep-12,27-Dec-12,7-Oct-12,Lifestyle/Home,Security bolt for doors,,1.96,BBC Two,,,,,Ernie Griffin,0,65000,,,0,,,,,,,,,,,,,,,,,,,,,,,,,,,,1,1,1,1,,,
10,5,Dot-com,666,9-Sep-12,27-Dec-12,7-Oct-12,Lifestyle/Home,Mobile telephone contract exits,,1.96,BBC Two,,,,,Daniel Martin,0,,,,0,,,,,,,,,,,,,,,,,,,,,,,,,,,,1,1,1,1,,,
10,5,HouseofQI,667,9-Sep-12,27-Dec-12,7-Oct-12,Health/Wellness,Aid to prevent pillow slippage,,1.96,BBC Two,,,,,John Bennett and Amanda Joseph,1,70000,,,0,,,,,,,,,,,,,,,,,,,,,,,,,,,,1,1,1,1,,,
10,5,InternAvenue,668,9-Sep-12,27-Dec-12,7-Oct-12,Children/Education,Online internship directory,,1.96,BBC Two,,,,,Dupsy Abiola,0,100000,40,250000,1,1,1,100000,40,250000,1,100000,40,,,,yes,100000,40,,,,,,,,,,,,,,1,1,1,1,,,
10,5,N/A,669,9-Sep-12,27-Dec-12,7-Oct-12,Business Services,Multi-angled paint brush handle,,1.96,BBC Two,,,,,Ash Hussain,0,,,,0,,,,,,,,,,,,,,,,,,,,,,,,,,,,1,1,1,1,,,
10,5,OldBond,670,9-Sep-12,27-Dec-12,7-Oct-12,Business Services,"Spinning, animated advertisement on bicycle wheels",,1.96,BBC Two,,,,,Kiryl Chykeyuk and Art Stavenka,1,90000,40,225000,1,1,0,,,,,,,,,,,,,,,,,,,,,,,,,,1,1,1,1,,,
10,5,Sensationelle,671,9-Sep-12,27-Dec-12,7-Oct-12,Fashion/Beauty,Stick-on eye make-up,,1.96,BBC Two,,,,,Noora Lewis,0,50000,20,250000,0,,,,,,,,,,,,,,,,,,,,,,,,,,,,1,1,1,1,,,
10,6,Billy+Margot,672,9-Sep-12,27-Dec-12,14-Oct-12,Pet Products,Ice cream for dogs,,1.91,BBC Two,,,,,Marie Sawle,0,60000,40,150000,1,1,1,60000,40,150000,1,60000,40,,,,,,,60000,40,,,,,,,,,,,,1,1,1,1,,,
10,6,FightFactor,673,9-Sep-12,27-Dec-12,14-Oct-12,Fitness/Sports/Outdoors,Mixed martial arts fighting tournament,,1.91,BBC Two,,,,,Stuart Davies,0,,,,0,,,,,,,,,,,,,,,,,,,,,,,,,,,,1,1,1,1,,,
10,6,Gigwam,674,9-Sep-12,27-Dec-12,14-Oct-12,Fitness/Sports/Outdoors,Tent system for outdoor events,,1.91,BBC Two,,,,,Dustin Toland,0,100000,45,222222,1,0,,,,,,,,,,,,,,,,,,,,,,,,,,,1,1,1,1,,,
10,6,Storemates,675,9-Sep-12,27-Dec-12,14-Oct-12,Software/Tech,Online storage rental in homes,,1.91,BBC Two,,,,,"Shaff Prabatani, Jay Bryan and Ben Rogers",1,,,,0,,,,,,,,,,,,,,,,,,,,,,,,,,,,1,1,1,1,,,
10,6,SwingGardenSeat,676,9-Sep-12,27-Dec-12,14-Oct-12,Fitness/Sports/Outdoors,Self assembly garden swing seat,,1.91,BBC Two,,,,,Dawson Sellar and Susan Corrie,1,,,,0,,,,,,,,,,,,,,,,,,,,,,,,,,,,1,1,1,1,,,
10,6,Toffoc,677,9-Sep-12,27-Dec-12,14-Oct-12,Liquor/Alcohol,Toffee-flavoured vodka,,1.91,BBC Two,,,,,Padrig Huws and Dewi Roberts,1,,,,0,,,,,,,,,,,,,,,,,,,,,,,,,,,,1,1,1,1,,,
10,6,ToplineDanceFrame,678,9-Sep-12,27-Dec-12,14-Oct-12,Children/Education,Tuition aid designed to assist dancers,,1.91,BBC Two,,,,,Nick Gallagher-Hughes,0,97500,15,650000,0,,,,,,,,,,,,,,,,,,,,,,,,,,,,1,1,1,1,,,
10,6,WoodBlocX,679,9-Sep-12,27-Dec-12,14-Oct-12,Lifestyle/Home,Outdoor wooden DIY landscaping product,,1.91,BBC Two,,,,,Henry and Philip Blake,1,75000,25,300000,1,1,1,75000,25,300000,1,75000,25,,,,yes,75000,25,,,,,,,,,,,,,,1,1,1,1,,,
10,7,BlueGreenYellowDeadLive,680,9-Sep-12,27-Dec-12,21-Oct-12,Fitness/Sports/Outdoors,Live interactive shooting maze zombie game,,2.19,BBC Two,,,,,Martin Shenton,0,25000,,,0,,,,,,,,,,,,,,,,,,,,,,,,,,,,1,1,1,1,,,
10,7,FellasProductsLtd,681,9-Sep-12,27-Dec-12,21-Oct-12,Fashion/Beauty,Cleansing wipes for men,,2.19,BBC Two,,,,,Colin Bruton,0,60000,20,300000,0,,,,,,,,,,,,,,,,,,,,,,,,,,,,1,1,1,1,,,
10,7,iCafe,682,9-Sep-12,27-Dec-12,21-Oct-12,Food and Beverage,Coffee shop business and franchise,,2.19,BBC Two,,,,,Umer Ashraf,0,80000,49,163265,1,1,0,,,,,,,,,,,,,,,,,,,,,,,,,,1,1,1,1,,,
10,7,RokkaPlay,683,9-Sep-12,27-Dec-12,21-Oct-12,Children/Education,Wooden toys,,2.19,BBC Two,,,,,Samantha Spake and Vanessa Harris,1,,,,0,,,,,,,,,,,,,,,,,,,,,,,,,,,,1,1,1,1,,,
10,7,TheDaddy,684,9-Sep-12,27-Dec-12,21-Oct-12,Lifestyle/Home,Dust and debris eliminator,,2.19,BBC Two,,,,,Joanna and Dean Barnes,1,,,,0,,,,,,,,,,,,,,,,,,,,,,,,,,,,1,1,1,1,,,
10,7,TheHomePortableOche,685,9-Sep-12,27-Dec-12,21-Oct-12,Fitness/Sports/Outdoors,Foldaway and portable oche,,2.19,BBC Two,,,,,Barry Steptoe,0,50000,10,500000,0,,,,,,,,,,,,,,,,,,,,,,,,,,,,1,1,1,1,,,
10,7,WeQ4U,686,9-Sep-12,27-Dec-12,21-Oct-12,Software/Tech,App setting callbacks from call centres reducing waiting times,,2.19,BBC Two,,,,,Matt King,0,150000,1,15000000,0,,,,,,,,,,,,,,,,,,,,,,,,,,,,1,1,1,1,,,
10,7,Zapper,687,9-Sep-12,27-Dec-12,21-Oct-12,Software/Tech,"Website which buys iPhones, iPads, electronics, books, CDs, DVDs and games for cash",,2.19,BBC Two,,,,,Ben Hardyment,0,250000,30,833333,1,1,0,,,,,,,,,,,,,,,,,,,,,,,,,,1,1,1,1,,,
10,8,AtoETraining&SolutionsLtd,688,9-Sep-12,27-Dec-12,28-Oct-12,Lifestyle/Home,Resuscitation and life support business,,2,BBC Two,,,,,"Dr Caroline Howard, Chris Kurt-Gabel and Lee Jason Taylor",1,50000,32,156250,1,0,,,,,,,,,,,,,,,,,,,,,,,,,,,1,1,1,1,,,
10,8,ATurner&SonsSausageLtd,689,9-Sep-12,27-Dec-12,28-Oct-12,Food and Beverage,Sausage manufacturing company,,2,BBC Two,,,,,Paul Turner,0,80000,33.3,240240,1,1,1,80000,33.3,240240,1,80000,33.3,,,,,80000,33.3,,,,,,,,,,,,,,1,1,1,1,,,
10,8,DrumChasers,690,9-Sep-12,27-Dec-12,28-Oct-12,Media/Entertainment,Musical based on an abandoned concert hall,,2,BBC Two,,,,,Georgie and Simon King,1,60000,20,300000,0,,,,,,,,,,,,,,,,,,,,,,,,,,,,1,1,1,1,,,
10,8,Envirothaw,691,9-Sep-12,27-Dec-12,28-Oct-12,Business Services,Granular and fluid de-icer,,2,BBC Two,,,,,Karina Oldale,0,115000,50,230000,1,0,,,,,,,,,,,,,,,,,,,,,,,,,,,1,1,1,1,,,
10,8,N/A,692,9-Sep-12,27-Dec-12,28-Oct-12,Automotive,Wheel-cleaning device,,2,BBC Two,,,,,Ken Boyd,0,,,,0,,,,,,,,,,,,,,,,,,,,,,,,,,,,1,1,1,1,,,
10,8,PoppetsLtd,693,9-Sep-12,27-Dec-12,28-Oct-12,Lifestyle/Home,Gift packages in the form of origamis,,2,BBC Two,,,,,Brian Smith,0,,,,0,,,,,,,,,,,,,,,,,,,,,,,,,,,,1,1,1,1,,,
10,8,Proms,694,9-Sep-12,27-Dec-12,28-Oct-12,Fashion/Beauty,Party dresses for Prom's,,2,BBC Two,,,,,Lindsay Porter,0,,,,0,,,,,,,,,,,,,,,,,,,,,,,,,,,,1,1,1,1,,,
10,8,VoiceLetter,695,9-Sep-12,27-Dec-12,28-Oct-12,Software/Tech,Delivery via voice message,,2,BBC Two,,,,,Adrienne Lane,0,15000,,,0,,,,,,,,,,,,,,,,,,,,,,,,,,,,1,1,1,1,,,
10,9,ExpertAnswers,696,9-Sep-12,27-Dec-12,11-Nov-12,Business Services,Fee based legal advice,,1.63,BBC Two,,,,,James Mather and Lloyd Barrett,1,,,,0,,,,,,,,,,,,,,,,,,,,,,,,,,,,1,1,1,1,,,
10,9,KarumaInnovations,697,9-Sep-12,27-Dec-12,11-Nov-12,Children/Education,Child-friendly tablet retail company,,1.63,BBC Two,,,,,Ashley Sayed,0,150000,25,600000,1,1,0,,,,,,,,,,,,,,,,,,,,,,,,,,1,1,1,1,,,
10,9,Nebo,698,9-Sep-12,27-Dec-12,11-Nov-12,Health/Wellness,Device aiding chronic back problems,,1.63,BBC Two,,,,,Hannah Windrass,0,80000,15,533333,0,,,,,,,,,,,,,,,,,,,,,,,,,,,,1,1,1,1,,,
10,9,Pro-TecCovers,699,9-Sep-12,27-Dec-12,11-Nov-12,Automotive,Caravan and motor home fabric covers,,1.63,BBC Two,,,,,Anne and Keith Proctor,1,75000,26,288462,1,1,0,,,,,,,,,,,,,,,,,,,,,,,,,,1,1,1,1,,,
10,9,PurepotionsSkincare,700,9-Sep-12,27-Dec-12,11-Nov-12,Fashion/Beauty,Sensitive skincare cream,,1.63,BBC Two,,,,,Natalie Balmond and Weze Hannam,1,90000,15,600000,0,,,,,,,,,,,,,,,,,,,,,,,,,,,,1,1,1,1,,,
10,9,PWMMediaLtd,701,9-Sep-12,27-Dec-12,11-Nov-12,Children/Education,Guitar teaching aid for infants,,1.63,BBC Two,,,,,Chris Poole and Ashley Watson,1,75000,10,750000,0,,,,,,,,,,,,,,,,,,,,,,,,,,,,1,1,1,1,,,
10,9,Snowmule,702,9-Sep-12,27-Dec-12,11-Nov-12,Fitness/Sports/Outdoors,Rucksack and tow for skiing,,1.63,BBC Two,,,,,Kevin Stevens,0,,,,0,,,,,,,,,,,,,,,,,,,,,,,,,,,,1,1,1,1,,,
10,9,TheOvenDoorShield,703,9-Sep-12,27-Dec-12,11-Nov-12,Lifestyle/Home,Suction-cleaning fixing for oven doors,,1.63,BBC Two,,,,,Jaime O'Connor,0,60000,,,0,,,,,,,,,,,,,,,,,,,,,,,,,,,,1,1,1,1,,,
10,10,BionicGloveTechnologyEuropeLtd,704,9-Sep-12,27-Dec-12,18-Nov-12,Fitness/Sports/Outdoors,"Ergonomic, durable, patented gloves for golfing, gardening and gym use",,,BBC Two,,,,,Mark Richardson,0,100000,40,250000,1,1,0,,,,,,,,,,,,,,,,,,,,,,,,,,1,1,1,1,,,
10,10,Boostoxygen,705,9-Sep-12,27-Dec-12,18-Nov-12,Fitness/Sports/Outdoors,10 litres of 99%-pure oxygen in a can,,,BBC Two,,,,,Darren Smith and Richard Booth,1,50000,,,0,,,,,,,,,,,,,,,,,,,,,,,,,,,,1,1,1,1,,,
10,10,CaterquipUK,706,9-Sep-12,27-Dec-12,18-Nov-12,Food and Beverage,Franchisor of reconditioned catering equipment,,,BBC Two,,,,,Dominic Ricciardi,0,100000,10,1000000,0,,,,,,,,,,,,,,,,,,,,,,,,,,,,1,1,1,1,,,
10,10,DayfameLuxuryVIPExperiences,707,9-Sep-12,27-Dec-12,18-Nov-12,Media/Entertainment,Celebrity lookalike experience entertainment,,,BBC Two,,,,,Stephen Charrot,0,100000,30,333333,0,,,,,,,,,,,,,,,,,,,,,,,,,,,,1,1,1,1,,,
10,10,N/A,708,9-Sep-12,27-Dec-12,18-Nov-12,Electronics,Electronic bed lowered from attic,,,BBC Two,,,,,John and Rosalind Tottie,1,,,,0,,,,,,,,,,,,,,,,,,,,,,,,,,,,1,1,1,1,,,
10,10,Rotorad,709,9-Sep-12,27-Dec-12,18-Nov-12,Business Services,Aid for fixing radiators to the wall,,,BBC Two,,,,,Malcolm Keeling,0,,,,0,,,,,,,,,,,,,,,,,,,,,,,,,,,,1,1,1,1,,,
10,10,SynergiIntelligence,710,9-Sep-12,27-Dec-12,18-Nov-12,Business Services,Hand tool joining handles clamping a variety of heads,,,BBC Two,,,,,Matthew Page and Louise Craven,1,95000,20,475000,0,,,,,,,,,,,,,,,,,,,,,,,,,,,,1,1,1,1,,,
10,10,TeenDrive,711,9-Sep-12,27-Dec-12,18-Nov-12,Business Services,Driving school for over 14s,,,BBC Two,,,,,Craig Ramshaw,0,,,,0,,,,,,,,,,,,,,,,,,,,,,,,,,,,1,1,1,1,,,
10,11,AMTIncorporationEuropeLtd,712,9-Sep-12,27-Dec-12,25-Nov-12,Business Services,Portable solar power supply,,1.65,BBC Two,,,,,Mark Thompson,0,200000,10,2000000,0,,,,,,,,,,,,,,,,,,,,,,,,,,,,1,1,1,1,,,
10,11,CarBQ,713,9-Sep-12,27-Dec-12,25-Nov-12,Food and Beverage,BBQ fitted into car boots,,1.65,BBC Two,,,,,Danny Keane and Phil Andrews,1,40000,,,0,,,,,,,,,,,,,,,,,,,,,,,,,,,,1,1,1,1,,,
10,11,ItsolesLtd,714,9-Sep-12,27-Dec-12,25-Nov-12,Food and Beverage,Food insoles for women,,1.65,BBC Two,,,,,Mark Shepherd,0,50000,15,333333,0,,,,,,,,,,,,,,,,,,,,,,,,,,,,1,1,1,1,,,
10,11,myBunjee,715,9-Sep-12,27-Dec-12,25-Nov-12,Electronics,Mobile phone case attachment to prevent phone from falling on the floor,,1.65,BBC Two,,,,,Mark Ferguson and Emma Jones,1,70000,35,200000,1,1,1,70000,35,200000,1,70000,35,,,,,70000,35,,,,,,,,,,,,,,1,1,1,1,,,
10,11,P4CK,716,9-Sep-12,27-Dec-12,25-Nov-12,Food and Beverage,"Product design business, including two products related to carrying of takeaway food and drink, and beer cups",,1.65,BBC Two,,,,,Luke Booth and Christopher Eves,1,50000,30,166667,1,1,0,,,,,,,,,,,,,,,,,,,,,,,,,,1,1,1,1,,,
10,11,TheAmazings,717,9-Sep-12,27-Dec-12,25-Nov-12,Software/Tech,Social online teaching website,,1.65,BBC Two,,,,,Katie Harris and Adil Abrar,1,,,,0,,,,,,,,,,,,,,,,,,,,,,,,,,,,1,1,1,1,,,
10,11,Tick-Tock,718,9-Sep-12,27-Dec-12,25-Nov-12,Software/Tech,Visual aid for food shopping reminders,,1.65,BBC Two,,,,,Abigail Patikis and Andreas Patikis,1,,,,0,,,,,,,,,,,,,,,,,,,,,,,,,,,,1,1,1,1,,,
10,12,BoatboxLtd,719,9-Sep-12,27-Dec-12,2-Dec-12,Business Services,Dinghy converting into vehicle roof box,,1.91,BBC Two,,,,,Mark Tilley,0,100000,16,625000,0,,,,,,,,,,,,,,,,,,,,,,,,,,,,1,1,1,1,,,
10,12,Carkoon,720,9-Sep-12,27-Dec-12,2-Dec-12,Automotive,Baby car seat with air shields,,1.91,BBC Two,,,,,Jeff Meers,0,100000,20,500000,0,,,,,,,,,,,,,,,,,,,,,,,,,,,,1,1,1,1,,,
10,12,HireAHive,721,9-Sep-12,27-Dec-12,2-Dec-12,Business Services,Rental service for bee hives,,1.91,BBC Two,,,,,Stephen Forshaw,0,,,,0,,,,,,,,,,,,,,,,,,,,,,,,,,,,1,1,1,1,,,
10,12,Megaflatables,722,9-Sep-12,27-Dec-12,2-Dec-12,Business Services,Large inflatables used for advertising brands and products,,1.91,BBC Two,,,,,John Spence,0,37500,25,150000,1,1,0,,,,,,,,,,,,,,,,,,,,,,,,,,1,1,1,1,,,
10,12,ResiblockLtd,723,9-Sep-12,27-Dec-12,2-Dec-12,Business Services,Paving spacers for patios,,1.91,BBC Two,,,,,Craig Amor,0,,,,0,,,,,,,,,,,,,,,,,,,,,,,,,,,,1,1,1,1,,,
10,12,Rocktails,724,9-Sep-12,27-Dec-12,2-Dec-12,Liquor/Alcohol,Frozen cocktails,,1.91,BBC Two,,,,,Naomi Kibble and Helen McAvoy,1,80000,40,200000,1,1,0,,,,,,,,,,,,,,,,,,,,,,,,,,1,1,1,1,,,
10,12,TStrap,725,9-Sep-12,27-Dec-12,2-Dec-12,Fashion/Beauty,Slipping aid for bras,,1.91,BBC Two,,,,,Aretha Solanke,0,,,,0,,,,,,,,,,,,,,,,,,,,,,,,,,,,1,1,1,1,,,
10,13,PerfectPunch,726,9-Sep-12,27-Dec-12,27-Dec-12,Liquor/Alcohol,Festive alcoholic punch,,,BBC Two,,,,,Kim and Jack Walmsley,1,,,,0,,,,,,,,,,,,,,,,,,,,,,,,,,,,1,1,1,1,,,
10,13,ProperMaid,727,9-Sep-12,27-Dec-12,27-Dec-12,Food and Beverage,Homemade cakes with a twist,,,BBC Two,,,,,Allison Whitmarsh,0,50000,25,200000,1,1,1,50000,25,200000,1,50000,25,,,,,,,50000,25,,,,,,,,,,,,1,1,1,1,,,
10,13,Pucket,728,9-Sep-12,27-Dec-12,27-Dec-12,Media/Entertainment,Wooden gaming boards,,,BBC Two,,,,,Dave Harvey and Ben Lewis,1,50000,10,500000,0,,,,,,,,,,,,,,,,,,,,,,,,,,,,1,1,1,1,,,
10,13,SecretSanta,729,9-Sep-12,27-Dec-12,27-Dec-12,Media/Entertainment,Potential Christmas single,,,BBC Two,,,,,Craig Head,0,,,,0,,,,,,,,,,,,,,,,,,,,,,,,,,,,1,1,1,1,,,
10,13,Wish4Ticket,730,9-Sep-12,27-Dec-12,27-Dec-12,Software/Tech,Seasonal online ticket service,,,BBC Two,,,,,Melanie Hurley,0,100000,20,500000,0,,,,,,,,,,,,,,,,,,,,,,,,,,,,1,1,1,1,,,
10,13,WoollyBabs,731,9-Sep-12,27-Dec-12,27-Dec-12,Fashion/Beauty,Festive squeeking jumper designs,,,BBC Two,,,,,Frank and Barbara Hersey,1,,,,0,,,,,,,,,,,,,,,,,,,,,,,,,,,,1,1,1,1,,,
11,1,BareNakedFoods,732,11-Aug-13,2-Mar-14,11-Aug-13,Food and Beverage,"Low-carb, low calorie, gluten-free noodles and pasta",,3.37,BBC Two,,,,,Ross Mendham,0,60000,50,120000,1,1,1,60000,50,120000,1,60000,50,,,,,60000,50,,,,,,,,,,,,,,1,1,1,,,,
11,1,BizzyBitz,733,11-Aug-13,2-Mar-14,11-Aug-13,Children/Education,Construction toys,,3.37,BBC Two,,,,,Rachel and Alta Fogel,1,80000,10,800000,0,,,,,,,,,,,,,,,,,,,,,,,,,,,,1,1,1,,,,
11,1,BodyBottle,734,11-Aug-13,2-Mar-14,11-Aug-13,Lifestyle/Home,Body length hot water bottle,,3.37,BBC Two,,,,,Richard Yu,0,50000,,,0,,,,,,,,,,,,,,,,,,,,,,,,,,,,1,1,1,,,,
11,1,GourmetTrotter,735,11-Aug-13,2-Mar-14,11-Aug-13,Fitness/Sports/Outdoors,Mobile picnic hamper,,3.37,BBC Two,,,,,Clare Lower,0,125000,,,0,,,,,,,,,,,,,,,,,,,,,,,,,,,,1,1,1,,,,
11,1,SkinnyTan,736,11-Aug-13,2-Mar-14,11-Aug-13,Fashion/Beauty,Naturally derived tanning lotion and cellulite-reducing cream,,3.37,BBC Two,,,,,Kate Cotton and Louise Ferguson,1,60000,10,600000,1,1,1,60000,10,600000,2,30000,5,,,,,,,,,,,,,,,,,60000,10,"PiersLinney,KellyHoppen",1,1,1,,,,2
11,1,WorldGourmetRestaurantsLtd,737,11-Aug-13,2-Mar-14,11-Aug-13,Food and Beverage,Food wraps with,,3.37,BBC Two,,,,,Tayub Mushtaq and Afnan Bashir,1,500000,11,4545455,0,,,,,,,,,,,,,,,,,,,,,,,,,,,,1,1,1,,,,
11,2,BUKcase,738,11-Aug-13,2-Mar-14,18-Aug-13,Software/Tech,Hand-crafted cases for tablet computers and smartphones,,3.36,BBC Two,,,,,Waqar Hassan,0,75000,20,375000,0,,,,,,,,,,,,,,,,,,,,,,,,,,,,1,1,1,,,,
11,2,Nappies2Go,739,11-Aug-13,2-Mar-14,18-Aug-13,Green/CleanTech,Collection and delivery of disposable nappies for recycling,,3.36,BBC Two,,,,,Clare and Matthew Naunton,1,70000,9,777778,0,,,,,,,,,,,,,,,,,,,,,,,,,,,,1,1,1,,,,
11,2,OriginalJerky,740,11-Aug-13,2-Mar-14,18-Aug-13,Food and Beverage,Flavoured beef jerky snack,,3.36,BBC Two,,,,,Joe Walters,0,37500,24,156250,1,1,0,,,,,,,,,,,,,,,,,,,,,,,,,,1,1,1,,,,
11,2,Rio-ATasteOfBrazil,741,11-Aug-13,2-Mar-14,18-Aug-13,Food and Beverage,Brazilian food dishes,,3.36,BBC Two,,,,,Alba McConnell and Colin Pearson,1,50000,20,250000,0,,,,,,,,,,,,,,,,,,,,,,,,,,,,1,1,1,,,,
11,2,TheRotaireDryline,742,11-Aug-13,2-Mar-14,18-Aug-13,Lifestyle/Home,Umbrella to dry washing in the rain,,3.36,BBC Two,,,,,Malcolm Victory,0,120000,15,800000,0,,,,,,,,,,,,,,,,,,,,,,,,,,,,1,1,1,,,,
11,2,TheRunningMat,743,11-Aug-13,2-Mar-14,18-Aug-13,Fitness/Sports/Outdoors,Portable wearable exercise mat and boot-camp business,,3.36,BBC Two,,,,,Donna Kerr-Foley,0,50000,40,125000,1,1,1,50000,40,125000,2,25000,20,,,,,,,25000,20,,,,,,,,,25000,20,KellyHoppen,1,1,1,,,,1
11,3,Guosto,744,11-Aug-13,2-Mar-14,25-Aug-13,Green/CleanTech,Organic grocery delivery service,,2.65,BBC Two,,,,,Timo Schmidt and James Carter,1,100000,7,1428571,0,,,,,,,,,,,,,,,,,,,,,,,,,,,,1,1,1,,,,
11,3,Linkee,745,11-Aug-13,2-Mar-14,25-Aug-13,Media/Entertainment,Quiz style board game linking questions together to form the answer.,,2.65,BBC Two,,,,,"Tristan Williams, Ben Drummond and Dean Tempest",1,50000,40,125000,1,0,,,,,,,,,,,,,,,,,,,,,,,,,,,1,1,1,,,,
11,3,RemPods,746,11-Aug-13,2-Mar-14,25-Aug-13,Health/Wellness,Small pop-up rooms set up from past decades used to calm people who have dementia,,2.65,BBC Two,,,,,Richard Ernest,0,100000,45,222222,1,1,1,100000,45,222222,2,50000,22.5,,,,yes,50000,22.5,50000,22.5,,,,,,,,,,,,1,1,1,,,,
11,3,UrbanCoco,747,11-Aug-13,2-Mar-14,25-Aug-13,Software/Tech,Online magazine for fashion and events,,2.65,BBC Two,,,,,Laura Bartlett,0,100000,15,666667,0,,,,,,,,,,,,,,,,,,,,,,,,,,,,1,1,1,,,,
11,4,Easy-LiftDrain,748,11-Aug-13,2-Mar-14,1-Sep-13,Business Services,Aid for lifting drains,,2.18,BBC Two,,,,,Bob Cave and Steve Parsons,1,100000,25,400000,0,,,,,,,,,,,,,,,,,,,,,,,,,,,,1,1,1,,,,
11,4,Optifit,749,11-Aug-13,2-Mar-14,1-Sep-13,Fashion/Beauty,Bra-fitting service,,2.18,BBC Two,,,,,"Sue McDonald, Linda Birtwhistle and Atul Khanna",1,40000,10,400000,0,,,,,,,,,,,,,,,,,,,,,,,,,,,,1,1,1,,,,
11,4,TheMakeryEmporium,750,11-Aug-13,2-Mar-14,1-Sep-13,Business Services,Crafting take-away workshops,,2.18,BBC Two,,,,,Kate and Nigel Smith,1,50000,10,500000,0,,,,,,,,,,,,,,,,,,,,,,,,,,,,1,1,1,,,,
11,4,Truncatorsawhorse,751,11-Aug-13,2-Mar-14,1-Sep-13,Business Services,Multiple cutting saw,,2.18,BBC Two,,,,,Richard Bowness and Steve Tonkin,1,125000,30,416667,0,,,,,,,,,,,,,,,,,,,,,,,,,,,,1,1,1,,,,
11,4,YogaBellies,752,11-Aug-13,2-Mar-14,1-Sep-13,Fitness/Sports/Outdoors,Franchise business for yoga classes for pregnant women and mothers and their babies,,2.18,BBC Two,,,,,Cheryl and Michael MacDonald,1,50000,35,142857,1,1,0,,,,,,,,,,,,,,,,,,,,,,,,,,1,1,1,,,,
11,5,Easyreed,753,11-Aug-13,2-Mar-14,8-Sep-13,Business Services,Reed fitting device for instruments,,2.47,BBC Two,,,,,Alastair Hanson,0,50000,20,250000,0,,,,,,,,,,,,,,,,,,,,,,,,,,,,1,1,1,,,,
11,5,InnerMe,754,11-Aug-13,2-Mar-14,8-Sep-13,Health/Wellness,Supplements brand for women,,2.47,BBC Two,,,,,Nikki Cooper,0,100000,20,500000,0,,,,,,,,,,,,,,,,,,,,,,,,,,,,1,1,1,,,,
11,5,LadderLimb,755,11-Aug-13,2-Mar-14,8-Sep-13,Lifestyle/Home,Hanging tool for ladders,,2.47,BBC Two,,,,,Alistair Taylor,0,110000,10,1100000,0,,,,,,,,,,,,,,,,,,,,,,,,,,,,1,1,1,,,,
11,5,MountainTrike,756,11-Aug-13,2-Mar-14,8-Sep-13,Fitness/Sports/Outdoors,Wheelchair designed for mountain hiking,,2.47,BBC Two,,,,,Tim Morgan,0,100000,15,666667,1,0,,,,,,,,,,,,,,,,,,,,,,,,,,,1,1,1,,,,
11,5,N/A,757,11-Aug-13,2-Mar-14,8-Sep-13,Software/Tech,Tablet-computer handle,,2.47,BBC Two,,,,,Robin and Kate Vincent,1,60000,90,66667,0,,,,,,,,,,,,,,,,,,,,,,,,,,,,1,1,1,,,,
11,5,She-icer/She-range,758,11-Aug-13,2-Mar-14,8-Sep-13,Automotive,Chemical de-icer for female car owners,,2.47,BBC Two,,,,,Wendy Newby,0,50000,20,250000,0,,,,,,,,,,,,,,,,,,,,,,,,,,,,1,1,1,,,,
11,6,A&RPlumbingSupplies,759,11-Aug-13,2-Mar-14,15-Sep-13,Lifestyle/Home,Mini-sized shower pump,,2.58,BBC Two,,,,,Alan Wright,0,20000,10,200000,0,,,,,,,,,,,,,,,,,,,,,,,,,,,,1,1,1,,,,
11,6,HotPink,760,11-Aug-13,2-Mar-14,15-Sep-13,Fashion/Beauty,Jewellery designed by 3D technology,,2.58,BBC Two,,,,,Manu Bhardwaj,0,100000,35,285714,0,,,,,,,,,,,,,,,,,,,,,,,,,,,,1,1,1,,,,
11,6,MyLookalikeDoll,761,11-Aug-13,2-Mar-14,15-Sep-13,Fashion/Beauty,Custom designed dolls,,2.58,BBC Two,,,,,Tracey and Kieran Cannon,1,75000,30,250000,0,,,,,,,,,,,,,,,,,,,,,,,,,,,,1,1,1,,,,
11,6,NorfolkCordial,762,11-Aug-13,2-Mar-14,15-Sep-13,Food and Beverage,Soft-drinks beverages,,2.58,BBC Two,,,,,John McFarlane and Georgie Rodwell,1,50000,25,200000,0,,,,,,,,,,,,,,,,,,,,,,,,,,,,1,1,1,,,,
11,6,Swarmly,763,11-Aug-13,2-Mar-14,15-Sep-13,Software/Tech,Mobile phone app recommending places of food and drink,,2.58,BBC Two,,,,,David McNabb and Marco De Nichilo,1,120000,30,400000,0,,,,,,,,,,,,,,,,,,,,,,,,,,,,1,1,1,,,,
11,6,YoungOnes,764,11-Aug-13,2-Mar-14,15-Sep-13,Fashion/Beauty,Clothing and accessories company aimed at university and college students,,2.58,BBC Two,,,,,Chris Rea and Tom Carson,1,75000,40,187500,1,1,0,,,,,,,,,,,,,,,,,,,,,,,,,,1,1,1,,,,
11,7,BigWaves,765,11-Aug-13,2-Mar-14,26-Jan-14,Fashion/Beauty,LED face mask,,2.79,BBC Two,,,,,Duncan Wood,0,100000,20,500000,0,,,,,,,,,,,,,,,,,,,,,,,,,,,,1,1,1,,,,
11,7,MainstageTravel,766,11-Aug-13,2-Mar-14,26-Jan-14,Software/Tech,Package holiday tour operator,,2.79,BBC Two,,,,,Rob Tominey and Aden Levin,1,100000,15,666667,1,1,1,100000,15,666667,1,100000,15,,,,,,,,,,,,,,,,,100000,15,PiersLinney,1,1,1,,,,1
11,7,Pop&GoKnickers,767,11-Aug-13,2-Mar-14,26-Jan-14,Fashion/Beauty,Travel underwear for women,,2.79,BBC Two,,,,,Aurora Tyas,0,65000,20,325000,0,,,,,,,,,,,,,,,,,,,,,,,,,,,,1,1,1,,,,
11,7,Reviveaphone,768,11-Aug-13,2-Mar-14,26-Jan-14,Electronics,Repair kit for water-damaged mobile phones,,2.79,BBC Two,,,,,Oliver Murphy,0,50000,25,200000,1,1,1,50000,25,200000,1,50000,25,,,,,,,,,,,,,,,,,50000,25,KellyHoppen,1,1,1,,,,1
11,7,TheDooup,769,11-Aug-13,2-Mar-14,26-Jan-14,Pet Products,Device clearing dog waste,,2.79,BBC Two,,,,,Stuart Kirby and Helen Morris,1,70000,7,1000000,0,,,,,,,,,,,,,,,,,,,,,,,,,,,,1,1,1,,,,
11,7,UniqueAutomation,770,11-Aug-13,2-Mar-14,26-Jan-14,Software/Tech,Mobile app controlling bathroom fittings,,2.79,BBC Two,,,,,Fredy Vasilev,0,1000,20,5000,0,,,,,,,,,,,,,,,,,,,,,,,,,,,,1,1,1,,,,
11,8,Minicabit,771,11-Aug-13,2-Mar-14,2-Feb-14,Software/Tech,Website and mobile phone app for booking and comparing mini-cabs,,3.13,BBC Two,,,,,Amer Hasan,0,75000,35,214286,1,1,0,,,,,,,,,,,,,,,,,,,,,,,,,,1,1,1,,,,
11,8,nouriSHmenow,772,11-Aug-13,2-Mar-14,2-Feb-14,Fitness/Sports/Outdoors,Sports recovery drink,,3.13,BBC Two,,,,,Lynwen Harrison and Rachel Smith,1,75000,15,500000,0,,,,,,,,,,,,,,,,,,,,,,,,,,,,1,1,1,,,,
11,8,PlayDNA,773,11-Aug-13,2-Mar-14,2-Feb-14,Health/Wellness,Premier scientific artwork,,3.13,BBC Two,,,,,Dr Samantha Decombel and Dr Stuart Grice,1,,,,0,,,,,,,,,,,,,,,,,,,,,,,,,,,,1,1,1,,,,
11,8,Snugglebundl,774,11-Aug-13,2-Mar-14,2-Feb-14,Children/Education,Baby-lifting blanket,,3.13,BBC Two,,,,,David Solomons and Mike Edwards,1,100000,20,500000,0,,,,,,,,,,,,,,,,,,,,,,,,,,,,1,1,1,,,,
11,8,TheyFit,775,11-Aug-13,2-Mar-14,2-Feb-14,Lifestyle/Home,Multiple sized condoms,,3.13,BBC Two,,,,,Joe Nelson,0,200000,10,2000000,0,,,,,,,,,,,,,,,,,,,,,,,,,,,,1,1,1,,,,
11,9,GraffitiArtist,776,11-Aug-13,2-Mar-14,9-Feb-14,Software/Tech,Online design-at-home graffiti art,,3.12,BBC Two,,,,,David Brown,0,70000,20,350000,0,,,,,,,,,,,,,,,,,,,,,,,,,,,,1,1,1,,,,
11,9,JollyDaysLuxuryCamping,777,11-Aug-13,2-Mar-14,9-Feb-14,Lifestyle/Home,Camping holidays,,3.12,BBC Two,,,,,Christian and Carolyn van Outersterp,1,200000,20,1000000,0,,,,,,,,,,,,,,,,,,,,,,,,,,,,1,1,1,,,,
11,9,SlouchMat,778,11-Aug-13,2-Mar-14,9-Feb-14,Software/Tech,Padding for laptop use on sofas,,3.12,BBC Two,,,,,Nuala and Christopher Lewis,1,,,,0,,,,,,,,,,,,,,,,,,,,,,,,,,,,1,1,1,,,,
11,9,TheLittleCoffeeBagCo.,779,11-Aug-13,2-Mar-14,9-Feb-14,Food and Beverage,Coffee bag company,,3.12,BBC Two,,,,,Carrie Bate,0,100000,33.3,300300,1,1,0,,,,,,,,,,,,,,,,,,,,,,,,,,1,1,1,,,,
11,9,Vini&Bal'sRusticIndian,780,11-Aug-13,2-Mar-14,9-Feb-14,Food and Beverage,"Chilled, fresh Indian cook-in sauces",,3.12,BBC Two,,,,,Vini and Bal,1,50000,30,166667,1,1,1,50000,30,166667,1,50000,30,,,,,,,,,,,,,,,,,50000,30,PiersLinney,1,1,1,,,,1
11,10,Baavet,781,11-Aug-13,2-Mar-14,16-Feb-14,Lifestyle/Home,Woollen duvet and bed materials,,3,BBC Two,,,,,Roger and Lesley Payne,1,130000,50,260000,1,0,,,,,,,,,,,,,,,,,,,,,,,,,,,1,1,1,,,,
11,10,Benjamin'sHotChocolate,782,11-Aug-13,2-Mar-14,16-Feb-14,Food and Beverage,Hot-chocolate made from Ghana sourced coffee-beans,,3,BBC Two,,,,,Benjamin Mougarbel,0,65000,10,650000,0,,,,,,,,,,,,,,,,,,,,,,,,,,,,1,1,1,,,,
11,10,Frogjaw,783,11-Aug-13,2-Mar-14,16-Feb-14,Lifestyle/Home,Spoon stand,,3,BBC Two,,,,,Rory O'Loughlin,0,,,,0,,,,,,,,,,,,,,,,,,,,,,,,,,,,1,1,1,,,,
11,10,Smartzer,784,11-Aug-13,2-Mar-14,16-Feb-14,Software/Tech,Mobile and web application for interactive online video content,,3,BBC Two,,,,,Karoline Gross,0,100000,10,1000000,0,,,,,,,,,,,,,,,,,,,,,,,,,,,,1,1,1,,,,
11,10,Towbag,785,11-Aug-13,2-Mar-14,16-Feb-14,Automotive,Foldaway trailer for cars,,3,BBC Two,,,,,Peter and Claire Lomas,1,50000,15,333333,0,,,,,,,,,,,,,,,,,,,,,,,,,,,,1,1,1,,,,
11,11,EnergyEGG,786,11-Aug-13,2-Mar-14,23-Feb-14,Software/Tech,Energy-saving automatic sensors to switch off appliances when not needed,,3.15,BBC Two,,,,,Brian O'Reilly,0,50000,30,166667,1,1,0,,,,,,,,,,,,,,,,,,,,,,,,,,1,1,1,,,,
11,11,GlowFaster,787,11-Aug-13,2-Mar-14,23-Feb-14,Fitness/Sports/Outdoors,Running jacket with visible reflector lights for traffic,,3.15,BBC Two,,,,,Simon Weatherall,0,80000,30,266667,0,,,,,,,,,,,,,,,,,,,,,,,,,,,,1,1,1,,,,
11,11,JKWorldwide,788,11-Aug-13,2-Mar-14,23-Feb-14,Children/Education,Children's suitcases and games system combined,,3.15,BBC Two,,,,,Jo Kerley,0,60000,35,171429,1,1,0,,,,,,,,,,,,,,,,,,,,,,,,,,1,1,1,,,,
11,11,KarismaKidz,789,11-Aug-13,2-Mar-14,23-Feb-14,Children/Education,Dolls aiding children with mental health issues,,3.15,BBC Two,,,,,Erika Brodnock,0,60000,10,600000,0,,,,,,,,,,,,,,,,,,,,,,,,,,,,1,1,1,,,,
11,11,SuperTie,790,11-Aug-13,2-Mar-14,23-Feb-14,Lifestyle/Home,Automatic knot tying tie,,3.15,BBC Two,,,,,Chris Gibson,0,,,,0,,,,,,,,,,,,,,,,,,,,,,,,,,,,1,1,1,,,,
11,11,TheFreefold,791,11-Aug-13,2-Mar-14,23-Feb-14,Lifestyle/Home,Lightweight crease-free suit carrier,,3.15,BBC Two,,,,,Tony Higson,0,,,,0,,,,,,,,,,,,,,,,,,,,,,,,,,,,1,1,1,,,,
11,12,BoboBuddies,792,11-Aug-13,2-Mar-14,2-Mar-14,Lifestyle/Home,"Backpack, pillow and blanket in one",,3.26,BBC Two,,,,,James Roupell,0,50000,40,125000,1,1,0,,,,,,,,,,,,,,,,,,,,,,,,,,1,1,1,,,,
11,12,BuildingBlocksoftheLostPast,793,11-Aug-13,2-Mar-14,2-Mar-14,Media/Entertainment,Antique and archaeology computer game for tablets,,3.26,BBC Two,,,,,Anna Maria Kotarba-Morley,0,,,,0,,,,,,,,,,,,,,,,,,,,,,,,,,,,1,1,1,,,,
11,12,CheekyChompers,794,11-Aug-13,2-Mar-14,2-Mar-14,Children/Education,Baby bibs,,3.26,BBC Two,,,,,Julie Wilson and Amy Livingstone,1,70000,10,700000,0,,,,,,,,,,,,,,,,,,,,,,,,,,,,1,1,1,,,,
11,12,Fashiondesignhouse,795,11-Aug-13,2-Mar-14,2-Mar-14,Fashion/Beauty,Wool based knitting patterns for clothing,,3.26,BBC Two,,,,,Tracy Birch and Kari-Helene Rane,1,125000,25,500000,0,,,,,,,,,,,,,,,,,,,,,,,,,,,,1,1,1,,,,
11,12,HealInk,796,11-Aug-13,2-Mar-14,2-Mar-14,Fashion/Beauty,Tattoo aftercare oil,,3.26,BBC Two,,,,,Nathan Lightbody,0,,,,0,,,,,,,,,,,,,,,,,,,,,,,,,,,,1,1,1,,,,
11,12,LUXCreationsLtd,797,11-Aug-13,2-Mar-14,2-Mar-14,Uncertain/Other,Design company for stationary papers,,3.26,BBC Two,,,,,John MacLeod,0,50000,10,500000,0,,,,,,,,,,,,,,,,,,,,,,,,,,,,1,1,1,,,,
11,12,TreatmentSaver,798,11-Aug-13,2-Mar-14,2-Mar-14,Software/Tech,Price-comparison website for cosmetic surgery,,3.26,BBC Two,,,,,Dr Ganesh Rao and Timothy Harwood,1,100000,20,500000,0,,,,,,,,,,,,,,,,,,,,,,,,,,,,1,1,1,,,,
12,1,FrameAgain,799,20-Jul-14,15-Mar-15,20-Jul-14,Software/Tech,Picture framing website for smart phones,,2.63,BBC Two,,,,,Jake Hayman and Joe Kenyon,1,60000,100,60000,1,0,,,,,,,,,,,,,,,,,,,,,,,,,,,1,1,1,,,,
12,1,Replicablewarmachine,800,20-Jul-14,15-Mar-15,20-Jul-14,Uncertain/Other,Life sized toy war-tank,,2.63,BBC Two,,,,,Phil Parsons,0,98000,15,653333,0,,,,,,,,,,,,,,,,,,,,,,,,,,,,1,1,1,,,,
12,1,ScrubbysVegetableCrisps,801,20-Jul-14,15-Mar-15,20-Jul-14,Food and Beverage,Low-fat vegetable crisps,,2.63,BBC Two,,,,,John and Claire Brumby,1,75000,15,500000,0,,,,,,,,,,,,,,,,,,,,,,,,,,,,1,1,1,,,,
12,1,Skribbies,802,20-Jul-14,15-Mar-15,20-Jul-14,Children/Education,Kids' shoes which can be drawn on,,2.63,BBC Two,,,,,Jennifer Duthie,0,60000,25,240000,1,1,0,,,,,,,,,,,,,,,,,,,,,,,,,,1,1,1,,,,
12,1,SwingPatrolLondon,803,20-Jul-14,15-Mar-15,20-Jul-14,Fitness/Sports/Outdoors,Swing dancing classes in London,,2.63,BBC Two,,,,,Scott Cupit,0,65000,20,325000,1,1,1,65000,20,325000,1,65000,20,,,,,,,65000,20,,,,,,,,,,,,1,1,1,,,,
12,2,ColourMeShave,804,20-Jul-14,15-Mar-15,27-Jul-14,Fashion/Beauty,Male-grooming gel,,2.47,BBC Two,,,,,George and Joan McCrossan,1,65000,35,185714,0,,,,,,,,,,,,,,,,,,,,,,,,,,,,1,1,1,,,,
12,2,LostmyName,805,20-Jul-14,15-Mar-15,27-Jul-14,Children/Education,Personalised children's books,,2.47,BBC Two,,,,,Asi Sharabi and David Cadji-Newby,1,100000,5,2000000,1,1,1,100000,5,2000000,1,100000,5,,,,,,,,,,,,,,,,,100000,5,PiersLinney,1,1,1,,,,
12,2,PurePetFood,806,20-Jul-14,15-Mar-15,27-Jul-14,Pet Products,Air dried dog food,,2.47,BBC Two,,,,,Daniel Eha and Matthew Cockroft,1,40000,30,133333,1,0,,,,,,,,,,,,,,,,,,,,,,,,,,,1,1,1,,,,
12,2,Spoon,807,20-Jul-14,15-Mar-15,27-Jul-14,Food and Beverage,Breakfast cereal,,2.47,BBC Two,,,,,Johnny Shimmin and Annie Morris,1,50000,30,166667,1,1,1,50000,30,166667,2,25000,15,,,,,25000,15,25000,15,,,,,,,,,,,,1,1,1,,,,
12,2,TheWeirdAndWonderful,808,20-Jul-14,15-Mar-15,27-Jul-14,Uncertain/Other,High street selling natural history statues,,2.47,BBC Two,,,,,Norman Wright,0,50000,20,250000,0,,,,,,,,,,,,,,,,,,,,,,,,,,,,1,1,1,,,,
12,3,DoddleForDogs,809,20-Jul-14,15-Mar-15,3-Aug-14,Pet Products,Combined dog lead and collar,,2.59,BBC Two,,,,,Sally Pattie,0,45000,10,450000,0,,,,,,,,,,,,,,,,,,,,,,,,,,,,1,1,1,,,,
12,3,HairHangerz,810,20-Jul-14,15-Mar-15,3-Aug-14,Fashion/Beauty,Clips for hair extensions,,2.59,BBC Two,,,,,Kate Arnold,0,45000,10,450000,0,,,,,,,,,,,,,,,,,,,,,,,,,,,,1,1,1,,,,
12,3,TheWildPeanut,811,20-Jul-14,15-Mar-15,3-Aug-14,Food and Beverage,Flavoured peanut range,,2.59,BBC Two,,,,,Akeem Ojuko,0,50000,20,250000,0,,,,,,,,,,,,,,,,,,,,,,,,,,,,1,1,1,,,,
12,3,TheTeaboxCompany,812,20-Jul-14,15-Mar-15,3-Aug-14,Food and Beverage,Loose leaf tea,,2.59,BBC Two,,,,,Philip Perera and Omar Farag,1,50000,25,200000,1,1,0,,,,,,,,,,,,,,,,,,,,,,,,,,1,1,1,,,,
12,3,Victor'sDrinks,813,20-Jul-14,15-Mar-15,3-Aug-14,Liquor/Alcohol,Make your own cider,,2.59,BBC Two,,,,,Ralph Broadbent and Alex Dixon,1,40000,25,160000,1,1,0,,,,,,,,,,,,,,,,,,,,,,,,,,1,1,1,,,,
12,3,wesold.co.uk,814,20-Jul-14,15-Mar-15,3-Aug-14,Software/Tech,Pay-per-view online estate agent,,2.59,BBC Two,,,,,Thomas Harrington,0,75000,20,375000,0,,,,,,,,,,,,,,,,,,,,,,,,,,,,1,1,1,,,,
12,4,FatLadAtTheBack,815,20-Jul-14,15-Mar-15,10-Aug-14,Fitness/Sports/Outdoors,Cycle wear for differing sizes,,2.52,BBC Two,,,,,Richard and Lynn Bye,1,80000,10,800000,0,,,,,,,,,,,,,,,,,,,,,,,,,,,,1,1,1,,,,
12,4,Mallow&Marsh,816,20-Jul-14,15-Mar-15,10-Aug-14,Food and Beverage,Gourmet marshmallows,,2.52,BBC Two,,,,,Harriot Pleydell-Bouverie,0,65000,33,196970,1,0,,,,,,,,,,,,,,,,,,,,,,,,,,,1,1,1,,,,
12,4,Morella,817,20-Jul-14,15-Mar-15,10-Aug-14,Lifestyle/Home,Drinks holder for an umbrella,,2.52,BBC Two,,,,,Jordan Schlipf and Andrew Tan,1,50000,10,500000,0,,,,,,,,,,,,,,,,,,,,,,,,,,,,1,1,1,,,,
12,4,SlikStik,818,20-Jul-14,15-Mar-15,10-Aug-14,Lifestyle/Home,LED walking stick,,2.52,BBC Two,,,,,Denise Anstey,0,45000,35,128571,0,,,,,,,,,,,,,,,,,,,,,,,,,,,,1,1,1,,,,
12,4,UKickLtd,819,20-Jul-14,15-Mar-15,10-Aug-14,Children/Education,Feather kicking toys,,2.52,BBC Two,,,,,David Robinson and Phil Law,1,60000,25,240000,0,,,,,,,,,,,,,,,,,,,,,,,,,,,,1,1,1,,,,
12,4,Umbrands,820,20-Jul-14,15-Mar-15,10-Aug-14,Software/Tech,Nanotech suction technology,,2.52,BBC Two,,,,,Tracy Baker,0,60000,35,171429,1,1,0,,,,,,,,,,,,,,,,,,,,,,,,,,1,1,1,,,,
12,5,ArcticQuestLtd,821,20-Jul-14,15-Mar-15,17-Aug-14,Pet Products,Husky sleigh rides,,2.91,BBC Two,,,,,Vicky Pullen and Chantelle Goddard-Jones,1,100000,20,500000,0,,,,,,,,,,,,,,,,,,,,,,,,,,,,1,1,1,,,,
12,5,BloomingSimple,822,20-Jul-14,15-Mar-15,17-Aug-14,Lifestyle/Home,Card and flower vase gift packages,,2.91,BBC Two,,,,,Patrick Gavin and Chris Bibby,1,100000,10,1000000,0,,,,,,,,,,,,,,,,,,,,,,,,,,,,1,1,1,,,,
12,5,GripItFixings,823,20-Jul-14,15-Mar-15,17-Aug-14,Lifestyle/Home,Plasterboard fixings,,2.91,BBC Two,,,,,Jordan Daykin,0,80000,25,320000,1,1,1,80000,25,320000,1,80000,25,,,,,,,80000,25,,,,,,,,,,,,1,1,1,,,,
12,5,OzindasLimited,824,20-Jul-14,15-Mar-15,17-Aug-14,Food and Beverage,Colombian hot chocolate drinks,,2.91,BBC Two,,,,,"Jim Campbell, Reuben Maltby, and Simon Hasslacher",1,150000,13,1153846,0,,,,,,,,,,,,,,,,,,,,,,,,,,,,1,1,1,,,,
12,5,StuntGuy2,825,20-Jul-14,15-Mar-15,17-Aug-14,Software/Tech,Computer game/s for tablets and smartphones,,2.91,BBC Two,,,,,Chris Kempt,0,250000,25,1000000,0,,,,,,,,,,,,,,,,,,,,,,,,,,,,1,1,1,,,,
12,5,TorchApparel,826,20-Jul-14,15-Mar-15,17-Aug-14,Fitness/Sports/Outdoors,Cycle helmets with battery powered lights,,2.91,BBC Two,,,,,Hugh Roper and Nathan Wills,1,75000,10,750000,0,,,,,,,,,,,,,,,,,,,,,,,,,,,,1,1,1,,,,
12,5,Visorcat,827,20-Jul-14,15-Mar-15,17-Aug-14,Fitness/Sports/Outdoors,Wash and wipe for motorcycle helmets,,2.91,BBC Two,,,,,Alan and Jill Boulton,1,80000,10,800000,0,,,,,,,,,,,,,,,,,,,,,,,,,,,,1,1,1,,,,
12,6,JustForTinyPeople,828,20-Jul-14,15-Mar-15,24-Aug-14,Fitness/Sports/Outdoors,Handcrafted tents and accessories,,2.36,BBC Two,,,,,Effie Moss,0,50000,25,200000,1,1,1,50000,25,200000,1,50000,25,,,,,,,50000,25,,,,,,,,,,,,1,1,1,,,,
12,6,KAZbrella,829,20-Jul-14,15-Mar-15,24-Aug-14,Lifestyle/Home,Umbrella folding inside-out,,2.36,BBC Two,,,,,Jenan Kazim,0,,,,0,,,,,,,,,,,,,,,,,,,,,,,,,,,,1,1,1,,,,
12,6,Magnet-Ease,830,20-Jul-14,15-Mar-15,24-Aug-14,Fitness/Sports/Outdoors,Magnet golf tees,,2.36,BBC Two,,,,,Rob Goodman and Nigel Travis,1,,,,0,,,,,,,,,,,,,,,,,,,,,,,,,,,,1,1,1,,,,
12,6,PantsOnFireGamesLtd,831,20-Jul-14,15-Mar-15,24-Aug-14,Fitness/Sports/Outdoors,Board games and party games,,2.36,BBC Two,,,,,Richard McLuckie and Stuart McKenzie-Walker,1,50000,40,125000,1,1,0,,,,,,,,,,,,,,,,,,,,,,,,,,1,1,1,,,,
12,6,StowawayDesignsLimited,832,20-Jul-14,15-Mar-15,24-Aug-14,Fitness/Sports/Outdoors,Air filled pop-up garden furniture,,2.36,BBC Two,,,,,Jim Jemison,0,25000,25,100000,0,,,,,,,,,,,,,,,,,,,,,,,,,,,,1,1,1,,,,
12,7,CleanHeelsLtd,833,20-Jul-14,15-Mar-15,25-Jan-15,Fashion/Beauty,High heel attachments to prevent sinking in grass and damage to floors,,2.88,BBC Two,,,,,Ally Stevenson,0,50000,25,200000,1,1,1,50000,25,200000,2,25000,12.5,,,,,,,25000,12.5,,,,,,,,,25000,12.5,KellyHoppen,1,1,1,,,,1
12,7,Easybulb,834,20-Jul-14,15-Mar-15,25-Jan-15,Lifestyle/Home,Smartphone-operated bulbs,,2.88,BBC Two,,,,,Henry Ofodieze,0,75000,10,750000,0,,,,,,,,,,,,,,,,,,,,,,,,,,,,1,1,1,,,,
12,7,EquisafetyLtd,835,20-Jul-14,15-Mar-15,25-Jan-15,Fashion/Beauty,High-visibility clothing and gear,,2.88,BBC Two,,,,,Nicky Fletcher,0,100000,30,333333,1,1,0,,,,,,,,,,,,,,,,,,,,,,,,,,1,1,1,,,,
12,7,sTitchLeggings,836,20-Jul-14,15-Mar-15,25-Jan-15,Fashion/Beauty,Fashion leggings for men,,2.88,BBC Two,,,,,"Tom Hunt, Luke Shipley, Joe Hollingworth",0,20000,20,100000,0,,,,,,,,,,,,,,,,,,,,,,,,,,,,1,1,1,,,,
12,7,ZevenMedia,837,20-Jul-14,15-Mar-15,25-Jan-15,Lifestyle/Home,Photo-booth rental and sales,,2.88,BBC Two,,,,,Hyrum and Joshua Cook,1,50000,25,200000,1,1,1,50000,25,200000,1,50000,25,,,,yes,,,50000,25,,,,,,,,,,,,1,1,1,,,,
12,8,BaggersOriginals,838,20-Jul-14,15-Mar-15,1-Feb-15,Children/Education,Children's rainwear,,2.8,BBC Two,,,,,Angela McLean and Jessica McCarthy,1,100000,30,333333,1,1,0,,,,,,,,,,,,,,,,,,,,,,,,,,1,1,1,,,,
12,8,Charlie'sCartoons,839,20-Jul-14,15-Mar-15,1-Feb-15,Children/Education,Hand-drawn caricatures,,2.8,BBC Two,,,,,Charlie Anson,0,40000,20,200000,0,,,,,,,,,,,,,,,,,,,,,,,,,,,,1,1,1,,,,
12,8,Earcandi,840,20-Jul-14,15-Mar-15,1-Feb-15,Lifestyle/Home,Moulding caps for earphones,,2.8,BBC Two,,,,,Lloyd Daley and Steven Freeman,1,40000,10,400000,0,,,,,,,,,,,,,,,,,,,,,,,,,,,,1,1,1,,,,
12,8,iGlove,841,20-Jul-14,15-Mar-15,1-Feb-15,Fitness/Sports/Outdoors,Touch screen gloves,,2.8,BBC Two,,,,,Rajan Jerath,0,75000,40,187500,1,1,0,,,,,,,,,,,,,,,,,,,,,,,,,,1,1,1,,,,
12,8,LiberatorTechnology,842,20-Jul-14,15-Mar-15,1-Feb-15,Fitness/Sports/Outdoors,Hybrid scooter bikes,,2.8,BBC Two,,,,,John Wakefield-Smith,0,100000,50,200000,0,,,,,,,,,,,,,,,,,,,,,,,,,,,,1,1,1,,,,
12,8,Mallzee,843,20-Jul-14,15-Mar-15,1-Feb-15,Software/Tech,Fashion mobile commerce company and shopping application,,2.8,BBC Two,,,,,Cally Russell,0,75000,15,500000,1,0,,,,,,,,,,,,,,,,,,,,,,,,,,,1,1,1,,,,
12,8,MyLittlePrincessParties,844,20-Jul-14,15-Mar-15,1-Feb-15,Children/Education,Fairytale entertainment for children's parties,,2.8,BBC Two,,,,,James and Kelly George,1,25000,20,125000,0,,,,,,,,,,,,,,,,,,,,,,,,,,,,1,1,1,,,,
12,9,ApprovedFoodLtd,845,20-Jul-14,15-Mar-15,8-Feb-15,Software/Tech,Website that sells food past its use-by date,,2.83,BBC Two,,,,,Andy Needham and Dan Cluddery,1,150000,10,1500000,0,,,,,,,,,,,,,,,,,,,,,,,,,,,,1,1,1,,,,
12,9,Enclothed,846,20-Jul-14,15-Mar-15,8-Feb-15,Fashion/Beauty,Men's online clothing and delivery service,,2.83,BBC Two,,,,,Levi Young and Dana Zingher,1,70000,15,466667,1,1,0,,,,,,,,,,,,,,,,,,,,,,,,,,1,1,1,,,,
12,9,ShoeLicks,847,20-Jul-14,15-Mar-15,8-Feb-15,Fashion/Beauty,Stick on patterned soles for affordable high street heels,,2.83,BBC Two,,,,,Charlotte King,0,30000,25,120000,0,,,,,,,,,,,,,,,,,,,,,,,,,,,,1,1,1,,,,
12,10,Hornit,848,20-Jul-14,15-Mar-15,15-Feb-15,Fitness/Sports/Outdoors,Horn for bicycles,,2.87,BBC Two,,,,,Tom De Pelet,0,100000,10,1000000,0,,,,,,,,,,,,,,,,,,,,,,,,,,,,1,1,1,,,,
12,10,Jackpen,849,20-Jul-14,15-Mar-15,15-Feb-15,Lifestyle/Home,Miniature pen stored in headphone jack sockets,,2.87,BBC Two,,,,,Andrew Jewson and Gary Patterson,1,,,,0,,,,,,,,,,,,,,,,,,,,,,,,,,,,1,1,1,,,,
12,10,MatrixRSLtd,850,20-Jul-14,15-Mar-15,15-Feb-15,Fitness/Sports/Outdoors,Anti-piracy device for sailors,,2.87,BBC Two,,,,,Michael Jay Scott,0,195000,25,780000,0,,,,,,,,,,,,,,,,,,,,,,,,,,,,1,1,1,,,,
12,10,YeeKwan,851,20-Jul-14,15-Mar-15,15-Feb-15,Food and Beverage,East Asian ice cream and sorbet company,,2.87,BBC Two,,,,,Yee Kwan Chan,0,50000,30,166667,1,1,1,50000,30,166667,1,50000,30,,,,,,,50000,30,,,,,,,,,,,,1,1,1,,,,
12,11,Airwheel,852,20-Jul-14,15-Mar-15,22-Feb-15,Lifestyle/Home,Airwheel mobility devices,,3.1,BBC Two,,,,,Scott Fidgett and Samuel Parham,1,,,,0,,,,,,,,,,,,,,,,,,,,,,,,,,,,1,1,1,,,,
12,11,Flavourly,853,20-Jul-14,15-Mar-15,22-Feb-15,Food and Beverage,Food and snack box delivery service,,3.1,BBC Two,,,,,Ryan O'Rorke,0,75000,20,375000,1,1,0,,,,,,,,,,,,,,,,,,,,,,,,,,1,1,1,,,,
12,11,Funslinger,854,20-Jul-14,15-Mar-15,22-Feb-15,Fitness/Sports/Outdoors,Throw and catching game,,3.1,BBC Two,,,,,"Nick Monrow, Daniel and Roderick Butterfield",1,100000,20,500000,0,,,,,,,,,,,,,,,,,,,,,,,,,,,,1,1,1,,,,
12,11,GrannyMarmalade,855,20-Jul-14,15-Mar-15,22-Feb-15,Food and Beverage,Selection of marmalades,,3.1,BBC Two,,,,,Nicola Frith and Lindsey Oldroyd,1,50000,20,250000,0,,,,,,,,,,,,,,,,,,,,,,,,,,,,1,1,1,,,,
12,11,Seabung,856,20-Jul-14,15-Mar-15,22-Feb-15,Uncertain/Other,Boat valve maintenance plug,,3.1,BBC Two,,,,,John and Sam Ford,1,50000,20,250000,1,1,1,50000,20,250000,2,25000,10,,,,,,,25000,10,,,,,,,,,25000,10,KellyHoppen,1,1,1,,,,1
12,11,SorcitLtd,857,20-Jul-14,15-Mar-15,22-Feb-15,Fitness/Sports/Outdoors,Collapsible camping equipment,,3.1,BBC Two,,,,,David Fannin and Shaun Moore,1,150000,15,1000000,0,,,,,,,,,,,,,,,,,,,,,,,,,,,,1,1,1,,,,
12,12,DareSnacks,858,20-Jul-14,15-Mar-15,15-Mar-15,Food and Beverage,Edible insects snacks,,2.45,BBC Two,,,,,Chris Parsmal,0,20000,0.2,10000000,0,,,,,,,,,,,,,,,,,,,,,,,,,,,,1,1,1,,,,
12,12,HerbieTrailerSkips,859,20-Jul-14,15-Mar-15,15-Mar-15,Automotive,Roadside waste removal skips,,2.45,BBC Two,,,,,John Paul Rae and Craig Chatwin,1,50000,15,333333,0,,,,,,,,,,,,,,,,,,,,,,,,,,,,1,1,1,,,,
12,12,Institchu,860,20-Jul-14,15-Mar-15,15-Mar-15,Software/Tech,Online custom suit tailor,,2.45,BBC Two,,,,,Matthew Hinkley and Elliott Suiter,1,70000,10,700000,0,,,,,,,,,,,,,,,,,,,,,,,,,,,,1,1,1,,,,
12,12,NaeDanger&Glencrest,861,20-Jul-14,15-Mar-15,15-Mar-15,Food and Beverage,Sports & energy drink and cash & carry business,,2.45,BBC Two,,,,,Ross Gourlay,0,200000,30,666667,1,1,0,,,,,,,,,,,,,,,,,,,,,,,,,,1,1,1,,,,
12,12,NeoSlip,862,20-Jul-14,15-Mar-15,15-Mar-15,Health/Wellness,Aid for medical and travel stockings,,2.45,BBC Two,,,,,Neomi Bennett,0,40000,10,400000,0,,,,,,,,,,,,,,,,,,,,,,,,,,,,1,1,1,,,,
12,12,ZainiHats,863,20-Jul-14,15-Mar-15,15-Mar-15,Fashion/Beauty,Beanie hats,,2.45,BBC Two,,,,,Miranda Harper,0,50000,20,250000,0,,,,,,,,,,,,,,,,,,,,,,,,,,,,1,1,1,,,,
13,1,BeamBlock,864,12-Jul-15,21-Feb-16,12-Jul-15,Fitness/Sports/Outdoors,Yoga equipment and workout system,,,BBC Two,,,,,Thierry Giunta,0,50000,50,100000,1,1,1,50000,50,100000,2,25000,25,,,,,25000,25,,,,,,,25000,25,,,,,,1,1,,,1,,
13,1,FitBritches,865,12-Jul-15,21-Feb-16,12-Jul-15,Fashion/Beauty,Slimming shapewear,,,BBC Two,,,,,Farnaz Khan,0,75000,5,1500000,0,,,,,,,,,,,,,,,,,,,,,,,,,,,,1,1,,,1,,
13,1,Fridja,866,12-Jul-15,21-Feb-16,12-Jul-15,Lifestyle/Home,"Home appliances retailer, including clothes steamer",,,BBC Two,,,,,Ben Fridja,0,70000,25,280000,1,1,0,,,,,,,,,,,,,,,,,,,,,,,,,,1,1,,,1,,
13,1,Housecrowd,867,12-Jul-15,21-Feb-16,12-Jul-15,Software/Tech,Property crowdfunding,,,BBC Two,,,,,Fraser Fearnhead,0,1000000,5,20000000,0,,,,,,,,,,,,,,,,,,,,,,,,,,,,1,1,,,1,,
13,2,Accentuate,868,12-Jul-15,21-Feb-16,19-Jul-15,Fitness/Sports/Outdoors,"""Guess-the-accent"" board game",,,BBC Two,,,,,Graeme and Fiona Fraser-Bell,1,45000,40,112500,1,1,1,45000,40,112500,1,45000,40,,,,yes,45000,40,,,,,,,,,,,,,,1,1,,,1,,
13,2,Chika'sFoods,869,12-Jul-15,21-Feb-16,19-Jul-15,Food and Beverage,African snacks business,,,BBC Two,,,,,Chika Russell,0,30000,25,120000,1,1,0,,,,,,,,,,,,,,,,,,,,,,,,,,1,1,,,1,,
13,2,SplashToppa,870,12-Jul-15,21-Feb-16,19-Jul-15,Uncertain/Other,Lid fitting for cement mixers,,,BBC Two,,,,,Simon Meadows,0,,,,0,,,,,,,,,,,,,,,,,,,,,,,,,,,,1,1,,,1,,
13,2,TheIdleMan,871,12-Jul-15,21-Feb-16,19-Jul-15,Software/Tech,Online men's clothing brand,,,BBC Two,,,,,Oliver Tezcan,0,200000,60,333333,1,0,,,,,,,,,,,,,,,,,,,,,,,,,,,1,1,,,1,,
13,2,TheRawChocolateCompany,872,12-Jul-15,21-Feb-16,19-Jul-15,Food and Beverage,"Raw chocolate bars, dried fruit and superfoods",,,BBC Two,,,,,Linus Gorpe,0,72000,10,720000,1,1,0,,,,,,,,,,,,,,,,,,,,,,,,,,1,1,,,1,,
13,3,Funkybod,873,12-Jul-15,21-Feb-16,26-Jul-15,Fashion/Beauty,Muscle boosting padded clothing,,2.84,BBC Two,,,,,Arshad Bhunoo,0,,,,0,,,,,,,,,,,,,,,,,,,,,,,,,,,,1,1,,,1,,
13,3,LignLight,874,12-Jul-15,21-Feb-16,26-Jul-15,Fitness/Sports/Outdoors,Underwater light for scuba divers,,2.84,BBC Two,,,,,Graham and Lorraine Downward,1,120000,30,400000,0,,,,,,,,,,,,,,,,,,,,,,,,,,,,1,1,,,1,,
13,3,Sync-box,875,12-Jul-15,21-Feb-16,26-Jul-15,Electronics,Recessed and covered power and AV outlet,,2.84,BBC Two,,,,,Steve Noyes and Duncan Summers,1,55000,35,157143,1,1,1,55000,35,157143,1,55000,35,,,,yes,,,55000,35,,,,,,,,,,,,1,1,,,1,,
13,3,TheHandbagSpa,876,12-Jul-15,21-Feb-16,26-Jul-15,Fashion/Beauty,Cleaning and restoration of designer handbags,,2.84,BBC Two,,,,,Freya and Judy Bass,1,60000,20,300000,0,,,,,,,,,,,,,,,,,,,,,,,,,,,,1,1,,,1,,
13,3,VanGirls,877,12-Jul-15,21-Feb-16,26-Jul-15,Fitness/Sports/Outdoors,Female run goods removal service,,2.84,BBC Two,,,,,Emma Lanman,0,75000,10,750000,0,,,,,,,,,,,,,,,,,,,,,,,,,,,,1,1,,,1,,
13,4,Loodini,878,12-Jul-15,21-Feb-16,2-Aug-15,Health/Wellness,Card-sized hygiene device,,3.47,BBC Two,,,,,Mat Cottam,0,30000,10,300000,0,,,,,,,,,,,,,,,,,,,,,,,,,,,,1,1,,,1,,
13,4,ShineLikeACeleb,879,12-Jul-15,21-Feb-16,2-Aug-15,Fashion/Beauty,Sparkle body cream,,3.47,BBC Two,,,,,Ali Mustapha,0,22000,,,0,,,,,,,,,,,,,,,,,,,,,,,,,,,,1,1,,,1,,
13,4,TagsSnackFoodsLtd,880,12-Jul-15,21-Feb-16,2-Aug-15,Food and Beverage,Potato crisps business,,3.47,BBC Two,,,,,John Tague,0,125000,30,416667,1,1,0,,,,,,,,,,,,,,,,,,,,,,,,,,1,1,,,1,,
13,4,TimberkitsLtd,881,12-Jul-15,21-Feb-16,2-Aug-15,Children/Education,Wooden mechanical kits,,3.47,BBC Two,,,,,Sarah Reast and Phil Wilson,1,25000,30,83333,1,1,1,40000,30,133333,1,40000,30,,,,,,,,,,,,,40000,30,,,,,,1,1,,,1,,
13,5,CocoaMountain,882,12-Jul-15,21-Feb-16,9-Aug-15,Food and Beverage,Gourmet chocolate selections,,3.61,BBC Two,,,,,Paul Maden and James Findlay,1,80000,15,533333,0,,,,,,,,,,,,,,,,,,,,,,,,,,,,1,1,,,1,,
13,5,MySmartRemote,883,12-Jul-15,21-Feb-16,9-Aug-15,Automotive,Car security device,,3.61,BBC Two,,,,,Dr Akhtar Khalil,0,200000,20,1000000,0,,,,,,,,,,,,,,,,,,,,,,,,,,,,1,1,,,1,,
13,5,RainDiva,884,12-Jul-15,21-Feb-16,9-Aug-15,Fashion/Beauty,Rain protective hats for women,,3.61,BBC Two,,,,,Howard Barr,0,40000,20,200000,0,,,,,,,,,,,,,,,,,,,,,,,,,,,,1,1,,,1,,
13,5,RuleofCrumb,885,12-Jul-15,21-Feb-16,9-Aug-15,Food and Beverage,Gluten-free food range,,3.61,BBC Two,,,,,Colum McLornan and Claire Hunter,1,60000,15,400000,0,,,,,,,,,,,,,,,,,,,,,,,,,,,,1,1,,,1,,
13,5,Vitiliglow,886,12-Jul-15,21-Feb-16,9-Aug-15,Health/Wellness,Skin foundation for vitiligo sufferers,,3.61,BBC Two,,,,,Polly Gotschi,0,37500,40,93750,1,1,0,,,,,,,,,,,,,,,,,,,,,,,,,,1,1,,,1,,
13,6,3-ringsCare,887,12-Jul-15,21-Feb-16,16-Aug-15,Electronics,Notification service for electrical devices,,3.16,BBC Two,,,,,Stephen Purdham,0,300000,10,3000000,0,,,,,,,,,,,,,,,,,,,,,,,,,,,,1,1,,,1,,
13,6,CityTuksTuks,888,12-Jul-15,21-Feb-16,16-Aug-15,Automotive,Tuk tuk taxis,,3.16,BBC Two,,,,,Tony and Jamie Smith,1,65000,20,325000,0,,,,,,,,,,,,,,,,,,,,,,,,,,,,1,1,,,1,,
13,6,EllaBanksLtd,889,12-Jul-15,21-Feb-16,16-Aug-15,Children/Education,Naturally formulated bathtime products for children,,3.16,BBC Two,,,,,Amy Wordsworth,0,60000,40,150000,1,1,1,60000,40,150000,1,60000,40,,,,,,,60000,40,,,,,,,,,,,,1,1,,,1,,
13,6,GoldDiscDave,890,12-Jul-15,21-Feb-16,16-Aug-15,Media/Entertainment,Personalised framed music gifts,,3.16,BBC Two,,,,,David Breeze,0,30000,15,200000,0,,,,,,,,,,,,,,,,,,,,,,,,,,,,1,1,,,1,,
13,6,Yogiyo,891,12-Jul-15,21-Feb-16,16-Aug-15,Food and Beverage,Korean home cooking range,,3.16,BBC Two,,,,,Ben and Sue Youn,1,50000,33.3,150150,1,1,1,50000,33.3,150150,1,50000,33.3,,,,,50000,33.3,,,,,,,,,,,,,,1,1,,,1,,
13,7,BlueBadgeCompany,892,12-Jul-15,21-Feb-16,23-Aug-15,Software/Tech,Fashion mobile commerce company and shopping application,,3.23,BBC Two,,,,,Ellen Green,0,70000,35,200000,1,0,,,,,,,,,,,,,,,,,,,,,,,,,,,1,1,,,1,,
13,7,HAIRCVT,893,12-Jul-15,21-Feb-16,23-Aug-15,Software/Tech,Online hairdresser booking service,,3.23,BBC Two,,,,,Adam Symons and Tarik Fatihi,1,80000,5,1600000,0,,,,,,,,,,,,,,,,,,,,,,,,,,,,1,1,,,1,,
13,7,Napscarf,894,12-Jul-15,21-Feb-16,23-Aug-15,Fitness/Sports/Outdoors,Travel accessories,,3.23,BBC Two,,,,,Michael Corrigan and David Kellock,1,65000,10,650000,0,,,,,,,,,,,,,,,,,,,,,,,,,,,,1,1,,,1,,
13,7,SecretSausages,895,12-Jul-15,21-Feb-16,23-Aug-15,Food and Beverage,Vegetable sausages made with no meat or meat substitutes,,3.23,BBC Two,,,,,Rachel Wicklow,0,50000,15,333333,0,,,,,,,,,,,,,,,,,,,,,,,,,,,,1,1,,,1,,
13,7,SublimeScience,896,12-Jul-15,21-Feb-16,23-Aug-15,Children/Education,Science-themed children's birthday parties and workshops,,3.23,BBC Two,,,,,Marc Wileman,0,50000,10,500000,1,1,1,50000,10,500000,2,25000,5,,,,,,,,,,,,,,,,,50000,10,"NickJenkins,SarahWillingham",1,1,,,1,,2
13,8,BritishCassis,897,12-Jul-15,21-Feb-16,30-Aug-15,Liquor/Alcohol,Wine crafting company,,2.55,BBC Two,,,,,Jo Hilditch,0,50000,40,125000,1,0,,,,,,,,,,,,,,,,,,,,,,,,,,,1,1,,,1,,
13,8,GumigemLtd,898,12-Jul-15,21-Feb-16,30-Aug-15,Children/Education,Range of children's products for teething and chewing aids for the sensory market,,2.55,BBC Two,,,,,Jenny McLaughlan and Lorraine Young,1,30000,15,200000,0,,,,,,,,,,,,,,,,,,,,,,,,,,,,1,1,,,1,,
13,8,HotDiggidyDog,899,12-Jul-15,21-Feb-16,30-Aug-15,Food and Beverage,Spicy pepper sauces,,2.55,BBC Two,,,,,Simon Llewellyn,0,,,,0,,,,,,,,,,,,,,,,,,,,,,,,,,,,1,1,,,1,,
13,8,OldLondonUndergroundCompany,900,12-Jul-15,21-Feb-16,30-Aug-15,Uncertain/Other,Renovating a disused underground station into a tourist attraction,,2.55,BBC Two,,,,,Ajit Chambers,0,2000000,51,3921569,0,,,,,,,,,,,,,,,,,,,,,,,,,,,,1,1,,,1,,
13,8,Ride25,901,12-Jul-15,21-Feb-16,30-Aug-15,Fitness/Sports/Outdoors,Cycling adventure holidays,,2.55,BBC Two,,,,,John Readman,0,250000,25,1000000,0,,,,,,,,,,,,,,,,,,,,,,,,,,,,1,1,,,1,,
13,9,CrikeyBikeyLtd,902,12-Jul-15,21-Feb-16,6-Sep-15,Fitness/Sports/Outdoors,Cycling harness for bike learners,,2.39,BBC Two,,,,,"Kia and Scarlet Bannatyne
The youngest entrepreneurs to enter the den as of 2022, aged 14 and 12 respectively.",1,25000,10,250000,0,,,,,,,,,,,,,,,,,,,,,,,,,,,,1,1,,,1,,
13,9,FoldsmartLtd,903,12-Jul-15,21-Feb-16,6-Sep-15,Lifestyle/Home,Easy assemble flat pack furniture,,2.39,BBC Two,,,,,Pelham Vincent and David Hall,1,150000,10,1500000,0,,,,,,,,,,,,,,,,,,,,,,,,,,,,1,1,,,1,,
13,9,FunkyChristmasJumpers,904,12-Jul-15,21-Feb-16,6-Sep-15,Fashion/Beauty,Christmas clothing ranges,,2.39,BBC Two,,,,,Fabio Molle,0,75000,10,750000,0,,,,,,,,,,,,,,,,,,,,,,,,,,,,1,1,,,1,,
13,9,MaglocUK,905,12-Jul-15,21-Feb-16,6-Sep-15,Pet Products,Magnetic dog and equine lead connector,,2.39,BBC Two,,,,,Steve Shickell and Tony Garlick,1,100000,40,250000,1,1,0,,,,,,,,,,,,,,,,,,,,,,,,,,1,1,,,1,,
13,9,SchoolTrunk,906,12-Jul-15,21-Feb-16,6-Sep-15,Children/Education,Storage business for public schools,,2.39,BBC Two,,,,,Dorothy McLaren and Chelsea Hayes,1,90000,10,900000,0,,,,,,,,,,,,,,,,,,,,,,,,,,,,1,1,,,1,,
13,10,Double,907,12-Jul-15,21-Feb-16,27-Dec-15,Software/Tech,Online double-dating app,,2.42,BBC Two,,,,,"Gary MacDonough, Loren Gould and Ben Greenock",1,75000,15,500000,1,1,1,75000,15,500000,1,75000,15,,,,,,,,,,,,,,,,,75000,15,NickJenkins,1,1,,,1,,1
13,10,RamTrainingLtd,908,12-Jul-15,21-Feb-16,27-Dec-15,Lifestyle/Home,Horror events company,,2.42,BBC Two,,,,,Roy Fitter,0,80000,30,266667,1,0,,,,,,,,,,,,,,,,,,,,,,,,,,,1,1,,,1,,
13,10,Tap2TagLtd,909,12-Jul-15,21-Feb-16,27-Dec-15,Health/Wellness,Scannable medical alert devices,,2.42,BBC Two,,,,,Chris Ford,0,75000,20,375000,0,,,,,,,,,,,,,,,,,,,,,,,,,,,,1,1,,,1,,
13,10,X-grey,910,12-Jul-15,21-Feb-16,27-Dec-15,Fashion/Beauty,Female anti-grey hairs aging product,,2.42,BBC Two,,,,,Sajda Rashid,0,50000,10,500000,0,,,,,,,,,,,,,,,,,,,,,,,,,,,,1,1,,,1,,
13,11,BiotifulDairy,911,12-Jul-15,21-Feb-16,3-Jan-16,Health/Wellness,Protein milk drink selections,,2.91,BBC Two,,,,,Natasha Bowes,0,250000,45,555556,1,0,,,,,,,,,,,,,,,,,,,,,,,,,,,1,1,,,1,,
13,11,EasyXChair,912,12-Jul-15,21-Feb-16,3-Jan-16,Health/Wellness,Wheelchair and office chair incorporated with exercise tools,,2.91,BBC Two,,,,,Peter Ashley,0,55000,15,366667,0,,,,,,,,,,,,,,,,,,,,,,,,,,,,1,1,,,1,,
13,11,LatestFreeStuff,913,12-Jul-15,21-Feb-16,3-Jan-16,Software/Tech,Free sample website,,2.91,BBC Two,,,,,Deepak Tailor,0,50000,10,500000,1,1,1,50000,10,500000,1,50000,10,,,,,,,50000,10,,,,,,,,,,,,1,1,,,1,,
13,11,Liquiproof,914,12-Jul-15,21-Feb-16,3-Jan-16,Fashion/Beauty,"Waterproof coating for footwear, hats and clothing",,2.91,BBC Two,,,,,Caner Veli,0,100000,50,200000,1,1,1,100000,50,200000,1,100000,50,,,,,,,,,,,,,100000,50,,,,,,1,1,,,1,,
13,11,WirelessFitness,915,12-Jul-15,21-Feb-16,3-Jan-16,Software/Tech,App for music-based exercise workouts,,2.91,BBC Two,,,,,Dominic Thorpe and Matt Boyles,1,100000,15,666667,0,,,,,,,,,,,,,,,,,,,,,,,,,,,,1,1,,,1,,
13,12,Glassbusters,916,12-Jul-15,21-Feb-16,10-Jan-16,Business Services,Glass compacting creating Eco-Sand,,2.94,BBC Two,,,,,Pete Ancketill,0,200000,30,666667,1,1,0,,,,,,,,,,,,,,,,,,,,,,,,,,1,1,,,1,,
13,12,GroundedBodyScrub,917,12-Jul-15,21-Feb-16,10-Jan-16,Food and Beverage,Coffee-based body scrub,,2.94,BBC Two,,,,,Lloyd Haxell and Tasha Harris,1,30000,45,66667,1,1,0,,,,,,,,,,,,,,,,,,,,,,,,,,1,1,,,1,,
13,12,Tegology,918,12-Jul-15,21-Feb-16,10-Jan-16,Fitness/Sports/Outdoors,Portable camping stove and charging device,,2.94,BBC Two,,,,,Spencer Turner,0,45000,25,180000,1,1,1,45000,25,180000,1,45000,25,,,,,45000,25,,,,,,,,,,,,,,1,1,,,1,,
13,12,TheCrackin'EggCompany,919,12-Jul-15,21-Feb-16,10-Jan-16,Food and Beverage,Pre-boiled eggs with painted shells,,2.94,BBC Two,,,,,Rob Shaw,0,80000,20,400000,0,,,,,,,,,,,,,,,,,,,,,,,,,,,,1,1,,,1,,
13,13,Aerodrums,920,12-Jul-15,21-Feb-16,24-Jan-16,Fitness/Sports/Outdoors,Motion tracking drum kit,,2.6,BBC Two,,,,,Yann Morvan and Richard Lee,1,75000,30,250000,1,0,,,,,,,,,,,,,,,,,,,,,,,,,,,1,1,,,1,,
13,13,MasonsBeans,921,12-Jul-15,21-Feb-16,24-Jan-16,Food and Beverage,"Freshly cooked, baked beans",,2.6,BBC Two,,,,,Ben Mason,0,50000,20,250000,1,1,1,50000,20,250000,1,50000,20,,,,,,,,,,,,,,,,,50000,20,NickJenkins,1,1,,,1,,1
13,13,SunlessSolutions,922,12-Jul-15,21-Feb-16,24-Jan-16,Fashion/Beauty,Tent for spray tanning,,2.6,BBC Two,,,,,Lisa Young,0,60000,20,300000,0,,,,,,,,,,,,,,,,,,,,,,,,,,,,1,1,,,1,,
13,13,uShootStudios,923,12-Jul-15,21-Feb-16,24-Jan-16,Fashion/Beauty,Remotely controlled high-quality product photography machines,,2.6,BBC Two,,,,,Daniel Luxon,0,50000,20,250000,0,,,,,,,,,,,,,,,,,,,,,,,,,,,,1,1,,,1,,
13,14,BadBrownie,924,12-Jul-15,21-Feb-16,31-Jan-16,Food and Beverage,Gourmet-flavoured chocolate brownies,,2.68,BBC Two,,,,,Morag Ekanger and Paz Sarmah,1,60000,30,200000,1,1,1,60000,30,200000,1,60000,30,,,,,,,,,,,,,60000,30,,,,,,1,1,,,1,,
13,14,DrinkCommandLimited,925,12-Jul-15,21-Feb-16,31-Jan-16,Liquor/Alcohol,Self-serving draft beer,,2.68,BBC Two,,,,,Robbie Ward,0,200000,10,2000000,0,,,,,,,,,,,,,,,,,,,,,,,,,,,,1,1,,,1,,
13,14,Opus,926,12-Jul-15,21-Feb-16,31-Jan-16,Fitness/Sports/Outdoors,Trailer tents,,2.68,BBC Two,,,,,Jonathan Harris and Jonathan Schofield,1,80000,25,320000,1,1,0,,,,,,,,,,,,,,,,,,,,,,,,,,1,1,,,1,,
13,14,SlappieLtd,927,12-Jul-15,21-Feb-16,31-Jan-16,Fashion/Beauty,"""Slap-on"" wrist watches",,2.68,BBC Two,,,,,David Kendall,0,50000,45,111111,1,1,1,50000,45,111111,1,50000,45,,,,,,,,,,,,,,,,,50000,45,NickJenkins,1,1,,,1,,1
13,14,Wooju,928,12-Jul-15,21-Feb-16,31-Jan-16,Software/Tech,Smartphone app for taking pictures,,2.68,BBC Two,,,,,Calum Leslie,0,75000,10,750000,0,,,,,,,,,,,,,,,,,,,,,,,,,,,,1,1,,,1,,
13,15,DamsonLimited,929,12-Jul-15,21-Feb-16,21-Feb-16,Lifestyle/Home,Headphones allowing ease pf noise of surroundings,,2.53,BBC Two,,,,,James Talbot,0,250000,12.5,2000000,0,,,,,,,,,,,,,,,,,,,,,,,,,,,,1,1,,,1,,
13,15,Mum2Mummarket,930,12-Jul-15,21-Feb-16,21-Feb-16,Children/Education,"Babies and children's ""nearly-new"" sales",,2.53,BBC Two,,,,,Kath Harrop,0,35000,25,140000,1,1,0,,,,,,,,,,,,,,,,,,,,,,,,,,1,1,,,1,,
13,15,OpenGoaaal,931,12-Jul-15,21-Feb-16,21-Feb-16,Fitness/Sports/Outdoors,Football goal net for rebounds in back gardens,,2.53,BBC Two,,,,,Jonathan and Tabitha Cowan,1,150000,15,1000000,0,,,,,,,,,,,,,,,,,,,,,,,,,,,,1,1,,,1,,
13,15,OppoIceCream,932,12-Jul-15,21-Feb-16,21-Feb-16,Food and Beverage,Ice cream made from virgin coconut oil and stevia leaf,,2.53,BBC Two,,,,,Harry and Charlie Thuillier,1,60000,7,857143,0,,,,,,,,,,,,,,,,,,,,,,,,,,,,1,1,,,1,,
14,1,BigBoyBeanbag,933,24-Jul-16,26-Feb-17,24-Jul-16,Lifestyle/Home,Luxury machine washable beanbags,,3.37,BBC Two,,,,,Mark Yewman,0,75000,15,500000,0,,,,,,,,,,,,,,,,,,,,,,,,,,,,1,1,,,1,,
14,1,BootBuddy,934,24-Jul-16,26-Feb-17,24-Jul-16,Fashion/Beauty,Footwear cleaning product,,3.37,BBC Two,,,,,"Rashpal, Gurminder and Amarinder Dhillon",1,60000,30,200000,1,1,1,60000,30,200000,3,20000,10,,,,,20000,10,20000,10,,,,,20000,10,,,,,,1,1,,,1,,
14,1,CraftClubsLtd,935,24-Jul-16,26-Feb-17,24-Jul-16,Liquor/Alcohol,Craft gin subscription business,,3.37,BBC Two,,,,,John Burke and Jon Hulme,1,75000,12.5,600000,1,1,1,75000,12.5,600000,1,75000,12.5,,,,,,,,,,,,,,,,,75000,12.5,SarahWillingham,1,1,,,1,,1
14,1,Writesize,936,24-Jul-16,26-Feb-17,24-Jul-16,Children/Education,Children's stationery pencils,,3.37,BBC Two,,,,,Ross Williams and Surlender Pendress,1,50000,12.5,400000,0,,,,,,,,,,,,,,,,,,,,,,,,,,,,1,1,,,1,,
14,2,LightLead,937,24-Jul-16,26-Feb-17,31-Jul-16,Media/Entertainment,Analogue optical musical instrument cable,,3.06,BBC Two,,,,,Danielle Barnett and David Holmes,1,70000,35,200000,1,1,0,,,,,,,,,,,,,,,,,,,,,,,,,,1,1,,,1,,
14,2,ProGains,938,24-Jul-16,26-Feb-17,31-Jul-16,Fitness/Sports/Outdoors,Nutrition meals for bodybuilders and athletes,,3.06,BBC Two,,,,,Marco Hajikypri,0,125000,5,2500000,0,,,,,,,,,,,,,,,,,,,,,,,,,,,,1,1,,,1,,
14,2,SplashMaps,939,24-Jul-16,26-Feb-17,31-Jul-16,Children/Education,Clothing designed as maps,,3.06,BBC Two,,,,,David Overton,0,60000,15,400000,0,,,,,,,,,,,,,,,,,,,,,,,,,,,,1,1,,,1,,
14,2,UniversalManholeKeyKit,940,24-Jul-16,26-Feb-17,31-Jul-16,Uncertain/Other,Universal manhole cover lifting key kit,,3.06,BBC Two,,,,,Andrew Doris,0,40000,35,114286,1,1,0,,,,,,,,,,,,,,,,,,,,,,,,,,1,1,,,1,,
14,3,i-stay,941,24-Jul-16,26-Feb-17,7-Aug-16,Fitness/Sports/Outdoors,Non-slip shoulder strap for bags and rucksacks,,2.77,BBC Two,,,,,Anneka Chauhan and John Chauhan,1,50000,10,500000,0,,,,,,,,,,,,,,,,,,,,,,,,,,,,1,1,,,1,,
14,3,Iveson&Sage,942,24-Jul-16,26-Feb-17,7-Aug-16,Fashion/Beauty,Womenswear company,,2.77,BBC Two,,,,,Sarah Sleightolm and Beth Chilton,1,78000,25,312000,1,1,1,78000,25,312000,2,39000,12.5,,,,yes,39000,12.5,39000,12.5,,,,,,,,,,,,1,1,,,1,,
14,3,MiniYou,943,24-Jul-16,26-Feb-17,7-Aug-16,Uncertain/Other,Personalised model statues made using 3D-printing,,2.77,BBC Two,,,,,Sylvain Preumont,0,80000,15,533333,0,,,,,,,,,,,,,,,,,,,,,,,,,,,,1,1,,,1,,
14,3,TheSnafflingPig,944,24-Jul-16,26-Feb-17,7-Aug-16,Food and Beverage,Gourmet pork scratching snack company,,2.77,BBC Two,,,,,Nick Coleman and Andrew Allen,1,70000,20,350000,1,1,1,70000,20,350000,1,70000,20,,,,yes,,,,,,,,,,,,,70000,20,NickJenkins,1,1,,,1,,1
14,4,BeautyBoulevard,945,24-Jul-16,26-Feb-17,14-Aug-16,Fashion/Beauty,Glitter lipstick,,2.34,BBC Two,,,,,Rachel De Caux and Paula Short,1,65000,5,1300000,0,,,,,,,,,,,,,,,,,,,,,,,,,,,,1,1,,,1,,
14,4,MarxmanLimited,946,24-Jul-16,26-Feb-17,14-Aug-16,Uncertain/Other,Wall marking tool,,2.34,BBC Two,,,,,Martin Chard and Jenny David,1,50000,30,166667,1,1,1,50000,30,166667,1,50000,30,,,,,,,50000,30,,,,,,,,,,,,1,1,,,1,,
14,4,Peri'os,947,24-Jul-16,26-Feb-17,14-Aug-16,Food and Beverage,"Retail, restaurant franchise, sauce supply",,2.34,BBC Two,,,,,Faheem Badur,0,130000,10,1300000,0,,,,,,,,,,,,,,,,,,,,,,,,,,,,1,1,,,1,,
14,4,Spatap,948,24-Jul-16,26-Feb-17,14-Aug-16,Green/CleanTech,"Water-saving, eco-friendly, mobile tap and shower system",,2.34,BBC Two,,,,,Stuart Mason,0,65000,20,325000,0,,,,,,,,,,,,,,,,,,,,,,,,,,,,1,1,,,1,,
14,5,Cocofina,949,24-Jul-16,26-Feb-17,21-Aug-16,Food and Beverage,Wide range of coconut products,,3.43,BBC Two,,,,,Jacob Thundil,0,75000,20,375000,1,1,1,75000,20,375000,2,37500,10,,,,yes,,,,,,,,,,,,,75000,20,"NickJenkins,SarahWillingham",1,1,,,1,,2
14,5,DAIO,950,24-Jul-16,26-Feb-17,21-Aug-16,Fashion/Beauty,Safety device for hair appliances,,3.43,BBC Two,,,,,David Audsley,0,75000,20,375000,0,,,,,,,,,,,,,,,,,,,,,,,,,,,,1,1,,,1,,
14,5,FoamAromaUK,951,24-Jul-16,26-Feb-17,21-Aug-16,Food and Beverage,A redesigned takeaway coffee lid,,3.43,BBC Two,,,,,Tom Bell and Craig Bailey,1,80000,15,533333,0,,,,,,,,,,,,,,,,,,,,,,,,,,,,1,1,,,1,,
14,5,LittleBelters,952,24-Jul-16,26-Feb-17,21-Aug-16,Children/Education,Singing tuition for children,,3.43,BBC Two,,,,,Tina and Claire O'Brien,1,45000,15,300000,0,,,,,,,,,,,,,,,,,,,,,,,,,,,,1,1,,,1,,
14,6,KokosoSkinLimited,953,24-Jul-16,26-Feb-17,28-Aug-16,Fashion/Beauty,Organic coconut oil for baby skincare,,2.82,BBC Two,,,,,Lauren and Mark Taylor,1,50000,30,166667,1,1,1,50000,30,166667,1,50000,30,,,,yes,,,,,,,,,50000,30,,,,,,1,1,,,1,,
14,6,MagiLEDUKLtd,954,24-Jul-16,26-Feb-17,28-Aug-16,Lifestyle/Home,A silicon housing device for LED lighting,,2.82,BBC Two,,,,,Ranjit Sohal,0,50000,15,333333,0,,,,,,,,,,,,,,,,,,,,,,,,,,,,1,1,,,1,,
14,6,MyPlinth,955,24-Jul-16,26-Feb-17,28-Aug-16,Lifestyle/Home,A stand device for mobile tablets,,2.82,BBC Two,,,,,John Bull,0,50000,25,200000,0,,,,,,,,,,,,,,,,,,,,,,,,,,,,1,1,,,1,,
14,6,PitPatPet,956,24-Jul-16,26-Feb-17,28-Aug-16,Pet Products,Dog Activity Monitor,,2.82,BBC Two,,,,,Andrew Nowell,0,150000,20,750000,1,0,,,,,,,,,,,,,,,,,,,,,,,,,,,1,1,,,1,,
14,7,AppyParking,957,24-Jul-16,26-Feb-17,4-Sep-16,Software/Tech,An app to help drivers find parking spaces,,2.67,BBC Two,,,,,Nick Hubert,0,200000,15,1333333,1,0,,,,,,,,,,,,,,,,,,,,,,,,,,,1,1,,,1,,
14,7,G-Hold,958,24-Jul-16,26-Feb-17,4-Sep-16,Lifestyle/Home,Ergonomic hand holding device for drinks trays and tablets,,2.67,BBC Two,,,,,Alison Grieve,0,75000,7.5,1000000,0,,,,,,,,,,,,,,,,,,,,,,,,,,,,1,1,,,1,,
14,7,Kidsflush,959,24-Jul-16,26-Feb-17,4-Sep-16,Children/Education,Musical flushing button for children,,2.67,BBC Two,,,,,Jamie Lawlor,0,40000,40,100000,1,1,0,,,,,,,,,,,,,,,,,,,,,,,,,,1,1,,,1,,
14,7,Retro-mixer,960,24-Jul-16,26-Feb-17,4-Sep-16,Lifestyle/Home,Adapter combining separate taps,,2.67,BBC Two,,,,,Artur Napiorkowski and Denny Schenk,1,45000,15,300000,0,,,,,,,,,,,,,,,,,,,,,,,,,,,,1,1,,,1,,
14,7,WellGelLondon,961,24-Jul-16,26-Feb-17,4-Sep-16,Fashion/Beauty,Chemical-free gel nail solution,,2.67,BBC Two,,,,,Mustafa Mehmet,0,70000,35,200000,0,,,,,,,,,,,,,,,,,,,,,,,,,,,,1,1,,,1,,
14,8,ActiveAway,962,24-Jul-16,26-Feb-17,28-Dec-16,Fitness/Sports/Outdoors,Tennis holiday provider,,2.04,BBC Two,,,,,Steven Davis and Matthew Allen,1,25000,20,125000,1,1,1,25000,20,125000,1,25000,20,,,,yes,25000,20,,,,,,,,,,,,,,1,1,,,1,,
14,8,CocoaOoze,963,24-Jul-16,26-Feb-17,28-Dec-16,Food and Beverage,Luxury handmade chocolate,,2.04,BBC Two,,,,,Jamie Hutcheon,0,70000,35,200000,1,1,0,,,,,,,,,,,,,,,,,,,,,,,,,,1,1,,,1,,
14,8,Danceacise,964,24-Jul-16,26-Feb-17,28-Dec-16,Fitness/Sports/Outdoors,Mats for dancing tuition,,2.04,BBC Two,,,,,Denis Ahmet and Tim Hamilton,1,150000,10,1500000,0,,,,,,,,,,,,,,,,,,,,,,,,,,,,1,1,,,1,,
14,8,QuietRebellion,965,24-Jul-16,26-Feb-17,28-Dec-16,Fashion/Beauty,Socks brand,,2.04,BBC Two,,,,,Alex Miles and Ini Weston,1,75000,10,750000,0,,,,,,,,,,,,,,,,,,,,,,,,,,,,1,1,,,1,,
14,8,TheRovernighter,966,24-Jul-16,26-Feb-17,28-Dec-16,Pet Products,Travelling bed cot for dogs,,2.04,BBC Two,,,,,Ruth Lucas,0,75000,20,375000,0,,,,,,,,,,,,,,,,,,,,,,,,,,,,1,1,,,1,,
14,9,DoorJammer,967,24-Jul-16,26-Feb-17,1-Jan-17,Lifestyle/Home,Portable personal security device,,2.31,BBC Two,,,,,Roger Willems and Phil Stratford,1,80000,15,533333,0,,,,,,,,,,,,,,,,,,,,,,,,,,,,1,1,,,1,,
14,9,GreatGrub,968,24-Jul-16,26-Feb-17,1-Jan-17,Food and Beverage,Halal sandwich food-to-go business,,2.31,BBC Two,,,,,Sunil Kavuri,0,80000,5,1600000,0,,,,,,,,,,,,,,,,,,,,,,,,,,,,1,1,,,1,,
14,9,LoveKeepCreate,969,24-Jul-16,26-Feb-17,1-Jan-17,Fashion/Beauty,Keepsake clothing company,,2.31,BBC Two,,,,,Rachel Day and Merry Whitaker,1,50000,10,500000,1,1,1,50000,10,500000,1,50000,10,,,,,,,50000,10,,,,,,,,,,,,1,1,,,1,,
14,9,TickX,970,24-Jul-16,26-Feb-17,1-Jan-17,Software/Tech,Price comparison website,,2.31,BBC Two,,,,,Sam Coley and Steve Pearce,1,75000,15,500000,1,0,,,,,,,,,,,,,,,,,,,,,,,,,,,1,1,,,1,,
14,10,HandiScoop,971,24-Jul-16,26-Feb-17,8-Jan-17,Pet Products,Grabbing aids for dog poo,,2.79,BBC Two,,,,,John Nickels,0,45000,15,300000,0,,,,,,,,,,,,,,,,,,,,,,,,,,,,1,1,,,1,,
14,10,HulaFit,972,24-Jul-16,26-Feb-17,8-Jan-17,Fitness/Sports/Outdoors,High energy hula-hoop fitness class,,2.79,BBC Two,,,,,Anna and Rowan Byrne,1,80000,15,533333,0,,,,,,,,,,,,,,,,,,,,,,,,,,,,1,1,,,1,,
14,10,IglooDisco,973,24-Jul-16,26-Feb-17,8-Jan-17,Fitness/Sports/Outdoors,Alternative marquee hire,,2.79,BBC Two,,,,,Danny Savage,0,80000,20,400000,0,,,,,,,,,,,,,,,,,,,,,,,,,,,,1,1,,,1,,
14,10,Lupo,974,24-Jul-16,26-Feb-17,8-Jan-17,Software/Tech,Bluetooth finder and tracker,,2.79,BBC Two,,,,,Vincenz Clemt and Raj Sark,1,100000,30,333333,1,1,0,,,,,,,,,,,,,,,,,,,,,,,,,,1,1,,,1,,
14,10,NotDogs,975,24-Jul-16,26-Feb-17,8-Jan-17,Food and Beverage,Vegetarian fast food,,2.79,BBC Two,,,,,Jane Yates and Katie McDermott,1,75000,15,500000,0,,,,,,,,,,,,,,,,,,,,,,,,,,,,1,1,,,1,,
14,11,BespokeVerse,976,24-Jul-16,26-Feb-17,15-Jan-17,Lifestyle/Home,Rhyme-themed gifts,,2.89,BBC Two,,,,,Joanna Miller,0,50000,20,250000,0,,,,,,,,,,,,,,,,,,,,,,,,,,,,1,1,,,1,,
14,11,IlluminatedApparel,977,24-Jul-16,26-Feb-17,15-Jan-17,Fashion/Beauty,Interactive glow t-shirts,,2.89,BBC Two,,,,,Rob Manley,0,50000,20,250000,1,1,0,,,,,,,,,,,,,,,,,,,,,,,,,,1,1,,,1,,
14,11,LoveMeBeauty,978,24-Jul-16,26-Feb-17,15-Jan-17,Fashion/Beauty,Beauty products subscription service,,2.89,BBC Two,,,,,Oliver Gauci,0,80000,8,1000000,1,1,1,80000,8,1000000,2,40000,4,,,,,,,,,,,,,,,,,80000,8,"NickJenkins,SarahWillingham",1,1,,,1,,2
14,11,TheSci-Tie,979,24-Jul-16,26-Feb-17,15-Jan-17,Fashion/Beauty,Biodegradable cable ties,,2.89,BBC Two,,,,,Simon Moore,0,80000,20,400000,0,,,,,,,,,,,,,,,,,,,,,,,,,,,,1,1,,,1,,
14,11,Waxu,980,24-Jul-16,26-Feb-17,15-Jan-17,Fashion/Beauty,Intimate waxing,,2.89,BBC Two,,,,,Gemma Cafferkey,0,50000,10,500000,0,,,,,,,,,,,,,,,,,,,,,,,,,,,,1,1,,,1,,
14,12,AGirlforAllTime,981,24-Jul-16,26-Feb-17,29-Jan-17,Children/Education,Toy dolls with books,,2.68,BBC Two,,,,,Frances Cain,0,70000,10,700000,0,,,,,,,,,,,,,,,,,,,,,,,,,,,,1,1,,,1,,
14,12,Aenea,982,24-Jul-16,26-Feb-17,29-Jan-17,Fashion/Beauty,Beauty salon franchise,,2.68,BBC Two,,,,,Damien Zannetou,0,100000,10,1000000,0,,,,,,,,,,,,,,,,,,,,,,,,,,,,1,1,,,1,,
14,12,CYCLWingLights,983,24-Jul-16,26-Feb-17,29-Jan-17,Fitness/Sports/Outdoors,Detachable bicycle indicators,,2.68,BBC Two,,,,,Agostino Stilli and Luca Amaduzzi,1,45000,12.5,360000,1,1,1,45000,12.5,360000,1,45000,12.5,,,,,,,,,,,,,,,,,45000,12.5,NickJenkins,1,1,,,1,,1
14,12,JustBeeDrinks,984,24-Jul-16,26-Feb-17,29-Jan-17,Food and Beverage,"Honey-infused, fruit-flavoured water",,2.68,BBC Two,,,,,Joe Harper and Andy Sugden,1,65000,10,650000,1,0,,,,,,,,,,,,,,,,,,,,,,,,,,,1,1,,,1,,
14,13,Braci,985,24-Jul-16,26-Feb-17,5-Feb-17,Media/Entertainment,Exclusive rights to sell sound recognition products in the UK,,2.63,BBC Two,,,,,Juma El-Awaisi and Anwar Almojarkesh,1,50000,20,250000,0,,,,,,,,,,,,,,,,,,,,,,,,,,,,1,1,,,1,,
14,13,Lingotot,986,24-Jul-16,26-Feb-17,5-Feb-17,Children/Education,Language classes for children,,2.63,BBC Two,,,,,Angela Sterling,0,50000,10,500000,0,,,,,,,,,,,,,,,,,,,,,,,,,,,,1,1,,,1,,
14,13,Patlock,987,24-Jul-16,26-Feb-17,5-Feb-17,Lifestyle/Home,Home security device for conservatory doors,,2.63,BBC Two,,,,,Craig Knott,0,90000,10,900000,0,,,,,,,,,,,,,,,,,,,,,,,,,,,,1,1,,,1,,
14,13,Watmuff&Beckett,988,24-Jul-16,26-Feb-17,5-Feb-17,Food and Beverage,Fresh soup and risotto business,,2.63,BBC Two,,,,,Andrew Watmuff,0,75000,20,375000,1,1,1,75000,20,375000,1,75000,20,,,,yes,,,,,,,,,,,,,75000,20,NickJenkins,1,1,,,1,,1
14,14,CombandBlade,989,24-Jul-16,26-Feb-17,12-Feb-17,Software/Tech,Online men's grooming retailer,,2.72,BBC Two,,,,,Kevin Moore,0,45000,15,300000,0,,,,,,,,,,,,,,,,,,,,,,,,,,,,1,1,,,1,,
14,14,NutrifizLtd,990,24-Jul-16,26-Feb-17,12-Feb-17,Health/Wellness,Effervescent health tablets,,2.72,BBC Two,,,,,David Hastie,0,75000,10,750000,0,,,,,,,,,,,,,,,,,,,,,,,,,,,,1,1,,,1,,
14,14,SanitaryOwl,991,24-Jul-16,26-Feb-17,12-Feb-17,Green/CleanTech,Subscription service for recyclable menstruation products,,2.72,BBC Two,,,,,Alec Mills and Celia Pool,1,,,,0,,,,,,,,,,,,,,,,,,,,,,,,,,,,1,1,,,1,,
14,14,Shnuggle,992,24-Jul-16,26-Feb-17,12-Feb-17,Children/Education,Baby bath and bed products,,2.72,BBC Two,,,,,Sinead and Adam Murphy,1,75000,25,300000,1,1,0,,,,,,,,,,,,,,,,,,,,,,,,,,1,1,,,1,,
14,14,SnugsEarphones,993,24-Jul-16,26-Feb-17,12-Feb-17,Lifestyle/Home,Custom fit earphones,,2.72,BBC Two,,,,,Paul Jobin,0,80000,5,1600000,0,,,,,,,,,,,,,,,,,,,,,,,,,,,,1,1,,,1,,
14,15,Autoblaze,994,24-Jul-16,26-Feb-17,19-Feb-17,Lifestyle/Home,Wood-burning stove ignition system,,2.64,BBC Two,,,,,Matthew Statham,0,150000,15,1000000,0,,,,,,,,,,,,,,,,,,,,,,,,,,,,1,1,,,1,,
14,15,HowdahFoodsandSnacks,995,24-Jul-16,26-Feb-17,19-Feb-17,Food and Beverage,Indian foods and snacks,,2.64,BBC Two,,,,,Falu Shah,0,100000,17.5,571429,0,,,,,,,,,,,,,,,,,,,,,,,,,,,,1,1,,,1,,
14,15,M14Industries,996,24-Jul-16,26-Feb-17,19-Feb-17,Software/Tech,Dating app platform,,2.64,BBC Two,,,,,John Kershaw,0,80000,20,400000,1,1,0,,,,,,,,,,,,,,,,,,,,,,,,,,1,1,,,1,,
14,15,MicroFitness,997,24-Jul-16,26-Feb-17,19-Feb-17,Children/Education,Fitness for children,,2.64,BBC Two,,,,,Steven Reynolds,0,100000,15,666667,0,,,,,,,,,,,,,,,,,,,,,,,,,,,,1,1,,,1,,
14,15,RippedLuggageLtd,998,24-Jul-16,26-Feb-17,19-Feb-17,Lifestyle/Home,Six-pack inspired luggage range,,2.64,BBC Two,,,,,Adam Stevenson,0,60000,20,300000,0,,,,,,,,,,,,,,,,,,,,,,,,,,,,1,1,,,1,,
14,16,Gruhme,999,24-Jul-16,26-Feb-17,26-Feb-17,Fashion/Beauty,Men's grooming products,,2.79,BBC Two,,,,,Robert Hallmark,0,75000,15,500000,0,,,,,,,,,,,,,,,,,,,,,,,,,,,,1,1,,,1,,
14,16,RuggedInteractive,1000,24-Jul-16,26-Feb-17,26-Feb-17,Fitness/Sports/Outdoors,Motivational fitness technology,,2.79,BBC Two,,,,,Simon Heap,0,100000,30,333333,1,1,0,,,,,,,,,,,,,,,,,,,,,,,,,,1,1,,,1,,
14,16,Selwyn'sSeafood,1001,24-Jul-16,26-Feb-17,26-Feb-17,Food and Beverage,Seaweed snacks,,2.79,BBC Two,,,,,Ashley and Kate Jones,1,70000,20,350000,0,,,,,,,,,,,,,,,,,,,,,,,,,,,,1,1,,,1,,
14,16,SupperDeliveries,1002,24-Jul-16,26-Feb-17,26-Feb-17,Food and Beverage,On-demand high-end food delivery,,2.79,BBC Two,,,,,Peter Georgiou,0,100000,10,1000000,0,,,,,,,,,,,,,,,,,,,,,,,,,,,,1,1,,,1,,
15,1,Bikeaway,1003,20-Aug-17,18-Feb-18,20-Aug-17,Health/Wellness,Protection for bike lockers and stands,,2.82,BBC Two,,,,,Jason Hamlyn,0,600000,50,1200000,0,,,,,,,,,,,,,,,,,,,,,,,,,,,,1,1,,,1,,
15,1,CreativeNature,1004,20-Aug-17,18-Feb-18,20-Aug-17,Food and Beverage,"High-protein snack bars, superfoods, and organic baking mixes",,2.82,BBC Two,,,,,Julianne Ponan,0,75000,25,300000,1,1,0,,,,,,,,,,,,,,,,,,,,,,,,,,1,1,,,1,,
15,1,PlayFiveASideLtd,1005,20-Aug-17,18-Feb-18,20-Aug-17,Fitness/Sports/Outdoors,Sports pitch hire,,2.82,BBC Two,,,,,Nilesh Pandit,0,100000,12.5,800000,0,,,,,,,,,,,,,,,,,,,,,,,,,,,,1,1,,,1,,
15,1,Pouch,1006,20-Aug-17,18-Feb-18,20-Aug-17,Software/Tech,A free browser extension which looks to save web users time and money on voucher codes,,2.82,BBC Two,,,,,Ben Corrigan and Jonny Plein,1,75000,18,416667,1,1,0,,,,,,,,,,,,,,,,,,,,,,,,,,1,1,,,1,,
15,2,BookbarnInternationalLimited,1007,20-Aug-17,18-Feb-18,27-Aug-17,Lifestyle/Home,Somerset-based books,,2.29,BBC Two,,,,,Fenna Leake and William Pryor,1,100000,10,1000000,0,,,,,,,,,,,,,,,,,,,,,,,,,,,,1,1,,,1,,
15,2,HuxleyHound,1008,20-Aug-17,18-Feb-18,27-Aug-17,Pet Products,Organic vegetable treats for dogs,,2.29,BBC Two,,,,,Mike and Zena Dean,1,50000,15,333333,1,1,0,,,,,,,,,,,,,,,,,,,,,,,,,,1,1,,,1,,
15,2,NaturalNutrients,1009,20-Aug-17,18-Feb-18,27-Aug-17,Health/Wellness,Natural supplements,,2.29,BBC Two,,,,,Liam Sheriff and Craig Newbigin,1,100000,40,250000,1,1,0,,,,,,,,,,,,,,,,,,,,,,,,,,1,1,,,1,,
15,2,PlaneIndustries,1010,20-Aug-17,18-Feb-18,27-Aug-17,Lifestyle/Home,"Luxury furniture, stationery and luggage aircraft scraps",,2.29,BBC Two,,,,,Ben and Harry Tucker,1,80000,10,800000,0,,,,,,,,,,,,,,,,,,,,,,,,,,,,1,1,,,1,,
15,3,GoBubbleLtd,1011,20-Aug-17,18-Feb-18,3-Sep-17,Liquor/Alcohol,Champagne preserving bottle tops,,2.77,BBC Two,,,,,Michael Gormley,0,200000,5,4000000,0,,,,,,,,,,,,,,,,,,,,,,,,,,,,1,1,,,1,,
15,3,SpicedbyRayeesa,1012,20-Aug-17,18-Feb-18,3-Sep-17,Food and Beverage,Fresh frozen curry sauce,,2.77,BBC Two,,,,,Rayeesa Asghar-Sandys,0,75000,12,625000,0,,,,,,,,,,,,,,,,,,,,,,,,,,,,1,1,,,1,,
15,3,TemporaryForevers,1013,20-Aug-17,18-Feb-18,3-Sep-17,Lifestyle/Home,"Versatile leather bags designed to carry laptops, gadgets and photography equipment",,2.77,BBC Two,,,,,Alex Buzaianu,0,90000,35,257143,1,1,0,,,,,,,,,,,,,,,,,,,,,,,,,,1,1,,,1,,
15,3,TextAPotato,1014,20-Aug-17,18-Feb-18,3-Sep-17,Lifestyle/Home,Vegetable gift service,,2.77,BBC Two,,,,,Jonathan Brook and Hayley Hollonds,1,40000,30,133333,0,,,,,,,,,,,,,,,,,,,,,,,,,,,,1,1,,,1,,
15,3,TheWoolCoutureCompany,1015,20-Aug-17,18-Feb-18,3-Sep-17,Business Services,"Online retailer for Big wool yarns and finished goods, knitting kits and tools",,2.77,BBC Two,,,,,Claire Gelder,0,50000,30,166667,1,1,1,50000,30,166667,2,25000,15,,,,,,,,,,,,,25000,15,,,25000,15,TejLalvani,1,1,,,1,,1
15,4,Dock&Bay,1016,20-Aug-17,18-Feb-18,10-Sep-17,Lifestyle/Home,Beach and travel brand specialising in micro-fibre towel products,,2.46,BBC Two,,,,,Andy Jefferies and Ben Muller,1,75000,10,750000,1,1,1,75000,10,750000,1,75000,10,,,,,,,75000,10,,,,,,,,,,,,1,1,,,1,,
15,4,LovebombCushionsLtd,1017,20-Aug-17,18-Feb-18,10-Sep-17,Lifestyle/Home,Novelty plush goods based on emojis,,2.46,BBC Two,,,,,Sarah Agar-Brennan,0,80000,30,266667,1,1,1,80000,30,266667,1,80000,30,,,,,,,,,,,,,,,,,80000,30,"TejLalvani,JennyCampbell",1,1,,,1,,2
15,5,BKD,1018,20-Aug-17,18-Feb-18,24-Sep-17,Children/Education,A children's baking brand that combines baking with a craft activity,,2.44,BBC Two,,,,,Adelle Smith,0,80000,35,228571,1,1,1,80000,35,228571,1,80000,35,,,,,80000,35,,,,,,,,,,,,,,1,1,,,1,,
15,5,DaughterOfTheSoilSkincare,1019,20-Aug-17,18-Feb-18,24-Sep-17,Fashion/Beauty,Shea-based and sesame-based skincare products,,2.44,BBC Two,,,,,Maria Magembe and Hellen Lawuo-Meena,1,60000,10,600000,0,,,,,,,,,,,,,,,,,,,,,,,,,,,,1,1,,,1,,
15,5,KwizzBit,1020,20-Aug-17,18-Feb-18,24-Sep-17,Fitness/Sports/Outdoors,Cloud-based quiz trivia game,,2.44,BBC Two,,,,,Mark Walsh,0,80000,10,800000,0,,,,,,,,,,,,,,,,,,,,,,,,,,,,1,1,,,1,,
15,5,SentIntoSpace,1021,20-Aug-17,18-Feb-18,24-Sep-17,Uncertain/Other,Send things into near space - e.g. ashes for funeral service,,2.44,BBC Two,,,,,Chris Rose and Alex Baker,1,130000,35,371429,1,0,,,,,,,,,,,,,,,,,,,,,,,,,,,1,1,,,1,,
15,6,Corner,1022,20-Aug-17,18-Feb-18,1-Oct-17,Software/Tech,App based boxing performance tracker,,2.64,BBC Two,,,,,Charles Burr and Jerry Krylov,1,50000,5,1000000,0,,,,,,,,,,,,,,,,,,,,,,,,,,,,1,1,,,1,,
15,6,Dappad,1023,20-Aug-17,18-Feb-18,1-Oct-17,Software/Tech,Online personal styling service for men,,2.64,BBC Two,,,,,Erika Nilsson-Humphrey,0,75000,7.5,1000000,0,,,,,,,,,,,,,,,,,,,,,,,,,,,,1,1,,,1,,
15,6,Nana'sManners,1024,20-Aug-17,18-Feb-18,1-Oct-17,Children/Education,Children's cutlery,,2.64,BBC Two,,,,,Catherine and Chris Baldrey-Chourio,1,50000,20,250000,1,1,1,50000,20,250000,1,50000,20,,,,,,,,,,,,,50000,20,,,,,,1,1,,,1,,
15,6,TheOomph,1025,20-Aug-17,18-Feb-18,1-Oct-17,Food and Beverage,In-cup coffee brewer,,2.64,BBC Two,,,,,Matthew Deasy,0,40000,15,266667,1,1,0,,,,,,,,,,,,,,,,,,,,,,,,,,1,1,,,1,,
15,7,BeeLine,1026,20-Aug-17,18-Feb-18,8-Oct-17,Software/Tech,App based navigation devices for cyclists,,2.39,BBC Two,,,,,Tom Putnam and Mark Jenner,1,100000,2.5,4000000,0,,,,,,,,,,,,,,,,,,,,,,,,,,,,1,1,,,1,,
15,7,CorkYogis,1027,20-Aug-17,18-Feb-18,8-Oct-17,Fitness/Sports/Outdoors,Luxury cork yoga mats,,2.39,BBC Two,,,,,Lara Sengupta,0,50000,15,333333,0,,,,,,,,,,,,,,,,,,,,,,,,,,,,1,1,,,1,,
15,7,GlobalDisplay,1028,20-Aug-17,18-Feb-18,8-Oct-17,Green/CleanTech,Eco-friendly mannequin displays,,2.39,BBC Two,,,,,Alan Pegram,0,90000,10,900000,0,,,,,,,,,,,,,,,,,,,,,,,,,,,,1,1,,,1,,
15,7,TellTails,1029,20-Aug-17,18-Feb-18,8-Oct-17,Fashion/Beauty,Costume tails,,2.39,BBC Two,,,,,Hannah Gourlay,0,70000,25,280000,1,1,1,70000,25,280000,1,70000,25,,,,,,,70000,25,,,,,,,,,,,,1,1,,,1,,
15,8,B-Tempted,1030,20-Aug-17,18-Feb-18,15-Oct-17,Food and Beverage,Gluten-free cakes,,2.39,BBC Two,,,,,Sarah Hilleary,0,75000,40,187500,1,1,1,75000,40,187500,1,75000,40,,,,yes,,,,,,,,,,,,,75000,40,TejLalvani,1,1,,,1,,1
15,8,ShakeSphere,1031,20-Aug-17,18-Feb-18,15-Oct-17,Fitness/Sports/Outdoors,Range of shaker bottles designed for protein and fitness shakes,,2.39,BBC Two,,,,,Rick Beardsell,0,75000,30,250000,1,1,1,75000,30,250000,2,37500,15,,,,yes,,,37500,15,,,,,,,,,37500,15,TejLalvani,1,1,,,1,,1
15,8,TEC-Angel,1032,20-Aug-17,18-Feb-18,15-Oct-17,Children/Education,Wireless monitoring and alert system,,2.39,BBC Two,,,,,Nigel Mills,0,90000,12,750000,0,,,,,,,,,,,,,,,,,,,,,,,,,,,,1,1,,,1,,
15,8,Waterblade,1033,20-Aug-17,18-Feb-18,15-Oct-17,Lifestyle/Home,Water-saving attachment for taps,,2.39,BBC Two,,,,,Nigel Bamford,0,85000,10,850000,0,,,,,,,,,,,,,,,,,,,,,,,,,,,,1,1,,,1,,
15,9,MagicSantaLetters,1034,20-Aug-17,18-Feb-18,26-Dec-17,Software/Tech,Online personalised Christmas messages,,2.12,BBC Two,,,,,Emma Blower and Nick Stacey,1,75000,,,0,,,,,,,,,,,,,,,,,,,,,,,,,,,,1,1,,,1,,
15,9,MoBros,1035,20-Aug-17,18-Feb-18,26-Dec-17,Fashion/Beauty,A men's grooming retailer specialising in products for beards and moustaches.,,2.12,BBC Two,,,,,"Keval Dattani, Kunal Dattani and Savan Dattani",1,150000,20,750000,1,1,1,150000,20,750000,2,75000,10,,,,,75000,10,,,,,,,,,,,75000,10,TejLalvani,1,1,,,1,,1
15,9,Simplyseedz,1036,20-Aug-17,18-Feb-18,26-Dec-17,Food and Beverage,Natural breakfast and snacking products,,2.12,BBC Two,,,,,Catherine Zielinski and Paul Lawson,1,40000,20,200000,0,,,,,,,,,,,,,,,,,,,,,,,,,,,,1,1,,,1,,
15,9,Thortful,1037,20-Aug-17,18-Feb-18,26-Dec-17,Software/Tech,An online marketplace for greeting cards.,,2.12,BBC Two,,,,,Andrew Pearce,0,80000,16,500000,1,1,0,,,,,,,,,,,,,,,,,,,,,,,,,,1,1,,,1,,
15,9,Trix,1038,20-Aug-17,18-Feb-18,26-Dec-17,Fitness/Sports/Outdoors,Word guessing board game,,2.12,BBC Two,,,,,Jack Hanauer,0,50000,20,250000,0,,,,,,,,,,,,,,,,,,,,,,,,,,,,1,1,,,1,,
15,9,YHIM,1039,20-Aug-17,18-Feb-18,26-Dec-17,Fashion/Beauty,Menswear pocket squares and socks,,2.12,BBC Two,,,,,Sophia Wu,0,,,,0,,,,,,,,,,,,,,,,,,,,,,,,,,,,1,1,,,1,,
15,10,EcoSpot,1040,20-Aug-17,18-Feb-18,14-Jan-18,Business Services,An adjustable mortarboard for bricklayers,,2.16,BBC Two,,,,,John Boff,0,25000,35,71429,1,1,0,,,,,,,,,,,,,,,,,,,,,,,,,,1,1,,,1,,
15,10,GivingTreeVentures,1041,20-Aug-17,18-Feb-18,14-Jan-18,Food and Beverage,Freeze-dried fruit and vacuum-fried vegetable crisps,,2.16,BBC Two,,,,,Jonathan Newman,0,75000,35,214286,1,0,,,,,,,,,,,,,,,,,,,,,,,,,,,1,1,,,1,,
15,10,StaelsDesign,1042,20-Aug-17,18-Feb-18,14-Jan-18,Health/Wellness,A cooling backrest cushion for wheelchair users,,2.16,BBC Two,,,,,Corien Staels,0,75000,30,250000,1,1,0,,,,,,,,,,,,,,,,,,,,,,,,,,1,1,,,1,,
15,10,Techsixtyfour,1043,20-Aug-17,18-Feb-18,14-Jan-18,Children/Education,GPS watch and wristband for children,,2.16,BBC Two,,,,,Colleen Wong,0,100000,5,2000000,0,,,,,,,,,,,,,,,,,,,,,,,,,,,,1,1,,,1,,
15,11,DateSmoothie,1044,20-Aug-17,18-Feb-18,28-Jan-18,Food and Beverage,Smoothie with a side of nuts and seeds,,2.41,BBC Two,,,,,Dr Asif Munaf,0,50000,10,500000,0,,,,,,,,,,,,,,,,,,,,,,,,,,,,1,1,,,1,,
15,11,GlazesafeLimited,1045,20-Aug-17,18-Feb-18,28-Jan-18,Business Services,Two products which help construction workers safely carry out window repairs and other projects at height,,2.41,BBC Two,,,,,Daniel Cheddie,0,60000,30,200000,1,1,1,60000,30,200000,2,30000,15,,,,,,,,,,,,,30000,15,,,30000,15,JennyCampbell,1,1,,,1,,1
15,11,ParkourGenerations,1046,20-Aug-17,18-Feb-18,28-Jan-18,Health/Wellness,Exercise training classes,,2.41,BBC Two,,,,,Daniel Edwards,0,150000,5,3000000,0,,,,,,,,,,,,,,,,,,,,,,,,,,,,1,1,,,1,,
15,11,Poppy'sPicnic,1047,20-Aug-17,18-Feb-18,28-Jan-18,Pet Products,"Raw, natural dog food brand",,2.41,BBC Two,,,,,Dylan Watkins and Louise Mackintosh,1,60000,15,400000,1,1,0,,,,,,,,,,,,,,,,,,,,,,,,,,1,1,,,1,,
15,11,SprayawayUK,1048,20-Aug-17,18-Feb-18,28-Jan-18,Fashion/Beauty,Tanning colour accessories,,2.41,BBC Two,,,,,Gemma Judd,0,50000,,,0,,,,,,,,,,,,,,,,,,,,,,,,,,,,1,1,,,1,,
15,12,CarunUK,1049,20-Aug-17,18-Feb-18,4-Feb-18,Food and Beverage,"A specialist organic hemp producer that creates a wide range of Hemp skincare, wellbeing and food supplements",,2.38,BBC Two,,,,,Michal Takac and Tim Inskip,1,50000,25,200000,1,1,1,50000,25,200000,1,50000,25,,,,,,,,,,,,,,,,,50000,25,JennyCampbell,1,1,,,1,,1
15,12,Halto,1050,20-Aug-17,18-Feb-18,4-Feb-18,Health/Wellness,Device aiding halterneck tops,,2.38,BBC Two,,,,,Lucy Cox and Lerin Clare,1,50000,15,333333,0,,,,,,,,,,,,,,,,,,,,,,,,,,,,1,1,,,1,,
15,12,OneThirdStories,1051,20-Aug-17,18-Feb-18,4-Feb-18,Children/Education,Story books which teach languages to children.,,2.38,BBC Two,,,,,Alex Somervell and Johnny Pryn,1,60000,20,300000,1,0,,,,,,,,,,,,,,,,,,,,,,,,,,,1,1,,,1,,
15,12,TPlus,1052,20-Aug-17,18-Feb-18,4-Feb-18,Food and Beverage,"Nutrient rich teas herbal, fruit and green teas with daily essential vitamins",,2.38,BBC Two,,,,,James Dawson,0,75000,50,150000,1,1,1,75000,50,150000,1,75000,50,,,,,,,,,,,,,,,,,75000,50,TejLalvani,1,1,,,1,,1
15,13,ChainMonkey,1053,20-Aug-17,18-Feb-18,11-Feb-18,Automotive,Motorcycle chain tensioning tool,,2.83,BBC Two,,,,,Chris Frappell,0,75000,25,300000,1,1,1,75000,25,300000,1,75000,25,,,,,,,,,,,,,75000,25,,,,,,1,1,,,1,,
15,13,DrivenMedia,1054,20-Aug-17,18-Feb-18,11-Feb-18,Business Services,Advertising business enabling businesses to advertise on trucks and lorries,,2.83,BBC Two,,,,,Edward Hollands,0,30000,20,150000,1,1,1,30000,20,150000,1,30000,20,,,,,,,,,,,,,,,,,30000,20,JennyCampbell,1,1,,,1,,1
15,13,LoveRaw,1055,20-Aug-17,18-Feb-18,11-Feb-18,Food and Beverage,"Dairy, gluten, and refined-sugar-free snacks",,2.83,BBC Two,,,,,Rimi Dabhia,0,50000,5,1000000,1,0,,,,,,,,,,,,,,,,,,,,,,,,,,,1,1,,,1,,
15,13,MagicLinkHandwriting,1056,20-Aug-17,18-Feb-18,11-Feb-18,Lifestyle/Home,Hand-writing aid workbooks,,2.83,BBC Two,,,,,Lee Dein,0,60000,10,600000,0,,,,,,,,,,,,,,,,,,,,,,,,,,,,1,1,,,1,,
15,14,GravityLife,1057,20-Aug-17,18-Feb-18,18-Feb-18,Health/Wellness,Orthopedic posture keystone,,2.8,BBC Two,,,,,Mike Fisher and Shane Monaghan,1,25000,10,250000,0,,,,,,,,,,,,,,,,,,,,,,,,,,,,1,1,,,1,,
15,14,HouseOfElrick,1058,20-Aug-17,18-Feb-18,18-Feb-18,Liquor/Alcohol,Scottish heritage gin,,2.8,BBC Two,,,,,Stuart Ingram,0,80000,10,800000,1,1,0,,,,,,,,,,,,,,,,,,,,,,,,,,1,1,,,1,,
15,14,Playbrush,1059,20-Aug-17,18-Feb-18,18-Feb-18,Software/Tech,Mobile app game teaching children on how to brush their teeth,,2.8,BBC Two,,,,,"Paul Varga, Tolulope Ogunsina, and Matthäus Ittner",1,100000,5,2000000,1,0,,,,,,,,,,,,,,,,,,,,,,,,,,,1,1,,,1,,
15,14,TickleTots,1060,20-Aug-17,18-Feb-18,18-Feb-18,Children/Education,Re-usable cloth nappies and accessories,,2.8,BBC Two,,,,,Sophia Ferguson,0,50000,50,100000,1,1,0,,,,,,,,,,,,,,,,,,,,,,,,,,1,1,,,1,,
16,1,Brizi,1061,12-Aug-18,3-Feb-19,12-Aug-18,Children/Education,Device for prams and strollers to protect babies and young children from air pollution.,,2.92,BBC Two,,,,,Yosi Romano and Ziv Leinwand,1,125000,25,500000,1,1,1,125000,25,500000,1,125000,25,,,,,,,,,,,,,125000,25,,,,,,1,1,,,1,,
16,1,PlayMeTheSong,1062,12-Aug-18,3-Feb-19,12-Aug-18,Software/Tech,Musician hiring website,,2.92,BBC Two,,,,,Matt Lee,0,300000,30,1000000,0,,,,,,,,,,,,,,,,,,,,,,,,,,,,1,1,,,1,,
16,1,TukTukChai,1063,12-Aug-18,3-Feb-19,12-Aug-18,Food and Beverage,Tea shop business and franchise,,2.92,BBC Two,,,,,Alex and Rupesh Thomas,1,100000,33.3,300300,1,1,0,,,,,,,,,,,,,,,,,,,,,,,,,,1,1,,,1,,
16,1,VIVIT,1064,12-Aug-18,3-Feb-19,12-Aug-18,Children/Education,Live anatomy and physiology exhibitions with synthetic bodies and animal specimens,,2.92,BBC Two,,,,,Sam Piri,0,90000,20,450000,1,1,1,90000,20,450000,2,45000,10,,,,yes,45000,10,45000,10,,,,,,,,,,,,1,1,,,1,,
16,2,BounBeans,1065,12-Aug-18,3-Feb-19,19-Aug-18,Food and Beverage,Hand roasted coffee beans,,3.16,BBC Two,,,,,Robel Iyassu,0,75000,7.5,1000000,0,,,,,,,,,,,,,,,,,,,,,,,,,,,,1,1,,,1,,
16,2,FunkySealWetsuits,1066,12-Aug-18,3-Feb-19,19-Aug-18,Fashion/Beauty,Coloured and patterned wetsuits,,3.16,BBC Two,,,,,Simon and Toby Woods,1,50000,25,200000,0,,,,,,,,,,,,,,,,,,,,,,,,,,,,1,1,,,1,,
16,2,LookAfterMyBills,1067,12-Aug-18,3-Feb-19,19-Aug-18,Software/Tech,Energy services comparison website offering details for energy services.,,3.16,BBC Two,,,,,Will Hodson and Henry De Zoete,1,90000,3,3000000,1,1,1,120000,3,4000000,2,60000,1.5,,,,,,,,,,,,,,,,,120000,3,"JennyCampbell,TejLalvani",1,1,,,1,,2
16,2,TanOrganic,1068,12-Aug-18,3-Feb-19,19-Aug-18,Fashion/Beauty,Eco-certified self tanning lotion,,3.16,BBC Two,,,,,Noelle O'Connor and Aaron Lubrani,1,150000,20,750000,1,0,,,,,,,,,,,,,,,,,,,,,,,,,,,1,1,,,1,,
16,3,Beezer,1069,12-Aug-18,3-Feb-19,26-Aug-18,Software/Tech,App generator platform.,,3.32,BBC Two,,,,,Brian Smillie and Euan McCreath,1,125000,15,833333,1,1,0,,,,,,,,,,,,,,,,,,,,,,,,,,1,1,,,1,,
16,3,Optiat,1070,12-Aug-18,3-Feb-19,26-Aug-18,Fashion/Beauty,Sustainable skincare products.,,3.32,BBC Two,,,,,Anna and William Brightman,1,50000,30,166667,1,1,0,,,,,,,,,,,,,,,,,,,,,,,,,,1,1,,,1,,
16,3,PastaEvangelists,1071,12-Aug-18,3-Feb-19,26-Aug-18,Food and Beverage,Fresh pasta delivery service,,3.32,BBC Two,,,,,Alex Savelli and Finn Lagun,1,75000,2.5,3000000,0,,,,,,,,,,,,,,,,,,,,,,,,,,,,1,1,,,1,,
16,3,UrbanBait,1072,12-Aug-18,3-Feb-19,26-Aug-18,Food and Beverage,Carp fishing baits,,3.32,BBC Two,,,,,Terry Dempsey,0,150000,15,1000000,0,,,,,,,,,,,,,,,,,,,,,,,,,,,,1,1,,,1,,
16,4,FeralHorses,1073,12-Aug-18,3-Feb-19,2-Sep-18,Software/Tech,Online platform for buying and trading shares in art,,3.04,BBC Two,,,,,"Francesco Boni, Lise Arlot and Christian Bellanca",1,50000,2,2500000,0,,,,,,,,,,,,,,,,,,,,,,,,,,,,1,1,,,1,,
16,4,InfuseMy.Colour,1074,12-Aug-18,3-Feb-19,2-Sep-18,Fashion/Beauty,Natural vegetable dye colour wash shampoo,,3.04,BBC Two,,,,,Rob Forgione and Denis Kovalyov,1,80000,25,320000,1,1,1,80000,25,320000,1,80000,25,,,,,,,,,,,,,,,,,80000,25,TejLalvani,1,1,,,1,,1
16,4,KameleonRose,1075,12-Aug-18,3-Feb-19,2-Sep-18,Fashion/Beauty,Travel clothing offering 20 outfits in one travel dress,,3.04,BBC Two,,,,,Leila Rose Faddoul,0,50000,40,125000,1,1,0,,,,,,,,,,,,,,,,,,,,,,,,,,1,1,,,1,,
16,4,MaraSeaweed,1076,12-Aug-18,3-Feb-19,2-Aug-15,Food and Beverage,Seaweed condiments,,3.04,BBC Two,,,,,Fiona Houston and Rory McFee,1,100000,50,200000,1,0,,,,,,,,,,,,,,,,,,,,,,,,,,,1,1,,,1,,
16,4,Strawworks,1077,12-Aug-18,3-Feb-19,2-Sep-18,Business Services,Buildings designed with natural materials,,3.08,BBC Two,,,,,Barbara Jones and Eileen Sutherland,1,50000,10,500000,0,,,,,,,,,,,,,,,,,,,,,,,,,,,,1,1,,,1,,
16,5,DR21:DraftReducingAirVenilations,1078,12-Aug-18,3-Feb-19,9-Sep-18,Green/CleanTech,Draft reducing air ventilation for woodburners and gas appliances,,3.08,BBC Two,,,,,David and Max Gattie,1,40000,20,200000,0,,,,,,,,,,,,,,,,,,,,,,,,,,,,1,1,,,1,,
16,5,DroneandSafeRegister,1079,12-Aug-18,3-Feb-19,9-Sep-18,Software/Tech,Drone camera hire,,3.08,BBC Two,,,,,Mark Boyt,0,60000,40,150000,1,1,1,60000,40,150000,1,60000,40,,,,,60000,40,,,,,,,,,,,,,,1,1,,,1,,
16,5,Pleesecakes,1080,12-Aug-18,3-Feb-19,9-Sep-18,Food and Beverage,Cheesecakes,,3.08,BBC Two,,,,,Joe Moruzzi,0,50000,35,142857,1,0,,,,,,,,,,,,,,,,,,,,,,,,,,,1,1,,,1,,
16,5,YounginSpirit,1081,12-Aug-18,3-Feb-19,9-Sep-18,Liquor/Alcohol,Alcoholic drink specialising in Gin,,3.08,BBC Two,,,,,Liz Beswick and Camilla Brown,1,50000,30,166667,1,1,1,50000,30,166667,2,25000,15,,,,,,,,,,,,,25000,15,,,25000,15,TejLalvani,1,1,,,1,,1
16,6,CoconutsNaturally,1082,12-Aug-18,3-Feb-19,16-Sep-18,Food and Beverage,Organic Dairy Free Ice Cream,,3.1,BBC Two,,,,,Cecily Mills,0,75000,30,250000,1,1,0,,,,,,,,,,,,,,,,,,,,,,,,,,1,1,,,1,,
16,6,JoinThePipeUK,1083,12-Aug-18,3-Feb-19,16-Sep-18,Uncertain/Other,Tap water fountains,,3.1,BBC Two,,,,,Andrew Eversden,0,100000,5,2000000,0,,,,,,,,,,,,,,,,,,,,,,,,,,,,1,1,,,1,,
16,6,Landscapes4Learning,1084,12-Aug-18,3-Feb-19,16-Sep-18,Fitness/Sports/Outdoors,Outdoor learning equipment,,3.1,BBC Two,,,,,Craig Hill,0,50000,30,166667,1,1,1,50000,30,166667,1,50000,30,,,,,50000,30,,,,,,,,,,,,,,1,1,,,1,,
16,6,Pedaldish,1085,12-Aug-18,3-Feb-19,16-Sep-18,Pet Products,Pedal-activated bowl to freshen cat food,,3.1,BBC Two,,,,,Peter Hill,0,30000,33,90909,1,1,0,,,,,,,,,,,,,,,,,,,,,,,,,,1,1,,,1,,
16,7,BrighterBikes,1086,12-Aug-18,3-Feb-19,4-Nov-18,Children/Education,Indicator lights for bicycles,,2.12,BBC Two,,,,,Steven Ransom,0,90000,25,360000,1,1,0,,,,,,,,,,,,,,,,,,,,,,,,,,1,1,,,1,,
16,7,JollofBox,1087,12-Aug-18,3-Feb-19,4-Nov-18,Food and Beverage,Gourmet West African cuisines,,2.12,BBC Two,,,,,Matthew and Sade Howell,1,75000,15,500000,0,,,,,,,,,,,,,,,,,,,,,,,,,,,,1,1,,,1,,
16,7,MarkMate,1088,12-Aug-18,3-Feb-19,4-Nov-18,Software/Tech,App platform to aid teachers mark and assess students' work,,2.12,BBC Two,,,,,James Holmes,0,20000,35,57143,1,1,0,,,,,,,,,,,,,,,,,,,,,,,,,,1,1,,,1,,
16,7,Noveltea,1089,12-Aug-18,3-Feb-19,4-Nov-18,Liquor/Alcohol,Alcohol flavoured tea,,2.12,BBC Two,,,,,Lukas Passia and Vincent Efferoth,1,80000,30,266667,1,0,,,,,,,,,,,,,,,,,,,,,,,,,,,1,1,,,1,,
16,8,BrandYourself,1090,12-Aug-18,3-Feb-19,11-Nov-18,Software/Tech,Online reputation management company,,2.57,BBC Two,,,,,Patrick Ambron and Nathan Evans,1,100000,2.5,4000000,1,1,0,,,,,,,,,,,,,,,,,,,,,,,,,,1,1,,,1,,
16,8,Easiweft,1091,12-Aug-18,3-Feb-19,11-Nov-18,Fashion/Beauty,Hair-extension holders,,2.57,BBC Two,,,,,Nicola Wood,0,80000,25,320000,0,,,,,,,,,,,,,,,,,,,,,,,,,,,,1,1,,,1,,
16,8,StaySixty,1092,12-Aug-18,3-Feb-19,11-Nov-18,Food and Beverage,Reusable bottle for hot and cold drinks,,2.57,BBC Two,,,,,Kirpal and Raj Bharaj,1,70000,33.3,210210,1,0,,,,,,,,,,,,,,,,,,,,,,,,,,,1,1,,,1,,
16,8,TheHeartofNature,1093,12-Aug-18,3-Feb-19,11-Nov-18,Food and Beverage,"Wheat and gluten-free whole grains, seeds and fruits, suitable for vegans.",,2.57,BBC Two,,,,,Robert Sak,0,40000,20,200000,1,1,0,,,,,,,,,,,,,,,,,,,,,,,,,,1,1,,,1,,
16,9,OMGTea,1094,12-Aug-18,3-Feb-19,25-Nov-18,Health/Wellness,Powdered green tea supplements and drinks,,2.34,BBC Two,,,,,Katherine Swift,0,50000,7,714286,0,,,,,,,,,,,,,,,,,,,,,,,,,,,,1,1,,,1,,
16,9,PlatinumPieLTD,1095,12-Aug-18,3-Feb-19,25-Nov-18,Business Services,Bathroom construction service,,2.34,BBC Two,,,,,Laurence Beeke,0,50000,33,151515,1,1,0,,,,,,,,,,,,,,,,,,,,,,,,,,1,1,,,1,,
16,9,RCGHairLtd,1096,12-Aug-18,3-Feb-19,25-Nov-18,Fashion/Beauty,Hair curling brushes and blow-dryers,,2.34,BBC Two,,,,,Robert Young and Kim Nimsgern,1,60000,20,300000,0,,,,,,,,,,,,,,,,,,,,,,,,,,,,1,1,,,1,,
16,9,TheDrinksBakery,1097,12-Aug-18,3-Feb-19,25-Nov-18,Liquor/Alcohol,Snacks box containing selections of alcoholic drinks and biscuits.,,2.34,BBC Two,,,,,Andy Murray,0,50000,25,200000,1,1,1,50000,25,200000,2,25000,12.5,,,,,25000,12.5,25000,12.5,,,,,,,,,,,,1,1,,,1,,
16,10,BesosFoodandDrinks,1098,12-Aug-18,3-Feb-19,2-Dec-18,Food and Beverage,"Non-dairy liquors, chocolates and milka",,2.17,BBC Two,,,,,Peter Smith,0,100000,15,666667,0,,,,,,,,,,,,,,,,,,,,,,,,,,,,1,1,,,1,,
16,10,EliteCompetitions,1099,12-Aug-18,3-Feb-19,2-Dec-18,Business Services,Gambling competition service offering user chosen prizes as rewards.,,2.17,BBC Two,,,,,James Heaton and Alex Beckett,1,50000,25,200000,1,1,0,,,,,,,,,,,,,,,,,,,,,,,,,,1,1,,,1,,
16,10,KatieMullallyJewellery,1100,12-Aug-18,3-Feb-19,2-Dec-18,Fashion/Beauty,Hallmarked jewellery combining vintage pieces with modern bespoke design with links to Irish heritage.,,2.17,BBC Two,,,,,Katie Mullally,0,70000,40,175000,1,1,0,,,,,,,,,,,,,,,,,,,,,,,,,,1,1,,,1,,
16,10,TheSweetBeet,1101,12-Aug-18,3-Feb-19,2-Dec-18,Food and Beverage,Texas inspired food sauces,,2.17,BBC Two,,,,,Elizabeth Hodcroft,0,70000,20,350000,0,,,,,,,,,,,,,,,,,,,,,,,,,,,,1,1,,,1,,
16,11,EasyTreezyChristmasTreeStand,1102,12-Aug-18,3-Feb-19,23-Dec-18,Lifestyle/Home,Fitting apt for Christmas trees,,2.29,BBC Two,,,,,Ryan Wach,0,50000,5,1000000,0,,,,,,,,,,,,,,,,,,,,,,,,,,,,1,1,,,1,,
16,11,LovesCocoa,1103,12-Aug-18,3-Feb-19,23-Dec-18,Food and Beverage,Chocolate boxes founded by descendant of John Cadbury,,2.29,BBC Two,,,,,Jame Cadbury,0,75000,20,375000,1,1,0,,,,,,,,,,,,,,,,,,,,,,,,,,1,1,,,1,,
16,11,Randomise,1104,12-Aug-18,3-Feb-19,23-Dec-18,Fitness/Sports/Outdoors,Board games company,,2.29,BBC Two,,,,,Hazel Anne Hamilton Reynolds,0,50000,20,250000,1,0,,,,,,,,,,,,,,,,,,,,,,,,,,,1,1,,,1,,
16,11,SoccerStar,1105,12-Aug-18,3-Feb-19,23-Dec-18,Fitness/Sports/Outdoors,Personalised football comic books,,2.29,BBC Two,,,,,Steven Holmes,0,60000,25,240000,1,1,0,,,,,,,,,,,,,,,,,,,,,,,,,,1,1,,,1,,
16,12,GatoandGo,1106,12-Aug-18,3-Feb-19,6-Jan-19,Food and Beverage,Gluten and dairy-free brownie desserts,,2.43,BBC Two,,,,,Kim Lamzer and Charlotte Dauzat,1,50000,30,166667,1,0,,,,,,,,,,,,,,,,,,,,,,,,,,,1,1,,,1,,
16,12,OHMME,1107,12-Aug-18,3-Feb-19,6-Jan-19,Green/CleanTech,Men's yoga clothing made from recycled materials,,2.43,BBC Two,,,,,Louis d'Origny,0,80000,20,400000,1,1,0,,,,,,,,,,,,,,,,,,,,,,,,,,1,1,,,1,,
16,12,ParcelBoxesInstalled,1108,12-Aug-18,3-Feb-19,6-Jan-19,Business Services,Anti-theft parcel delivery boxes,,2.43,BBC Two,,,,,"Darren Markwick, Liam Stamp and Brian Wilcox",1,40000,15,266667,0,,,,,,,,,,,,,,,,,,,,,,,,,,,,1,1,,,1,,
16,12,WhiskeyFrames,1109,12-Aug-18,3-Feb-19,6-Jan-19,Green/CleanTech,Picture frames made from recycled whiskey barrels,,2.43,BBC Two,,,,,Christine and Ross Hunter,1,50000,15,333333,0,,,,,,,,,,,,,,,,,,,,,,,,,,,,1,1,,,1,,
16,13,DidsburyGin,1110,12-Aug-18,3-Feb-19,13-Jan-19,Liquor/Alcohol,Gin based alcoholic beverages,,2.86,BBC Two,,,,,Liam Manton and Mark Smallwood,1,75000,33.3,225225,1,1,1,75000,33.3,225225,1,75000,33.3,,,,,,,,,,,,,,,,,75000,33.3,JennyCampbell,1,1,,,1,,1
16,13,MiMam'sYorkshirepies,1111,12-Aug-18,3-Feb-19,13-Jan-19,Food and Beverage,Artisan pie creations,,2.86,BBC Two,,,,,Rocky Arkwright,0,75000,35,214286,0,,,,,,,,,,,,,,,,,,,,,,,,,,,,1,1,,,1,,
16,13,TheMagicCandyFactory,1112,12-Aug-18,3-Feb-19,13-Jan-19,Food and Beverage,3D printing to create custom candy items,,2.86,BBC Two,,,,,Melissa Snover,0,80000,2,4000000,0,,,,,,,,,,,,,,,,,,,,,,,,,,,,1,1,,,1,,
16,13,VandeSant,1113,12-Aug-18,3-Feb-19,13-Jan-19,Green/CleanTech,Sustainable furniture made from ocean bound plastics,,2.86,BBC Two,,,,,Robert Milder,0,70000,15,466667,1,1,0,,,,,,,,,,,,,,,,,,,,,,,,,,1,1,,,1,,
16,14,Buddies,1114,12-Aug-18,3-Feb-19,27-Jan-19,Children/Education,"Electric toothbrush for children, inserting toothpaste cartridges to ensure the correct amount.",,2.58,BBC Two,,,,,Sian Ellingworth,0,60000,44,136364,1,1,0,,,,,,,,,,,,,,,,,,,,,,,,,,1,1,,,1,,
16,14,Firemizer,1115,12-Aug-18,3-Feb-19,27-Jan-19,Green/CleanTech,Eco-friendly fire burning alternative,,2.58,BBC Two,,,,,Brian Irvine,0,80000,16,500000,0,,,,,,,,,,,,,,,,,,,,,,,,,,,,1,1,,,1,,
16,14,OateinLtd,1116,12-Aug-18,3-Feb-19,27-Jan-19,Health/Wellness,"Range of low sugar, high protein snacks",,2.58,BBC Two,,,,,Andy Dixon and John-Paul Gardner,1,50000,25,200000,1,1,1,50000,25,200000,1,50000,25,,,,yes,50000,25,,,,,,,,,,,,,,1,1,,,1,,
16,14,PedalMe,1117,12-Aug-18,3-Feb-19,27-Jan-19,Electronics,Electric cargo bikes taxi services,,2.58,BBC Two,,,,,"Ben Knowles, Robert Sergeant and Chris Dixon",1,100000,45,222222,1,0,,,,,,,,,,,,,,,,,,,,,,,,,,,1,1,,,1,,
16,15,Bloomtown,1118,12-Aug-18,3-Feb-19,3-Feb-19,Fashion/Beauty,Palm oil-free skincare,,2.68,BBC Two,,,,,Medwin Culmer and Preyanka Clark Prakash,1,70000,20,350000,0,,,,,,,,,,,,,,,,,,,,,,,,,,,,1,1,,,1,,
16,15,HypnobirthingMidwife,1119,12-Aug-18,3-Feb-19,3-Feb-19,Health/Wellness,Exercises to prepare for water births,,2.68,BBC Two,,,,,Anthonissa Mogger,0,26000,10,260000,0,,,,,,,,,,,,,,,,,,,,,,,,,,,,1,1,,,1,,
16,15,ParkingPerx,1120,12-Aug-18,3-Feb-19,3-Feb-19,Software/Tech,Loyalty app that offers discounted parking fees and cashless payment for parking,,2.68,BBC Two,,,,,Christopher Reed,0,80000,45,177778,1,1,1,80000,45,177778,1,80000,45,,,,,,,,,,,,,,,,,80000,45,JennyCampbell,1,1,,,1,,1
16,15,PhrootiWater,1121,12-Aug-18,3-Feb-19,3-Feb-19,Food and Beverage,Fruit flavoured water bottles,,2.68,BBC Two,,,,,Jerome Jacob,0,75000,15,500000,0,,,,,,,,,,,,,,,,,,,,,,,,,,,,1,1,,,1,,
16,15,SeaChips,1122,12-Aug-18,3-Feb-19,3-Feb-19,Food and Beverage,Salmon skin crisps,,2.68,BBC Two,,,,,Daniel Pawson,0,30000,35,85714,1,0,,,,,,,,,,,,,,,,,,,,,,,,,,,1,1,,,1,,
17,1,ClovenHoofRum,1123,11-Aug-19,12-Apr-20,11-Aug-19,Liquor/Alcohol,Imported rum from Guyana & Trinidad,,3.07,BBC Two,,,,,Paul Stanley,0,50000,5,1000000,0,,,,,,,,,,,,,,,,,,,,,,,,,,,,1,1,,,1,1,
17,1,FlushBrush,1124,11-Aug-19,12-Apr-20,11-Aug-19,Lifestyle/Home,Alternative Toilet Cleaner,,3.07,BBC Two,,,,,Tom Keen,0,50000,33,151515,1,1,0,,,,,,,,,,,,,,,,,,,,,,,,,,1,1,,,1,1,
17,1,IrishBlackButter,1125,11-Aug-19,12-Apr-20,11-Aug-19,Food and Beverage,"Food spread made from bramley apples, brandy, spices and ciders",,3.07,BBC Two,,,,,Alister Bell,0,,,,0,,,,,,,,,,,,,,,,,,,,,,,,,,,,1,1,,,1,1,
17,1,Scrumbles,1126,11-Aug-19,12-Apr-20,11-Aug-19,Pet Products,Gut friendly food for cats and dogs,,3.07,BBC Two,,,,,Aneisha Soobrooyen and Jack Walker,1,60000,20,300000,1,0,,,,,,,,,,,,,,,,,,,,,,,,,,,1,1,,,1,1,
17,1,Tancream,1127,11-Aug-19,12-Apr-20,11-Aug-19,Fashion/Beauty,Sun Block and Moisturiser,,3.07,BBC Two,,,,,Katy Foxcroft and Gillian Robson,1,75000,25,300000,1,1,1,75000,25,300000,2,37500,12.5,,,,,,,,,,,,,37500,12.5,37500,12.5,,,,1,1,,,1,1,
17,2,AlissaSports,1128,11-Aug-19,12-Apr-20,18-Aug-19,Fitness/Sports/Outdoors,Disposable sauna suits,,2.84,BBC Two,,,,,Asam Hussain,0,,,,0,,,,,,,,,,,,,,,,,,,,,,,,,,,,1,1,,,1,1,
17,2,ChurchillGowns,1129,11-Aug-19,12-Apr-20,18-Aug-19,Business Services,Graduation gown rentals,,2.84,BBC Two,,,,,Oliver Adkins and Ruth Nicholls,1,60000,22,272727,1,1,0,,,,,,,,,,,,,,,,,,,,,,,,,,1,1,,,1,1,
17,2,TheGreatBritishPorridgeCompany,1130,11-Aug-19,12-Apr-20,18-Aug-19,Food and Beverage,Porridge,,2.84,BBC Two,,,,,Jacqueline Barleycorn and Matt Hunt,1,60000,22,272727,1,1,0,,,,,,,,,,,,,,,,,,,,,,,,,,1,1,,,1,1,
17,2,TheShowerGem,1131,11-Aug-19,12-Apr-20,18-Aug-19,Lifestyle/Home,Rust Proof Shower Organiser,,2.84,BBC Two,,,,,Sean McGarry,0,100000,24,416667,1,1,0,,,,,,,,,,,,,,,,,,,,,,,,,,1,1,,,1,1,
17,2,Yboo,1132,11-Aug-19,12-Apr-20,18-Aug-19,Software/Tech,App tracking usage of data to offer phone deals,,2.84,BBC Two,,,,,Martyn Gould,0,250000,2.5,10000000,0,,,,,,,,,,,,,,,,,,,,,,,,,,,,1,1,,,1,1,
17,3,GloRide,1133,11-Aug-19,12-Apr-20,25-Aug-19,Children/Education,Overall fitting light for bicycles,,2.34,BBC Two,,,,,Darren Morris,0,100000,20,500000,0,,,,,,,,,,,,,,,,,,,,,,,,,,,,1,1,,,1,1,
17,3,Hannasillitoeskincareproducts,1134,11-Aug-19,12-Apr-20,25-Aug-19,Fashion/Beauty,Skin Care Product,,2.34,BBC Two,,,,,Hanna Sillitoe,0,50000,20,250000,1,1,1,50000,20,250000,2,25000,10,,,,,25000,10,,,,,,,,,,,25000,10,TejLalvani,1,1,,,1,1,1
17,3,MakTok,1135,11-Aug-19,12-Apr-20,25-Aug-19,Food and Beverage,Mak Tok Chilli paste,,2.34,BBC Two,,,,,Will Chew,0,60000,33,181818,1,1,1,60000,33,181818,1,60000,33,,,,,,,,,,,,,,,60000,33,,,,1,1,,,1,1,
17,3,Stroodles-PastaStraws,1136,11-Aug-19,12-Apr-20,25-Aug-19,Food and Beverage,Edible pasta straws,,2.34,BBC Two,,,,,Maxim Gelmann,0,40000,5,800000,0,,,,,,,,,,,,,,,,,,,,,,,,,,,,1,1,,,1,1,
17,3,TheInteriorDesignToolkit,1137,11-Aug-19,12-Apr-20,25-Aug-19,Business Services,Cards inspiring re-decoration,,2.34,BBC Two,,,,,Alison Gibb,0,,,,0,,,,,,,,,,,,,,,,,,,,,,,,,,,,1,1,,,1,1,
17,4,BarkingBakery,1138,11-Aug-19,12-Apr-20,1-Sep-19,Pet Products,Cakes and treats for dogs,,2.53,BBC Two,,,,,Michelle Turnbull,0,75000,15,500000,0,,,,,,,,,,,,,,,,,,,,,,,,,,,,1,1,,,1,1,
17,4,BespokeClassicalMusic,1139,11-Aug-19,12-Apr-20,1-Sep-19,Media/Entertainment,"Classical music composed, performed and recorded for special occasions",,2.53,BBC Two,,,,,Adrian Brockless,0,10000,5,200000,0,,,,,,,,,,,,,,,,,,,,,,,,,,,,1,1,,,1,1,
17,4,ClothesDoctor,1140,11-Aug-19,12-Apr-20,1-Sep-19,Health/Wellness,"Repairs, altercations and restorations of clothing",,2.53,BBC Two,,,,,Lucinder O'Connor,0,70000,3,2333333,0,,,,,,,,,,,,,,,,,,,,,,,,,,,,1,1,,,1,1,
17,4,FineDietApp,1141,11-Aug-19,12-Apr-20,1-Sep-19,Software/Tech,Mobile Dieting app,,2.53,BBC Two,,,,,Ben Smith,0,70000,25,280000,1,1,0,,,,,,,,,,,,,,,,,,,,,,,,,,1,1,,,1,1,
17,4,Rehook,1142,11-Aug-19,12-Apr-20,1-Sep-19,Children/Education,Bicycle tool,,2.53,BBC Two,,,,,Wayne Taylor,0,50000,25,200000,1,1,1,50000,25,200000,1,50000,25,,,,,,,50000,25,,,,,,,,,,,,1,1,,,1,1,
17,5,BeeBeeWraps,1143,11-Aug-19,12-Apr-20,8-Sep-19,Green/CleanTech,Eco-friendly food wraps made from organic cotton and bee wax,,2.82,BBC Two,,,,,Katherine Austin,0,60000,10,600000,0,,,,,,,,,,,,,,,,,,,,,,,,,,,,1,1,,,1,1,
17,5,CraneDrinks,1144,11-Aug-19,12-Apr-20,8-Sep-19,Liquor/Alcohol,Vegan and gluten free cranberry ciders and liqueurs,,2.82,BBC Two,,,,,Daniel and Ben Ristmer,1,80000,2,4000000,0,,,,,,,,,,,,,,,,,,,,,,,,,,,,1,1,,,1,1,
17,5,N/A,1145,11-Aug-19,12-Apr-20,8-Sep-19,Uncertain/Other,Poems for special occasions,,2.82,BBC Two,,,,,John Walsh,0,,,,0,,,,,,,,,,,,,,,,,,,,,,,,,,,,1,1,,,1,1,
17,5,PipeEasy,1146,11-Aug-19,12-Apr-20,8-Sep-19,Lifestyle/Home,Pipe Fitting tool,,2.82,BBC Two,,,,,Teirnan Mccorkell,0,41000,30,136667,1,1,1,41000,30,136667,1,41000,30,,,,,,,,,,,,,,,41000,30,,,,1,1,,,1,1,
17,5,WarPaint,1147,11-Aug-19,12-Apr-20,8-Sep-19,Fashion/Beauty,Make up for men,,2.82,BBC Two,,,,,Daniel Gray,0,70000,12,583333,1,1,0,,,,,,,,,,,,,,,,,,,,,,,,,,1,1,,,1,1,
17,6,FestivalBag,1148,11-Aug-19,12-Apr-20,15-Sep-19,Fitness/Sports/Outdoors,Camping tent rental service,,2.7,BBC Two,,,,,Nicholas Bennett,0,75000,20,375000,0,,,,,,,,,,,,,,,,,,,,,,,,,,,,1,1,,,1,1,
17,6,GoodNudeFood,1149,11-Aug-19,12-Apr-20,15-Sep-19,Food and Beverage,Sauerkraut health foods,,2.7,BBC Two,,,,,Ivonnne Morrison,0,50000,10,500000,0,,,,,,,,,,,,,,,,,,,,,,,,,,,,1,1,,,1,1,
17,6,Snoozle,1150,11-Aug-19,12-Apr-20,15-Sep-19,Software/Tech,App rewarding users for non-phone usage with discount vouchers,,2.7,BBC Two,,,,,Philip Neale,0,50000,10,500000,0,,,,,,,,,,,,,,,,,,,,,,,,,,,,1,1,,,1,1,
17,6,Sockitz,1151,11-Aug-19,12-Apr-20,15-Sep-19,Electronics,Electrical protection shields,,2.7,BBC Two,,,,,Richard Brook,0,100000,40,250000,1,1,0,,,,,,,,,,,,,,,,,,,,,,,,,,1,1,,,1,1,
17,6,TheBiscuitBaron,1152,11-Aug-19,12-Apr-20,15-Sep-19,Food and Beverage,Biscuit subscription boxes,,2.7,BBC Two,,,,,Fraser McIntyre and Sophie Whittaker,1,,,,0,,,,,,,,,,,,,,,,,,,,,,,,,,,,1,1,,,1,1,
17,7,Hedkayse,1153,11-Aug-19,12-Apr-20,22-Sep-19,Children/Education,Cycle helmets made from enkayse,,2.79,BBC Two,,,,,Tony Walker and George Fox,1,100000,25,400000,1,0,,,,,,,,,,,,,,,,,,,,,,,,,,,1,1,,,1,1,
17,7,Lamb2Ewe,1154,11-Aug-19,12-Apr-20,22-Sep-19,Food and Beverage,Online meat deliveries,,2.79,BBC Two,,,,,Jack Bowstock and Thomas Kitchen-Dunn,1,30000,15,200000,0,,,,,,,,,,,,,,,,,,,,,,,,,,,,1,1,,,1,1,
17,7,MannersLondon,1155,11-Aug-19,12-Apr-20,22-Sep-19,Fashion/Beauty,One size fits all female clothes range,,2.79,BBC Two,,,,,Sally Mansfield,0,75000,20,375000,0,,,,,,,,,,,,,,,,,,,,,,,,,,,,1,1,,,1,1,
17,7,PureHeavenlyLimited,1156,11-Aug-19,12-Apr-20,22-Sep-19,Food and Beverage,Reduced Sugar Vegan and Gluten Free Chocolate,,2.79,BBC Two,,,,,Stephen Conway,0,75000,20,375000,1,1,0,,,,,,,,,,,,,,,,,,,,,,,,,,1,1,,,1,1,
17,8,ClarendonGames,1157,11-Aug-19,12-Apr-20,22-Dec-19,Fitness/Sports/Outdoors,Board and card games,,2.26,BBC Two,,,,,William Sorrell,0,,,,0,,,,,,,,,,,,,,,,,,,,,,,,,,,,1,1,,,1,1,
17,8,Dinoski,1158,11-Aug-19,12-Apr-20,22-Dec-19,Fitness/Sports/Outdoors,Animal Themed Ski Suits,,2.26,BBC Two,,,,,"Matt, Will, and Ed",1,50000,12.5,400000,1,1,0,,,,,,,,,,,,,,,,,,,,,,,,,,1,1,,,1,1,
17,8,ImperialCandles,1159,11-Aug-19,12-Apr-20,22-Dec-19,Fashion/Beauty,Jewelry Bath Bombs and Candles,,2.26,BBC Two,,,,,Claudia Negoescu and Alexandru Ianas,1,100000,40,250000,1,1,0,,,,,,,,,,,,,,,,,,,,,,,,,,1,1,,,1,1,
17,8,RethinkWrap,1160,11-Aug-19,12-Apr-20,22-Dec-19,Food and Beverage,Reusable wrapping paper,,2.26,BBC Two,,,,,Mary Ann Dujardin,0,40000,25,160000,0,,,,,,,,,,,,,,,,,,,,,,,,,,,,1,1,,,1,1,
17,8,Stand4Socks,1161,11-Aug-19,12-Apr-20,22-Dec-19,Fashion/Beauty,"Antibacterial socks, donating to homeless for every pair sold",,2.26,BBC Two,,,,,Joshua Turner,0,60000,7.5,800000,0,,,,,,,,,,,,,,,,,,,,,,,,,,,,1,1,,,1,1,
17,9,DrynksUnlimited,1162,11-Aug-19,12-Apr-20,8-Mar-20,Food and Beverage,Alcohol-free Drinks,,2.26,BBC Two,,,,,Richard Clark and Paul Briscoe,1,125000,7.5,1666667,1,1,1,125000,7.5,1666667,1,125000,7.5,,,,,,,,,,,,,,,125000,7.5,,,,1,1,,,1,1,
17,9,Groomi,1163,11-Aug-19,12-Apr-20,8-Mar-20,Pet Products,Animal grooming brush,,2.26,BBC Two,,,,,Charlotte and Christopher Wright,1,,,,0,,,,,,,,,,,,,,,,,,,,,,,,,,,,1,1,,,1,1,
17,9,HandDyeShoeCompany,1164,11-Aug-19,12-Apr-20,8-Mar-20,Fashion/Beauty,Custom designed leather shoes,,2.26,BBC Two,,,,,Simon Bourne,0,70000,15,466667,0,,,,,,,,,,,,,,,,,,,,,,,,,,,,1,1,,,1,1,
17,9,KohlCreatives,1165,11-Aug-19,12-Apr-20,8-Mar-20,Fashion/Beauty,Ergonomic make-up brushes,,2.26,BBC Two,,,,,Trish Daswaney,0,60000,20,300000,0,,,,,,,,,,,,,,,,,,,,,,,,,,,,1,1,,,1,1,
17,9,Nimble,1166,11-Aug-19,12-Apr-20,8-Mar-20,Children/Education,Plant-based Baby Products,,2.26,BBC Two,,,,,Von Sy,0,85000,45,188889,1,1,1,85000,45,188889,3,28333.33333,15,,,,yes,,,,,,,,,28333.33333,15,28333.33333,15,28333.33333,15,TejLalvani,1,1,,,1,1,1
17,10,CatFaceHair,1167,11-Aug-19,12-Apr-20,15-Mar-20,Fashion/Beauty,"Hair, style and fashion products",,2.56,BBC Two,,,,,Mariette Ohuimumwen,0,80000,10,800000,0,,,,,,,,,,,,,,,,,,,,,,,,,,,,1,1,,,1,1,
17,10,CheesecakeEmporiyum,1168,11-Aug-19,12-Apr-20,15-Mar-20,Food and Beverage,Cheesecake franchise,,2.56,BBC Two,,,,,James Asquith,0,70000,33,212121,0,,,,,,,,,,,,,,,,,,,,,,,,,,,,1,1,,,1,1,
17,10,Panache,1169,11-Aug-19,12-Apr-20,15-Mar-20,Liquor/Alcohol,Flavoured gin range,,2.56,BBC Two,,,,,Lee Gaskell,0,,,,0,,,,,,,,,,,,,,,,,,,,,,,,,,,,1,1,,,1,1,
17,10,StoryTerrace,1170,11-Aug-19,12-Apr-20,15-Mar-20,Uncertain/Other,Personal Biographer,,2.56,BBC Two,,,,,Rutger Bruining and Theo Brainin,1,90000,5,1800000,1,1,0,,,,,,,,,,,,,,,,,,,,,,,,,,1,1,,,1,1,
17,10,ViperClip,1171,11-Aug-19,12-Apr-20,15-Mar-20,Uncertain/Other,Fully Insulated Cable Staple,,2.56,BBC Two,,,,,David and Julie Gray,1,80000,25,320000,1,1,1,80000,25,320000,1,80000,25,,,,,,,80000,25,,,,,,,,,,,,1,1,,,1,1,
17,11,BrainFudDrinks,1172,11-Aug-19,12-Apr-20,22-Mar-20,Food and Beverage,Natural Energy Drinks,,3.06,BBC Two,,,,,Jess and Philip,1,50000,30,166667,1,1,0,,,,,,,,,,,,,,,,,,,,,,,,,,1,1,,,1,1,
17,11,BugBakes,1173,11-Aug-19,12-Apr-20,22-Mar-20,Pet Products,Insect Protein Dog Food,,3.06,BBC Two,,,,,Ross Lamond,0,50000,50,100000,1,1,0,,,,,,,,,,,,,,,,,,,,,,,,,,1,1,,,1,1,
17,11,Chimella,1174,11-Aug-19,12-Apr-20,22-Mar-20,Uncertain/Other,Umbrella catching all falling debris,,3.06,BBC Two,,,,,Simon Wild,0,50000,10,500000,0,,,,,,,,,,,,,,,,,,,,,,,,,,,,1,1,,,1,1,
17,11,PliqoTravelBag,1175,11-Aug-19,12-Apr-20,22-Mar-20,Lifestyle/Home,Travel bag for suits,,3.06,BBC Two,,,,,Patrick Tathem,0,75000,50,150000,1,0,,,,,,,,,,,,,,,,,,,,,,,,,,,1,1,,,1,1,
17,11,PomPomDance,1176,11-Aug-19,12-Apr-20,22-Mar-20,Fitness/Sports/Outdoors,Dance classes for care homes,,3.06,BBC Two,,,,,Tina Blackwill,0,25000,10,250000,0,,,,,,,,,,,,,,,,,,,,,,,,,,,,1,1,,,1,1,
17,12,DrM'sOralBrush,1177,11-Aug-19,12-Apr-20,29-Mar-20,Green/CleanTech,Recyclable detachable toothbrush heads,,3.08,BBC Two,,,,,Dr Sukhdeep Murbay,0,,,,0,,,,,,,,,,,,,,,,,,,,,,,,,,,,1,1,,,1,1,
17,12,Dripboost,1178,11-Aug-19,12-Apr-20,29-Mar-20,Health/Wellness,Mobile IV vitamin therapy and vitamins injection service,,3.08,BBC Two,,,,,Gemma Zinyama and Shiraz Ahmed,1,25000,15,166667,0,,,,,,,,,,,,,,,,,,,,,,,,,,,,1,1,,,1,1,
17,12,Lemuro,1179,11-Aug-19,12-Apr-20,29-Mar-20,Lifestyle/Home,Phone Camera Lenses,,3.08,BBC Two,,,,,Eric and Hugo Bohring,1,75000,25,300000,1,1,0,,,,,,,,,,,,,,,,,,,,,,,,,,1,1,,,1,1,
17,12,RawBakeStation,1180,11-Aug-19,12-Apr-20,29-Mar-20,Food and Beverage,Vegan chocolates and treats,,3.08,BBC Two,,,,,Genevieve Waxman,0,50000,10,500000,0,,,,,,,,,,,,,,,,,,,,,,,,,,,,1,1,,,1,1,
17,12,TOAD.ai,1181,11-Aug-19,12-Apr-20,29-Mar-20,Fitness/Sports/Outdoors,Outdoor Advertising Software,,3.08,BBC Two,,,,,George Hintzen,0,100000,10,1000000,1,1,0,,,,,,,,,,,,,,,,,,,,,,,,,,1,1,,,1,1,
17,13,EcoForLife,1182,11-Aug-19,12-Apr-20,5-Apr-20,Green/CleanTech,Bottles made from corn plants as opposed to plastic,,2.88,BBC Two,,,,,Mike Shore,0,50000,33,151515,1,1,0,,,,,,,,,,,,,,,,,,,,,,,,,,1,1,,,1,1,
17,13,Fliptop,1183,11-Aug-19,12-Apr-20,5-Apr-20,Lifestyle/Home,Chair table for care homes,,2.88,BBC Two,,,,,Phillip and Lakshmy Pengelly,1,10000,25,40000,1,1,1,10000,25,40000,1,10000,25,,,,,,,,,,,,,,,10000,25,,,,1,1,,,1,1,
17,13,JustWears,1184,11-Aug-19,12-Apr-20,5-Apr-20,Fashion/Beauty,Cellulosic fibre-based men's underwear range,,2.88,BBC Two,,,,,Alex Walsh and Yang Liu,1,80000,20,400000,1,0,,,,,,,,,,,,,,,,,,,,,,,,,,,1,1,,,1,1,
17,13,ViteBrain,1185,11-Aug-19,12-Apr-20,5-Apr-20,Food and Beverage,Nootropics infused drinks and snacks,,2.88,BBC Two,,,,,Robert Thorp,0,45000,25,180000,1,0,,,,,,,,,,,,,,,,,,,,,,,,,,,1,1,,,1,1,
17,13,Zipusin,1186,11-Aug-19,12-Apr-20,5-Apr-20,Children/Education,Jacket expander panel for pregnant women and baby carriers,,2.68,BBC Two,,,,,Kate Bell (businesswoman),0,50000,5,1000000,0,,,,,,,,,,,,,,,,,,,,,,,,,,,,1,1,,,1,1,
17,14,CucumberClothing,1187,11-Aug-19,12-Apr-20,12-Apr-20,Fashion/Beauty,Cooling clothing for females,,2.68,BBC Two,,,,,Nancy Zeffman and Eileen Willett,1,50000,10,500000,0,,,,,,,,,,,,,,,,,,,,,,,,,,,,1,1,,,1,1,
17,14,Punkbox,1188,11-Aug-19,12-Apr-20,12-Apr-20,Children/Education,Packaging converted into children's decorations,,2.68,BBC Two,,,,,Martin Grimer and Shaun Jones,1,40000,15,266667,0,,,,,,,,,,,,,,,,,,,,,,,,,,,,1,1,,,1,1,
17,14,Talkies,1189,11-Aug-19,12-Apr-20,12-Apr-20,Electronics,Electronic greeting cards,,2.68,BBC Two,,,,,Davids Hyams,0,100000,12.5,800000,0,,,,,,,,,,,,,,,,,,,,,,,,,,,,1,1,,,1,1,
17,14,Thrift+,1190,11-Aug-19,12-Apr-20,12-Apr-20,Software/Tech,Online sales of used clothes,,2.68,BBC Two,,,,,Joe Metcalfe,0,150000,10,1500000,1,1,0,,,,,,,,,,,,,,,,,,,,,,,,,,1,1,,,1,1,
17,14,YorkshireDamaCheese,1191,11-Aug-19,12-Apr-20,12-Apr-20,Food and Beverage,Yorkshire cheese selections,,2.68,BBC Two,,,,,Razan Alsous and Ragi Sandook,1,100000,10,1000000,0,,,,,,,,,,,,,,,,,,,,,,,,,,,,1,1,,,1,1,
18,1,Icebloc,1192,1-Apr-21,8-Jul-21,1-Apr-21,Green/CleanTech,Eco-friendly alternative drinking straw preventing overflow of ice,,3.51,BBC One,,,,,Adrian Potter,0,,,,0,,,,,,,,,,,,,,,,,,,,,,,,,,,,1,1,,,1,1,
18,1,Masterpeace,1193,1-Apr-21,8-Jul-21,1-Apr-21,Lifestyle/Home,Mindful art classes and painting kits,,3.51,BBC One,,,,,Zena El Farra,0,50000,25,200000,1,1,1,50000,25,200000,1,50000,25,,,,,,,50000,25,,,,,,,,,,,,1,1,,,1,1,
18,1,Nursem,1194,1-Apr-21,8-Jul-21,1-Apr-21,Fashion/Beauty,Skincare product for hands,,3.51,BBC One,,,,,Antonia Philp and Jonny Philp,1,75000,5,1500000,1,1,1,75000,5,1500000,1,75000,5,,,,,,,,,,,,,,,,,75000,5,TejLalvani,1,1,,,1,1,1
18,1,Offblak,1195,1-Apr-21,8-Jul-21,1-Apr-21,Food and Beverage,Flavoured tea delivery service,,3.51,BBC One,,,,,Dmitry Klochkov and Jeong Cheol BAE,1,70000,10,700000,1,1,1,70000,10,700000,1,70000,10,,,,yes,70000,10,,,,,,,,,,,,,,1,1,,,1,1,
18,1,Sunclipa,1196,1-Apr-21,8-Jul-21,1-Apr-21,Fitness/Sports/Outdoors,Anti-blinding sunglasses for tennis players,,3.51,BBC One,,,,,Antoine Messiou,0,40000,20,200000,0,,,,,,,,,,,,,,,,,,,,,,,,,,,,1,1,,,1,1,
18,2,Gen!usBrewing,1197,1-Apr-21,8-Jul-21,8-Apr-21,Fitness/Sports/Outdoors,Light craft lager brand,,3.56,BBC One,,,,,Charlie Craig and Jason Clarke,1,120000,4,3000000,0,,,,,,,,,,,,,,,,,,,,,,,,,,,,1,1,,,1,1,
18,2,Manmower,1198,1-Apr-21,8-Jul-21,8-Apr-21,Fashion/Beauty,Grooming aid for beards with design based on lawn-mowers,,3.56,BBC One,,,,,Tim Mount,0,,,,0,,,,,,,,,,,,,,,,,,,,,,,,,,,,1,1,,,1,1,
18,2,Nylah'sNaturals,1199,1-Apr-21,8-Jul-21,8-Apr-21,Green/CleanTech,Eco-based hair-care products for afro and curly hair,,3.56,BBC One,,,,,Kameese Davis,0,50000,40,125000,1,1,0,,,,,,,,,,,,,,,,,,,,,,,,,,1,1,,,1,1,
18,2,SuperU,1200,1-Apr-21,8-Jul-21,8-Apr-21,Food and Beverage,Organic foods supplier,,3.56,BBC One,,,,,Sean Ali and Charlotte Bailey,1,50000,6,833333,1,1,0,,,,,,,,,,,,,,,,,,,,,,,,,,1,1,,,1,1,
18,2,Uunn,1201,1-Apr-21,8-Jul-21,8-Apr-21,Health/Wellness,Lens attachment displaying outstanding plaque on teeth,,3.56,BBC One,,,,,Gina Dorodvand and Hawaa Budraa,1,70000,30,233333,1,0,,,,,,,,,,,,,,,,,,,,,,,,,,,1,1,,,1,1,
18,2,Uunn,1202,1-Apr-21,8-Jul-21,8-Apr-21,Health/Wellness,Lens attachment displaying outstanding plaque on teeth,,3.56,BBC One,,,,,Gina and Hawaa,1,70000,2.6,2692308,0,,,,,,,,,,,,,,,,,,,,,,,,,,,,1,1,,,1,1,
18,3,DoubleTroubleDrinks,1203,1-Apr-21,8-Jul-21,15-Apr-21,Liquor/Alcohol,Darts themed alcoholic drinks range,,3.33,BBC One,,,,,Scott and David Borthwick,1,,,,0,,,,,,,,,,,,,,,,,,,,,,,,,,,,1,1,,,1,1,
18,3,Opie'sEmporium,1204,1-Apr-21,8-Jul-21,15-Apr-21,Pet Products,natural pet treats for dogs,,3.33,BBC One,,,,,Dom Hogan,0,50000,35,142857,1,1,0,,,,,,,,,,,,,,,,,,,,,,,,,,1,1,,,1,1,
18,3,TrueSkincareLtd,1205,1-Apr-21,8-Jul-21,15-Apr-21,Fashion/Beauty,Waterless skincare products,,3.33,BBC One,,,,,Emma Thornton,0,75000,12.5,600000,1,1,0,,,,,,,,,,,,,,,,,,,,,,,,,,1,1,,,1,1,
18,3,WangerFlange,1206,1-Apr-21,8-Jul-21,15-Apr-21,Uncertain/Other,Multi-angle construction brackets,,3.33,BBC One,,,,,Paul Robinson,0,50000,25,200000,0,,,,,,,,,,,,,,,,,,,,,,,,,,,,1,1,,,1,1,
18,3,WildAI,1207,1-Apr-21,8-Jul-21,15-Apr-21,Software/Tech,Fitness and well-being mobile app for women,,3.33,BBC One,,,,,Helene Guillaume,0,72000,10,720000,1,0,,,,,,,,,,,,,,,,,,,,,,,,,,,1,1,,,1,1,
18,4,CotiVision,1208,1-Apr-21,8-Jul-21,22-Apr-21,Health/Wellness,Interchangeable chains for reading glasses,,3.59,BBC One,,,,,Julie Hawkins and Nancy Gries,1,50000,20,250000,1,1,1,50000,20,250000,1,50000,20,,,,,,,50000,20,,,,,,,,,,,,1,1,,,1,1,
18,4,FamilySecret,1209,1-Apr-21,8-Jul-21,22-Apr-21,Food and Beverage,Asian snacks and cooking ingredients,,3.59,BBC One,,,,,Sandeep Mudhar,0,100000,10,1000000,0,,,,,,,,,,,,,,,,,,,,,,,,,,,,1,1,,,1,1,
18,4,Gener8,1210,1-Apr-21,8-Jul-21,22-Apr-21,Software/Tech,Online vouchers in response to data received by advertisers,,3.59,BBC One,,,,,Sam Jones,0,60000,10,600000,1,1,1,60000,10,600000,2,30000,5,,,,,30000,5,,,,,,,30000,5,,,,,,1,1,,,1,1,
18,4,MuscleBallersLtd,1211,1-Apr-21,8-Jul-21,22-Apr-21,Fitness/Sports/Outdoors,BackBaller foam roller device,,3.59,BBC One,,,,,Noel Marshall,0,100000,25,400000,1,1,0,,,,,,,,,,,,,,,,,,,,,,,,,,1,1,,,1,1,
18,4,PuffinBox,1212,1-Apr-21,8-Jul-21,22-Apr-21,Media/Entertainment,Socially distanced nightclub,,3.59,BBC One,,,,,Natalie Lea and Katherine Warburton,1,,,,0,,,,,,,,,,,,,,,,,,,,,,,,,,,,1,1,,,1,1,
18,5,CompareEthics,1213,1-Apr-21,8-Jul-21,29-Apr-21,Media/Entertainment,Ethical clothing verification platform,,3.34,BBC One,,,,,James and Abi Morris,1,70000,10,700000,1,1,1,70000,10,700000,2,35000,5,,,,,35000,5,35000,5,,,,,,,,,,,,1,1,,,1,1,
18,5,PÄRLAToothpasteTabs,1214,1-Apr-21,8-Jul-21,29-Apr-21,Green/CleanTech,Toothpaste tablets with recyclable glass jar,,3.34,BBC One,,,,,Dr Simon Chard and Dr Ronah Escander,1,70000,30,233333,1,0,,,,,,,,,,,,,,,,,,,,,,,,,,,1,1,,,1,1,
18,5,PeachyLean,1215,1-Apr-21,8-Jul-21,29-Apr-21,Health/Wellness,Spandex and nylon gym wear for women,,3.34,BBC One,,,,,Sharon Keegan,0,100000,30,333333,1,1,1,100000,30,333333,3,33333.33333,10,,,,,,,,,,,,,33333.33333,10,33333.33333,10,33333.33333,10,TejLalvani,1,1,,,1,1,1
18,5,Songhive,1216,1-Apr-21,8-Jul-21,29-Apr-21,Software/Tech,Social media app for sharing musical experiences,,3.34,BBC One,,,,,Steven Warren and Andy Wilson,1,150000,15,1000000,0,,,,,,,,,,,,,,,,,,,,,,,,,,,,1,1,,,1,1,
18,6,LoftoMattic,1217,1-Apr-21,8-Jul-21,6-May-21,Electronics,Automated electric loft ladder,,3.43,BBC One,,,,,Michael Beard,0,96000,5,1920000,0,,,,,,,,,,,,,,,,,,,,,,,,,,,,1,1,,,1,1,
18,6,Microbarbox,1218,1-Apr-21,8-Jul-21,6-May-21,Liquor/Alcohol,Alcohol gift box service,,3.43,BBC One,,,,,Kate and Graham Durracot,1,90000,7.5,1200000,0,,,,,,,,,,,,,,,,,,,,,,,,,,,,1,1,,,1,1,
18,6,NGX,1219,1-Apr-21,8-Jul-21,6-May-21,Food and Beverage,Genetically personalised meal shake,,3.43,BBC One,,,,,Jeremy Poland,0,50000,15,333333,1,1,1,50000,15,333333,2,25000,7.5,,,,,25000,7.5,,,,,,,25000,7.5,,,,,,1,1,,,1,1,
18,6,NitNot,1220,1-Apr-21,8-Jul-21,6-May-21,Fashion/Beauty,Hair comb for nits and head lice,,3.43,BBC One,,,,,Eileen Hutchinson,0,40000,30,133333,1,1,1,40000,30,133333,1,40000,30,,,,,,,,,,,,,,,,,40000,30,TejLalvani,1,1,,,1,1,1
18,6,TrappedintheWeb,1221,1-Apr-21,8-Jul-21,6-May-21,Software/Tech,Online escape room gaming service,,3.43,BBC One,,,,,Dave Murphy,0,30000,10,300000,1,1,1,30000,10,300000,1,30000,10,,,,,,,,,,,,,,,30000,10,,,,1,1,,,1,1,
18,7,BeachPowderLtd,1222,1-Apr-21,8-Jul-21,13-May-21,Fashion/Beauty,Plant and mineral based powder which removes sand from skin,,3.28,BBC One,,,,,Stephanie Kelsey,0,60000,49,122449,1,1,1,60000,49,122449,2,30000,24.5,,,,,,,,,,,,,30000,24.5,30000,24.5,,,,1,1,,,1,1,
18,7,BeNosyLtd,1223,1-Apr-21,8-Jul-21,13-May-21,Health/Wellness,Breathing device protecting against air pollution,,3.28,BBC One,,,,,Carina Cunha,0,50000,15,333333,1,1,0,,,,,,,,,,,,,,,,,,,,,,,,,,1,1,,,1,1,
18,7,E-Rides,1224,1-Apr-21,8-Jul-21,13-May-21,Electronics,Electric scooters and unicycles,,3.28,BBC One,,,,,Yingjun Chen and Afeez Kolawole-Alade,1,,,,0,,,,,,,,,,,,,,,,,,,,,,,,,,,,1,1,,,1,1,
18,7,Form-a-light,1225,1-Apr-21,8-Jul-21,13-May-21,Uncertain/Other,Motorised temporary remote control lighting,,3.28,BBC One,,,,,Shaun McBrearty,0,60000,20,300000,0,,,,,,,,,,,,,,,,,,,,,,,,,,,,1,1,,,1,1,
18,7,WhiskyMe,1226,1-Apr-21,8-Jul-21,13-May-21,Liquor/Alcohol,Whisky subscription service,,3.28,BBC One,,,,,Thomas Aske and Tristan Stephenson,1,75000,15,500000,1,1,1,75000,15,500000,3,25000,5,,,,,25000,5,25000,5,,,,,,,,,25000,5,TejLalvani,1,1,,,1,1,1
18,8,Bubblebog,1227,1-Apr-21,8-Jul-21,20-May-21,Lifestyle/Home,Natural toilet in-built cleaning froth,,3.33,BBC One,,,,,Trystan Holtbrook,0,,,,0,,,,,,,,,,,,,,,,,,,,,,,,,,,,1,1,,,1,1,
18,8,OwenDrew,1228,1-Apr-21,8-Jul-21,20-May-21,Food and Beverage,"Vegan soy wax candles, eau de parfum fragrances and shampoo collections",,3.33,BBC One,,,,,Drew Cockton,0,50000,30,166667,1,1,1,50000,30,166667,1,50000,30,,,,yes,,,,,,,,,50000,30,,,,,,1,1,,,1,1,
18,8,UKSnifferDogs,1229,1-Apr-21,8-Jul-21,20-May-21,Pet Products,Scent detection dog training,,3.33,BBC One,,,,,Jamie and Gemma Pound,1,70000,15,466667,0,,,,,,,,,,,,,,,,,,,,,,,,,,,,1,1,,,1,1,
18,8,WillsowLtd,1230,1-Apr-21,8-Jul-21,20-May-21,Lifestyle/Home,Plantable books pages made from seeds,,3.33,BBC One,,,,,Tim Wilday and James Colhurst,1,20000,15,133333,1,1,1,20000,15,133333,1,20000,15,,,,,,,,,,,,,,,20000,15,,,,1,1,,,1,1,
18,8,YHangry,1231,1-Apr-21,8-Jul-21,20-May-21,Food and Beverage,Private chef hire,,3.33,BBC One,,,,,Siddhi Mittal and Heinin Zhang,1,100000,10,1000000,1,1,0,,,,,,,,,,,,,,,,,,,,,,,,,,1,1,,,1,1,
18,9,EasyTots,1232,1-Apr-21,8-Jul-21,27-May-21,Food and Beverage,Food trays for babies and infants,,3.02,BBC One,,,,,Helen Davies,0,80000,30,266667,1,1,1,80000,30,266667,1,80000,30,,,,,,,,,,,,,,,80000,30,,,,1,1,,,1,1,
18,9,HomeThings,1233,1-Apr-21,8-Jul-21,27-May-21,Green/CleanTech,Cleaning tablets used to reduce waste of plastic bottles,,3.02,BBC One,,,,,Tim Keaveney and Matt Aubrey,1,50000,5,1000000,1,1,1,50000,5,1000000,2,25000,2.5,,,,,25000,2.5,25000,2.5,,,,,,,,,,,,1,1,,,1,1,
18,9,Puresweet,1234,1-Apr-21,8-Jul-21,27-May-21,Food and Beverage,Sugar free alternatives,,3.02,BBC One,,,,,Jack Nyber,0,75000,10,750000,1,1,1,75000,10,750000,2,37500,5,,,,,37500,5,,,,,,,,,,,37500,5,TejLalvani,1,1,,,1,1,1
18,9,ToptoTailSalons,1235,1-Apr-21,8-Jul-21,27-May-21,Pet Products,Hair-resistant clothing line for pet care professionals,,3.02,BBC One,,,,,Sophie James,0,,,,0,,,,,,,,,,,,,,,,,,,,,,,,,,,,1,1,,,1,1,
18,9,VitaminCoffee,1236,1-Apr-21,8-Jul-21,27-May-21,Health/Wellness,Vitamin infused coffee,,3.02,BBC One,,,,,Leanne Holder and Jacob Leaver,1,50000,33.3,150150,0,,,,,,,,,,,,,,,,,,,,,,,,,,,,1,1,,,1,1,
18,10,AirVestLtd,1237,1-Apr-21,8-Jul-21,3-Jun-21,Fitness/Sports/Outdoors,Body worn airbag protection,,3.09,BBC One,,,,,Peter Riley and Sara Dickson,1,75000,7.5,1000000,0,,,,,,,,,,,,,,,,,,,,,,,,,,,,1,1,,,1,1,
18,10,HonestBlends,1238,1-Apr-21,8-Jul-21,3-Jun-21,Food and Beverage,Plant-based food and health-care products,,3.09,BBC One,,,,,Deborah Lockhart,0,50000,10,500000,0,,,,,,,,,,,,,,,,,,,,,,,,,,,,1,1,,,1,1,
18,10,PreciousPetsWeddingWheels,1239,1-Apr-21,8-Jul-21,3-Jun-21,Pet Products,Decorated wedding car for dogs,,3.09,BBC One,,,,,Adrian and Emma Cartlich,1,,,,0,,,,,,,,,,,,,,,,,,,,,,,,,,,,1,1,,,1,1,
18,10,SingleHanded,1240,1-Apr-21,8-Jul-21,3-Jun-21,Lifestyle/Home,Rotatable serving trays,,3.09,BBC One,,,,,Robert Simpson,0,50000,10,500000,0,,,,,,,,,,,,,,,,,,,,,,,,,,,,1,1,,,1,1,
18,10,TheWriggler,1241,1-Apr-21,8-Jul-21,3-Jun-21,Children/Education,Anti-roll changing mat for babies and infants,,3.09,BBC One,,,,,James and Aileen McCauley,1,50000,40,125000,1,1,0,,,,,,,,,,,,,,,,,,,,,,,,,,1,1,,,1,1,
18,11,ApocalypseSurvivalTraining,1242,1-Apr-21,8-Jul-21,10-Jun-21,Fitness/Sports/Outdoors,Adventure themed fitness app,,3.37,BBC One,,,,,Rasmas and Adele Anderson,1,,,,0,,,,,,,,,,,,,,,,,,,,,,,,,,,,1,1,,,1,1,
18,11,CordinaHair,1243,1-Apr-21,8-Jul-21,10-Jun-21,Fashion/Beauty,Heatless hair curling device,,3.37,BBC One,,,,,Yanika Cordina,0,75000,50,150000,1,1,1,75000,50,150000,1,75000,50,,,,,,,,,,,,,,,75000,50,,,,1,1,,,1,1,
18,11,MumbaBra,1244,1-Apr-21,8-Jul-21,10-Jun-21,Fashion/Beauty,2 hook maternity bras,,3.37,BBC One,,,,,Elizabeth Morana,0,60000,15,400000,0,,,,,,,,,,,,,,,,,,,,,,,,,,,,1,1,,,1,1,
18,11,RockstarSpirits,1245,1-Apr-21,8-Jul-21,10-Jun-21,Liquor/Alcohol,Premium spiced rums,,3.37,BBC One,,,,,Thomas Hurst,0,25000,8,312500,1,1,1,25000,8,312500,2,12500,4,,,,,,,,,,,,,12500,4,,,12500,4,TejLalvani,1,1,,,1,1,1
18,11,YapBooks,1246,1-Apr-21,8-Jul-21,10-Jun-21,Children/Education,Interactive children's reading app,,3.37,BBC One,,,,,Ben Ridgeway and Liam Johnson,1,100000,25,400000,1,0,,,,,,,,,,,,,,,,,,,,,,,,,,,1,1,,,1,1,
18,12,It'sAllAboutShoes,1247,1-Apr-21,8-Jul-21,24-Jun-21,Green/CleanTech,Recyclable shoe straps,,3.31,BBC One,,,,,Gaynor Saunders,0,50000,45,111111,1,1,0,,,,,,,,,,,,,,,,,,,,,,,,,,1,1,,,1,1,
18,12,JustASplash,1248,1-Apr-21,8-Jul-21,24-Jun-21,Liquor/Alcohol,Range of alcohol pouches for cooking,,3.31,BBC One,,,,,Pia Varma,0,75000,15,500000,0,,,,,,,,,,,,,,,,,,,,,,,,,,,,1,1,,,1,1,
18,12,MiniFirstAid,1249,1-Apr-21,8-Jul-21,24-Jun-21,Children/Education,First aid training kit for children,,3.31,BBC One,,,,,Kate and Matt Ball,1,50000,20,250000,1,1,1,50000,20,250000,1,50000,20,,,,yes,,,,,,,,,,,50000,20,,,,1,1,,,1,1,
18,12,SophieandLunaLondon,1250,1-Apr-21,8-Jul-21,24-Jun-21,Fashion/Beauty,Floral headwear for special occasions,,3.31,BBC One,,,,,Sandra Blanco Gomez,0,,,,0,,,,,,,,,,,,,,,,,,,,,,,,,,,,1,1,,,1,1,
18,12,ToneAlly,1251,1-Apr-21,8-Jul-21,24-Jun-21,Children/Education,Teaching device for playing drums,,3.31,BBC One,,,,,Tony McNally,0,50000,10,500000,0,,,,,,,,,,,,,,,,,,,,,,,,,,,,1,1,,,1,1,
18,13,FearneandRosie,1252,1-Apr-21,8-Jul-21,1-Jul-21,Food and Beverage,Reduced sugar jams,,3.37,BBC One,,,,,Rachel Kettlewell,0,40000,35,114286,1,1,0,,,,,,,,,,,,,,,,,,,,,,,,,,1,1,,,1,1,
18,13,MyTree,1253,1-Apr-21,8-Jul-21,1-Jul-21,Software/Tech,App tracking carbon-offsets,,3.37,BBC One,,,,,Alex Jovy,0,70000,7,1000000,0,,,,,,,,,,,,,,,,,,,,,,,,,,,,1,1,,,1,1,
18,13,NobuPet,1254,1-Apr-21,8-Jul-21,1-Jul-21,Pet Products,Pet waste collecting device,,3.37,BBC One,,,,,Darren Lewitt Feisser,0,50000,35,142857,1,1,1,50000,35,142857,1,50000,35,,,,yes,,,,,,,,,50000,35,,,,,,1,1,,,1,1,
18,13,Ocushield,1255,1-Apr-21,8-Jul-21,1-Jul-21,Software/Tech,Blue light filtering product for mobile phones,,3.37,BBC One,,,,,Assad Hamir and Dhruvin Patel,1,75000,15,500000,1,1,1,75000,15,500000,2,37500,7.5,,,,,37500,7.5,,,,,,,,,,,37500,7.5,TejLalvani,1,1,,,1,1,1
18,13,Revos,1256,1-Apr-21,8-Jul-21,1-Jul-21,Automotive,Device converting regular bikes into E-Ridable,,3.37,BBC One,,,,,Hugo and Mark Palmer,1,,,,0,,,,,,,,,,,,,,,,,,,,,,,,,,,,1,1,,,1,1,
18,14,K'Wors,1257,1-Apr-21,8-Jul-21,8-Jul-21,Food and Beverage,South African recipe sausages,,3.4,BBC One,,,,,Delight Mapasure,0,,,,0,,,,,,,,,,,,,,,,,,,,,,,,,,,,1,1,,,1,1,
18,14,NuudGum,1258,1-Apr-21,8-Jul-21,8-Jul-21,Food and Beverage,Plant based chewing gum,,3.4,BBC One,,,,,Kir Carnie,0,50000,10,500000,0,,,,,,,,,,,,,,,,,,,,,,,,,,,,1,1,,,1,1,
18,14,Ogel,1259,1-Apr-21,8-Jul-21,8-Jul-21,Green/CleanTech,Recyclable building materials for outdoor buildings,,3.4,BBC One,,,,,Gary Giles and Alan Watts,1,50000,10,500000,1,1,1,50000,10,500000,2,25000,5,,,,,,,,,,,,,,,25000,5,25000,5,TejLalvani,1,1,,,1,1,1
18,14,PositiveBirth,1260,1-Apr-21,8-Jul-21,8-Jul-21,Software/Tech,Hypnobirthing mobile app,,3.4,BBC One,,,,,Siobhan Miller,0,136000,10,1360000,1,1,1,136000,10,1360000,2,68000,5,,,,yes,,,,,,,,,68000,5,,,68000,5,TejLalvani,1,1,,,1,1,1
18,14,TheWorkbenchLondon,1261,1-Apr-21,8-Jul-21,8-Jul-21,Fashion/Beauty,Custom jewellery service,,3.4,BBC One,,,,,Kirstie McClaren and Katie Bell,1,50000,45,111111,1,1,1,50000,45,111111,1,50000,45,,,,yes,,,,,,,,,,,50000,45,,,,1,1,,,1,1,
19,1,Cheesegeek,1262,16-Jan-22,7-Apr-22,6-Jan-22,Software/Tech,Cheese subscribing mobile app,,4.21,BBC One,,,,,Richard Hancock and Edward Simpson,1,150000,7.5,2000000,1,1,1,150000,7.5,2000000,1,150000,7.5,,,,yes,,,,,,,,,,,,,150000,7.5,StevenBartlett,1,1,,,1,1,1
19,1,ExtendRobotics,1263,16-Jan-22,7-Apr-22,6-Jan-22,Software/Tech,Human controlled robot via VR for hospitality,,4.21,BBC One,,,,,Dr. Chang Liu,0,150000,25,600000,1,1,1,150000,25,600000,1,150000,25,,,,,150000,25,,,,,,,,,,,,,,1,1,,,1,1,
19,1,FluxChoiceLtd,1264,16-Jan-22,7-Apr-22,6-Jan-22,Lifestyle/Home,Key-ring accessories,,4.21,BBC One,,,,,Grant Bruce,0,40000,20,200000,0,,,,,,,,,,,,,,,,,,,,,,,,,,,,1,1,,,1,1,
19,1,MegHeathDogLeads,1265,16-Jan-22,7-Apr-22,6-Jan-22,Pet Products,Lead designed to aid prevention of dog theft,,4.21,BBC One,,,,,Sarah Gleave,0,30000,5,600000,0,,,,,,,,,,,,,,,,,,,,,,,,,,,,1,1,,,1,1,
19,1,NakedWeave,1266,16-Jan-22,7-Apr-22,6-Jan-22,Fashion/Beauty,Fitting device for hair extensions,,4.21,BBC One,,,,,Ola Goldsmith,0,70000,15,466667,0,,,,,,,,,,,,,,,,,,,,,,,,,,,,1,1,,,1,1,
19,2,EcoUnion,1267,16-Jan-22,7-Apr-22,13-Jan-22,Business Services,Carbon-neutral paint roller preventing mixing of colours,,3.95,BBC One,,,,,Joel and Nicky Buckley,1,85000,20,425000,1,1,0,,,,,,,,,,,,,,,,,,,,,,,,,,1,1,,,1,1,
19,2,Nereus,1268,16-Jan-22,7-Apr-22,13-Jan-22,Fashion/Beauty,Sustainable premium beauty care products,,3.95,BBC One,,,,,James Inglesby and Diana Ziegler,1,50000,10,500000,0,,,,,,,,,,,,,,,,,,,,,,,,,,,,1,1,,,1,1,
19,2,PiddlePatch,1269,16-Jan-22,7-Apr-22,13-Jan-22,Pet Products,Soil-free real grass dog toilet,,3.95,BBC One,,,,,Rebecca Sloan,0,50000,30,166667,1,1,1,50000,30,166667,1,50000,30,,,,yes,,,,,,,,,,,,,50000,30,StevenBartlett,1,1,,,1,1,1
19,2,TheTotoSleepCompany,1270,16-Jan-22,7-Apr-22,13-Jan-22,Children/Education,Bio-metric sleeping aid for infants,,3.95,BBC One,,,,,Victoria Fullarton,0,150000,35,428571,1,1,0,,,,,,,,,,,,,,,,,,,,,,,,,,1,1,,,1,1,
19,3,CampWildfire,1271,16-Jan-22,7-Apr-22,20-Jan-22,Media/Entertainment,Summer camping adventures for adults,,4.05,BBC One,,,,,Lee Denny and Julia Lowe,1,75000,5,1500000,0,,,,,,,,,,,,,,,,,,,,,,,,,,,,1,1,,,1,1,
19,3,DeliverMe,1272,16-Jan-22,7-Apr-22,20-Jan-22,Software/Tech,On-demand delivery mobile app,,4.05,BBC One,,,,,Zakariya Lloyd and Aaron Branch,1,50000,8,625000,0,,,,,,,,,,,,,,,,,,,,,,,,,,,,1,1,,,1,1,
19,3,FridaRome,1273,16-Jan-22,7-Apr-22,20-Jan-22,Fashion/Beauty,Vegan non-leather handbags with erotic stories included,,4.05,BBC One,,,,,Rebecca Joy and Natalie Diana,1,50000,20,250000,1,1,1,50000,20,250000,1,50000,20,,,,,,,,,,,,,,,,,50000,20,StevenBartlett,1,1,,,1,1,1
19,3,KandyKitchenCreationsLtd,1274,16-Jan-22,7-Apr-22,20-Jan-22,Food and Beverage,"Ingredients packages for soups, rissotos, stews and desserts",,4.05,BBC One,,,,,Andrew and Karen Turner,1,50000,33,151515,1,1,1,50000,33,151515,3,16666.66667,11,,,,,16666.66667,11,16666.66667,11,,,,,16666.66667,11,,,,,,1,1,,,1,1,
19,3,UpsideDownHouse,1275,16-Jan-22,7-Apr-22,20-Jan-22,Software/Tech,Background drop for social media photos,,4.05,BBC One,,,,,Thomas Dirse,0,160000,5,3200000,0,,,,,,,,,,,,,,,,,,,,,,,,,,,,1,1,,,1,1,
19,4,BarkingBags,1276,16-Jan-22,7-Apr-22,27-Jan-22,Pet Products,Portable bag for storing goods for dogs,,4.18,BBC One,,,,,Rob Angel and Debbie Greeves,1,35000,25,140000,1,1,0,,,,,,,,,,,,,,,,,,,,,,,,,,1,1,,,1,1,
19,4,Impossibrew,1277,16-Jan-22,7-Apr-22,27-Jan-22,Liquor/Alcohol,Non-alcoholic beer,,4.18,BBC One,,,,,Mark Wong,0,45000,10,450000,0,,,,,,,,,,,,,,,,,,,,,,,,,,,,1,1,,,1,1,
19,4,OpalEco,1278,16-Jan-22,7-Apr-22,27-Jan-22,Green/CleanTech,Eco-friendly cleaning spray,,4.18,BBC One,,,,,Louis Claeys,0,85000,20,425000,0,,,,,,,,,,,,,,,,,,,,,,,,,,,,1,1,,,1,1,
19,4,TheLittleLoop,1279,16-Jan-22,7-Apr-22,27-Jan-22,Software/Tech,Clothes swapping monthly-subscription website,,4.18,BBC One,,,,,Charlotte Morley,0,75000,25,300000,1,1,1,140000,25,560000,2,70000,12.5,,,,,,,70000,12.5,,,,,,,,,70000,12.5,StevenBartlett,1,1,,,1,1,1
19,5,Berczy,1280,16-Jan-22,7-Apr-22,3-Feb-22,Liquor/Alcohol,Alcoholic sparkling water / seltzer,,3.94,BBC One,,,,,Nick Johnson and Nick Graham,1,120000,10,1200000,0,,,,,,,,,,,,,,,,,,,,,,,,,,,,1,1,,,1,1,
19,5,BiscuitTin,1281,16-Jan-22,7-Apr-22,3-Feb-22,Software/Tech,Digital depository accessible after one's death,,3.94,BBC One,,,,,Sheila Hogan,0,50000,5,1000000,0,,,,,,,,,,,,,,,,,,,,,,,,,,,,1,1,,,1,1,
19,5,EscapeKentLtd,1282,16-Jan-22,7-Apr-22,3-Feb-22,Media/Entertainment,Escape room adventure course,,3.94,BBC One,,,,,Chris and Michael Knell,1,100000,25,400000,1,1,0,,,,,,,,,,,,,,,,,,,,,,,,,,1,1,,,1,1,
19,5,Monarch'sCrisps,1283,16-Jan-22,7-Apr-22,3-Feb-22,Food and Beverage,Pure cheese flavoured crisps,,3.94,BBC One,,,,,Grigore Davideanu and Alexandru Rus,1,,,,0,,,,,,,,,,,,,,,,,,,,,,,,,,,,1,1,,,1,1,
19,5,OddBall,1284,16-Jan-22,7-Apr-22,3-Feb-22,Software/Tech,App connecting to balls creating music,,3.94,BBC One,,,,,Pasquale Totaro and Nathan Webb,1,100000,10,1000000,1,0,,,,,,,,,,,,,,,,,,,,,,,,,,,1,1,,,1,1,
19,5,SmileTime,1285,16-Jan-22,7-Apr-22,3-Feb-22,Health/Wellness,Teeth whitening oral cosmetics,,3.94,BBC One,,,,,Natalie Quail,0,50000,20,250000,1,1,0,,,,,,,,,,,,,,,,,,,,,,,,,,1,1,,,1,1,
19,6,LittleHoppabySophie,1286,16-Jan-22,7-Apr-22,10-Feb-22,Green/CleanTech,Eco friendly baby-cot,,3.76,BBC One,,,,,Sofie Hepworth,0,75000,45,166667,1,1,1,100000,45,222222,1,100000,45,,,,,,,,,,,,,100000,45,,,,,,1,1,,,1,1,
19,6,LondonNootropics,1287,16-Jan-22,7-Apr-22,10-Feb-22,Food and Beverage,Coffee blends with natural nootropic,,3.76,BBC One,,,,,Shehzaad Shaikh and Zain Peir,1,50000,30,166667,1,1,0,,,,,,,,,,,,,,,,,,,,,,,,,,1,1,,,1,1,
19,6,Wype,1288,16-Jan-22,7-Apr-22,10-Feb-22,Lifestyle/Home,Gel spray for toilet rolls flushable toilet wipes,https://wypeuk.com/,3.76,BBC One,Couple,Medium,,,Giorgia Granata and Eli Khrapko,1,50000,2,2500000,1,0,,,,,,,,,,,,,,,,,,,,,,,,,,,1,1,,,1,1,
19,7,BottleShotBrew,1289,16-Jan-22,7-Apr-22,17-Feb-22,Food and Beverage,Canned cold coffee beverages,,3.78,BBC One,,,,,Annie Mitchell,0,80000,10,800000,1,1,0,,,,,,,,,,,,,,,,,,,,,,,,,,1,1,,,1,1,
19,7,GreenBellPackaging,1290,16-Jan-22,7-Apr-22,17-Feb-22,Green/CleanTech,Sustainable plastic free packaging,,3.78,BBC One,,,,,Mohammad Vahid Nagori and Thibault Denis,1,150000,7.5,2000000,0,,,,,,,,,,,,,,,,,,,,,,,,,,,,1,1,,,1,1,
19,7,ToucanGiving,1291,16-Jan-22,7-Apr-22,17-Feb-22,Software/Tech,App donating to charities,,3.78,BBC One,,,,,Matthew Crate and Melody Truong,1,85000,10,850000,1,1,0,,,,,,,,,,,,,,,,,,,,,,,,,,1,1,,,1,1,
19,7,TurboRocks,1292,16-Jan-22,7-Apr-22,17-Feb-22,Fitness/Sports/Outdoors,Indoor cycling device,,3.78,BBC One,,,,,Steven Murr,0,80000,40,200000,1,1,0,,,,,,,,,,,,,,,,,,,,,,,,,,1,1,,,1,1,
19,8,GetFussy,1293,16-Jan-22,7-Apr-22,24-Feb-22,Fashion/Beauty,Refillable deodrant,,3.92,BBC One,,,,,Edward Fisher and Matthew Kennedy,1,50000,5,1000000,1,1,1,50000,5,1000000,2,25000,2.5,,,,,25000,2.5,25000,2.5,,,,,,,,,,,,1,1,,,1,1,
19,8,O'DonnellMoonshineandLiquor,1294,16-Jan-22,7-Apr-22,24-Feb-22,Liquor/Alcohol,Alcoholic mason Jars based on American Prohibition,,3.92,BBC One,,,,,Maximilian Reuther,0,200000,5,4000000,0,,,,,,,,,,,,,,,,,,,,,,,,,,,,1,1,,,1,1,
19,8,Votch,1295,16-Jan-22,7-Apr-22,24-Feb-22,Lifestyle/Home,Vegan watch straps,,3.92,BBC One,,,,,Laura Way,0,100000,10,1000000,0,,,,,,,,,,,,,,,,,,,,,,,,,,,,1,1,,,1,1,
19,8,WagIt,1296,16-Jan-22,7-Apr-22,24-Feb-22,Pet Products,Online booking service for dog friendly venues,,3.92,BBC One,,,,,Nadia Leguel,0,50000,5.5,909091,0,,,,,,,,,,,,,,,,,,,,,,,,,,,,1,1,,,1,1,
19,9,Floreatsparklingbotanicwine,1297,16-Jan-22,7-Apr-22,3-Mar-22,Liquor/Alcohol,Sparkling wine low in calories and sulphates and high in biodynamic botanicals,,4.15,BBC One,,,,,Anne-Marie Hurst,0,50000,5,1000000,0,,,,,,,,,,,,,,,,,,,,,,,,,,,,1,1,,,1,1,
19,9,RBRLegflow,1298,16-Jan-22,7-Apr-22,3-Mar-22,Health/Wellness,Device preventing deep vein thrombosis,https://www.rbrlegflow.com/,4.15,BBC One,,,,,Paul Westerman,0,50000,35,142857,1,1,0,,,,,,,,,,,,,,,,,,,,,,,,,,1,1,,,1,1,
19,9,Toddle,1299,16-Jan-22,7-Apr-22,3-Mar-22,Children/Education,Vegan gentle skincare for children,,4.15,BBC One,,,,,Hannah Saunders,0,60000,13,461538,1,1,1,60000,13,461538,2,30000,6.5,,,,yes,,,30000,6.5,,,,,,,,,30000,6.5,StevenBartlett,1,1,,,1,1,1
19,10,BooksThatMatter,1300,16-Jan-22,7-Apr-22,10-Mar-22,Lifestyle/Home,Subscription delivery service for books with female authors,,3.85,BBC One,Female,Medium,,,Molly Masters,0,50000,5,1000000,1,0,,,,,,,,,,,,,,,,,,,,,,,,,,,1,1,,,1,1,
19,10,TheDetectiveSociety,1301,16-Jan-22,7-Apr-22,10-Mar-22,Fitness/Sports/Outdoors,Mystery puzzle games,,3.85,BBC One,,,,,Daniel Wiseman and Joseph Mills,1,75000,25,300000,1,1,0,,,,,,,,,,,,,,,,,,,,,,,,,,1,1,,,1,1,
19,10,ökoform,1302,16-Jan-22,7-Apr-22,10-Mar-22,Business Services,Self-heating desks for home and office use,https://okoform.com/,3.85,BBC One,Male,Medium,,,Peter Waine,0,70000,15,466667,0,,,,,,,,,,,,,,,,,,,,,,,,,,,,,,,,,,
19,10,RussellAndAtwell,1303,16-Jan-22,7-Apr-22,10-Mar-22,Food and Beverage,Fresh chocolate business,https://www.russellandatwell.com/,3.85,BBC One,Male,Medium,,,Steve Russell and Giles Attwell,1,90000,9,1000000,1,1,0,,,,,,,,,,,,,,,,,,,,,,,,,,,,,,,,
19,11,CaribeCoffeeCompany,1304,16-Jan-22,7-Apr-22,17-Mar-22,Food and Beverage,Ethically sourced and farmed coffee,,3.65,BBC One,,,,,Wilmer and Elle Carcamo,1,30000,25,120000,1,0,,,,,,,,,,,,,,,,,,,,,,,,,,,1,1,,,1,1,
19,11,Let'sSanitise,1305,16-Jan-22,7-Apr-22,17-Mar-22,Fashion/Beauty,Selection of vegan scented hand-sanitising gels,,3.65,BBC One,,,,,Josh Cummins and Lee Hoppen,1,80000,25,320000,1,1,1,80000,25,320000,2,40000,12.5,,,,yes,40000,12.5,,,,,,,40000,12.5,,,,,,1,1,,,1,1,
19,11,Neowalk,1306,16-Jan-22,7-Apr-22,17-Mar-22,Lifestyle/Home,Neo light and stylish walking aids,,3.65,BBC One,,,,,Lyndsay Watterson,0,80000,15,533333,0,,,,,,,,,,,,,,,,,,,,,,,,,,,,1,1,,,1,1,
19,11,TheSavourists,1307,16-Jan-22,7-Apr-22,17-Mar-22,Food and Beverage,Healthy seed based snack bars,,3.65,BBC One,,,,,Harry Turpin,0,,,,0,,,,,,,,,,,,,,,,,,,,,,,,,,,,1,1,,,1,1,
19,11,Whering,1308,16-Jan-22,7-Apr-22,17-Mar-22,Software/Tech,App recommending dress co-ordination,,3.65,BBC One,,,,,Bianca Rangecroft,0,100000,4,2500000,0,,,,,,,,,,,,,,,,,,,,,,,,,,,,1,1,,,1,1,
19,12,DelhiciousBody,1309,16-Jan-22,7-Apr-22,24-Mar-22,Fashion/Beauty,Vegan skin-care brand,,3.62,BBC One,,,,,Zara Saleem,0,50000,15,333333,0,,,,,,,,,,,,,,,,,,,,,,,,,,,,1,1,,,1,1,
19,12,LoveRoseLingerie,1310,16-Jan-22,7-Apr-22,24-Mar-22,Fashion/Beauty,Luxury laundry brand for breast cancer sufferers,https://loverose.me/,3.62,BBC One,Female,Medium,,,Sarah Bell-Jones and Caroline Kennedy-Alexander,1,70000,15,466667,0,,,,,,,,,,,,,,,,,,,,,,,,,,,,1,1,,,1,1,
19,12,PantherMilk,1311,16-Jan-22,7-Apr-22,24-Mar-22,Food and Beverage,Plant based milk cocktails,,3.62,BBC One,,,,,Paul Crawford,0,50000,25,200000,1,1,0,,,,,,,,,,,,,,,,,,,,,,,,,,1,1,,,1,1,
19,12,SauceStreamLtd,1312,16-Jan-22,7-Apr-22,24-Mar-22,Business Services,Squeeze bottles made from glass,,3.62,BBC One,,,,,Ian Worton and Peter Neath,1,75000,33,227273,1,1,0,,,,,,,,,,,,,,,,,,,,,,,,,,1,1,,,1,1,
19,13,BambinoCrayons,1313,16-Jan-22,7-Apr-22,31-Mar-22,Children/Education,Clay crayons alternative to wax,,3.49,BBC One,,,,,Katarzyna Kania,0,70000,15,466667,0,,,,,,,,,,,,,,,,,,,,,,,,,,,,1,1,,,1,1,
19,13,CityMaaS,1314,16-Jan-22,7-Apr-22,31-Mar-22,Software/Tech,Global accessibility website assisting the disabled,,3.49,BBC One,,,,,"Louis Castro, Andrew and Rene Perkins",1,100000,5,2000000,0,,,,,,,,,,,,,,,,,,,,,,,,,,,,1,1,,,1,1,
19,13,GasmDrinks,1315,16-Jan-22,7-Apr-22,31-Mar-22,Liquor/Alcohol,Champagne gin cocktails,,3.49,BBC One,,,,,"Tommy Lads, Richard and Samantha Davies",1,50000,15,333333,0,,,,,,,,,,,,,,,,,,,,,,,,,,,,1,1,,,1,1,
19,13,Pipesnug,1316,16-Jan-22,7-Apr-22,31-Mar-22,Business Services,Pipe sealing aid,,3.49,BBC One,,,,,Christopher Burdett and Alex Lever,1,100000,30,333333,1,1,0,,,,,,,,,,,,,,,,,,,,,,,,,,1,1,,,1,1,
19,13,PrettyMamaBreastfeeding,1317,16-Jan-22,7-Apr-22,31-Mar-22,Fashion/Beauty,Easy access maternity wear,https://prettymama.co.uk/,3.49,BBC One,Female,Medium,,,Alex and Jenny McFadden,1,30000,20,150000,1,1,0,,,,,,,,,,,,,,,,,,,,,,,,,,1,1,,,1,1,
19,14,CaffeineBullet,1318,16-Jan-22,7-Apr-22,7-Apr-22,Food and Beverage,Caffeine energy chews,,3.4,BBC One,,,,,David Hellard,0,60000,25,240000,1,1,1,60000,25,240000,2,30000,12.5,,,,yes,30000,12.5,,,,,,,,,,,30000,12.5,StevenBartlett,1,1,,,1,1,1
19,14,MarchMuses,1319,16-Jan-22,7-Apr-22,7-Apr-22,Fashion/Beauty,Ethnically diverse Christmas decorations,,3.4,BBC One,,,,,Natalie Duvall and Alison Burton,1,50000,30,166667,1,1,1,50000,30,166667,2,25000,15,,,,,25000,15,25000,15,,,,,,,,,,,,1,1,,,1,1,
19,14,MesoaforMen,1320,16-Jan-22,7-Apr-22,7-Apr-22,Fashion/Beauty,Skin and hair care range for men,,3.4,BBC One,,,,,Matt Jones,0,66000,35,188571,1,1,0,,,,,,,,,,,,,,,,,,,,,,,,,,1,1,,,1,1,
19,14,TheTinyWorkbench,1321,16-Jan-22,7-Apr-22,7-Apr-22,Lifestyle/Home,Self crafted tabletop workbenches,,3.4,BBC One,,,,,Victoria Barry and Michael Robinson,1,60000,30,200000,0,,,,,,,,,,,,,,,,,,,,,,,,,,,,1,1,,,1,1,
19,14,View-YouCam,1322,16-Jan-22,7-Apr-22,7-Apr-22,Software/Tech,Web camera aiding eye contact on conference calls,,3.4,BBC One,,,,,Jonathan Pikeit and Daniel Baker,1,150000,15,1000000,0,,,,,,,,,,,,,,,,,,,,,,,,,,,,1,1,,,1,1,
20,1,CarriedbyFarino,1323,5-Jan-23,6-Apr-23,5-Jan-23,Lifestyle/Home,Portable luggage bags and carrier,https://www.carriedbyfarino.com/,4.29,BBC One,Female,Medium,,,Poala Farino,0,75000,15,500000,0,,,,,,,,,,,,,,,,,,,,,,,,,,,,1,1,,,1,1,
20,1,DragDiva,1324,5-Jan-23,6-Apr-23,5-Jan-23,Fashion/Beauty,Exercise classes with a drag queen,www.dragdivafit.co.uk,4.29,BBC One,,,,,Jordan and Nicholas McInerny,1,50000,,,0,,,,,,,,,,,,,,,,,,,,,,,,,,,,1,1,,,1,1,
20,1,PsychicSisters,1325,5-Jan-23,6-Apr-23,5-Jan-23,Fashion/Beauty,"Range of candles, cosmetics and aromatherapy",,4.29,BBC One,,,,,Grace Frost and Jane Wallace,1,50000,10,500000,1,1,1,50000,10,500000,2,25000,5,,,,,,,25000,5,,,,,,,25000,5,,,,1,1,,,1,1,
20,1,Tabuu,1326,5-Jan-23,6-Apr-23,5-Jan-23,Health/Wellness,Portable case for medication tablets,https://wearetabuu.com/,4.29,BBC One,Female,Young,London,,Lucy Rout,0,50000,25,200000,1,1,0,,,,,,,,,,,,,,,,,,,,,,,,,,1,1,,,1,1,
20,1,TempleWellness,1327,5-Jan-23,6-Apr-23,5-Jan-23,Fashion/Beauty,TMPL Skincare products for men with dark skin,https://www.tmpl.care/,4.29,BBC One,Male,Young,,,Raphael Babalola and Adam Hutchinson,1,50000,2.5,2000000,1,1,1,50000,10,500000,1,50000,10,,,,,,,,,,,,,,,,,50000,10,StevenBartlett,1,1,,,1,1,1
20,2,BedStretch,1328,5-Jan-23,6-Apr-23,12-Jan-23,Lifestyle/Home,Headboards extending lengths of beds,https://www.bedstretch.co.uk/,4,BBC One,Couple,Old,,,Chris and Martin Andrew,1,80000,20,400000,0,,,,,,,,,,,,,,,,,,,,,,,,,,,,1,1,,,1,1,
20,2,BigClothing4You,1329,5-Jan-23,6-Apr-23,12-Jan-23,Fashion/Beauty,Large sized clothing for men,,4,BBC One,,,,,Benjamin Pearson,0,150000,35,428571,1,1,1,150000,35,428571,1,150000,35,,,,,,,,,,,,,150000,35,,,,,,1,1,,,1,1,
20,2,JustLend,1330,5-Jan-23,6-Apr-23,12-Jan-23,Software/Tech,Financial loan management for borrowing from family and friends.,https://justlend.co/,4,BBC One,Male,Medium,,,Craig Smith,0,100000,2,5000000,1,1,1,100000,10,1000000,1,100000,10,,,,,,,,,,,,,,,,,100000,10,StevenBartlett,1,1,,,1,1,1
20,2,PopandBark,1331,5-Jan-23,6-Apr-23,12-Jan-23,Pet Products,Events organisers for dogs,,4,BBC One,,,,,James Morgan and Anushka Fernando,1,35000,20,175000,1,0,,,,,,,,,,,,,,,,,,,,,,,,,,,1,1,,,1,1,
20,3,GrowSowSimple,1332,5-Jan-23,6-Apr-23,19-Jan-23,Fitness/Sports/Outdoors,Biodegradable pods for home-grown herbs and vegetables,http://www.growsowsimple.com/,3.89,BBC One,Male,Medium,,,Daniel Robson,0,80000,10,800000,1,1,1,80000,20,400000,1,80000,20,,,,,,,,,,,,,,,80000,20,,,,1,1,,,1,1,
20,3,Nana'sChutneys,1333,5-Jan-23,6-Apr-23,19-Jan-23,Food and Beverage,Range of gluten-free and vegan friendly chutneys,https://nanaschutneys.com/,3.89,BBC One,Mixed Team,Medium,,,Vandana and Kunal Nanavati,1,40000,20,200000,0,,,,,,,,,,,,,,,,,,,,,,,,,,,,1,1,,,1,1,
20,3,PotionParis,1334,5-Jan-23,6-Apr-23,19-Jan-23,Green/CleanTech,Vegan and eco friendly perfumes,https://potionparis.com/,3.89,BBC One,Mixed Team,Medium,,,"Suzanne Haines, Astyn Demaine and Omar Mian",1,50000,6,833333,1,1,0,,,,,,,,,,,,,,,,,,,,,,,,,,1,1,,,1,1,
20,3,RoadRower,1335,5-Jan-23,6-Apr-23,19-Jan-23,Fitness/Sports/Outdoors,Outdoor exercise machine combining rowing and cycling,,3.89,BBC One,,,,,Rupert Cattell,0,50000,10,500000,0,,,,,,,,,,,,,,,,,,,,,,,,,,,,1,1,,,1,1,
20,4,BidePlanet,1336,5-Jan-23,6-Apr-23,26-Jan-23,Green/CleanTech,Self manufactured eco-friendly cleaning products,https://www.bideplanet.com/,4.24,BBC One,Female,Medium,London,,Amelia Gammon,0,80000,5,1600000,1,1,0,,,,,,,,,,,,,,,,,,,,,,,,,,1,1,,,1,1,
20,4,EthicalBedding,1337,5-Jan-23,6-Apr-23,26-Jan-23,Lifestyle/Home,Duvets and mattresses made from eucalyptus,https://ethicalbedding.com/,4.24,BBC One,,,,,James Higgins,0,150000,50,300000,1,0,,,,,,,,,,,,,,,,,,,,,,,,,,,1,1,,,1,1,
20,4,PopUpChessSet,1338,5-Jan-23,6-Apr-23,26-Jan-23,Lifestyle/Home,Portable and foldable chess sets,https://www.hawcockbooks.co.uk/,4.24,BBC One,Male,Medium,,,David Hawcock,0,40000,20,200000,1,1,0,,,,,,,,,,,,,,,,,,,,,,,,,,1,1,,,1,1,
20,4,SparkleButt,1339,5-Jan-23,6-Apr-23,26-Jan-23,Fashion/Beauty,Gender neutral sparkled party wear,https://sparklebutt.co.uk/,4.24,BBC One,Female,Medium,,,Ashlee Ackland,0,50000,20,250000,0,,,,,,,,,,,,,,,,,,,,,,,,,,,,1,1,,,1,1,
20,5,VanGuardian,1340,5-Jan-23,6-Apr-23,2-Feb-23,Automotive,Car alarm for vans,https://vanguardian.co.uk/,4.16,BBC One,Male,Medium,,,Michael Horsfall,0,45000,10,450000,0,,,,,,,,,,,,,,,,,,,,,,,,,,,,1,1,,,1,1,
20,5,FluxBlowpipe,1341,5-Jan-23,6-Apr-23,2-Feb-23,Uncertain/Other,Bagpipe accessory that absorbs moisture,,4.16,BBC One,,,,,Robbie MacIsaac,0,,,,0,,,,,,,,,,,,,,,,,,,,,,,,,,,,1,1,,,1,1,
20,5,MorayLukeProducts,1342,5-Jan-23,6-Apr-23,2-Feb-23,Fashion/Beauty,Handbags made from fish leather,https://morayluke.com/,4.16,BBC One,Female,Medium,,,Moray Luke,0,30000,20,150000,0,,,,,,,,,,,,,,,,,,,,,,,,,,,,1,1,,,1,1,
20,5,Shocal,1343,5-Jan-23,6-Apr-23,2-Feb-23,Software/Tech,Delivery app for local businesses,,4.16,BBC One,,,,,Max Thorley and Ashley Washington,1,80000,30,266667,1,1,0,,,,,,,,,,,,,,,,,,,,,,,,,,1,1,,,1,1,
20,5,HazeCards,1344,5-Jan-23,6-Apr-23,2-Feb-23,Lifestyle/Home,Custom metal credit and debit cards,www.hazecards.com,4.16,BBC One,Male,Young,,,Myles Dickinson-Brown,0,35000,35,100000,1,1,1,35000,35,100000,1,35000,35,,,,,,,,,,,,,,,,,35000,35,StevenBartlett,1,1,,,1,1,1
20,6,TheDog-G8,1345,5-Jan-23,6-Apr-23,9-Feb-23,Pet Products,Retractable and portable safety gates,https://www.dog-g8.com/,3.97,BBC One,Male,Medium,,,Peter and Chris Maxted,1,50000,10,500000,1,1,1,50000,20,250000,1,50000,20,,,,,,,50000,20,,,,,,,,,,,,1,1,,,1,1,
20,6,AdaptAbilityOmeo,1346,5-Jan-23,6-Apr-23,9-Feb-23,Health/Wellness,Hands-free wheelchairs,https://www.myadaptability.co.uk/,3.97,BBC One,Male,Medium,,,Matthew Walker and Cristian Brownlee,1,40000,5,800000,1,1,0,,,,,,,,,,,,,,,,,,,,,,,,,,1,1,,,1,1,
20,6,SecondHandStyling,1347,5-Jan-23,6-Apr-23,9-Feb-23,Fashion/Beauty,Clothes-swapping service funded by subscriptions,https://www.secondhandstyling.co.uk/,3.97,BBC One,Female,Medium,,,Lucy Norris,0,70000,12,583333,0,,,,,,,,,,,,,,,,,,,,,,,,,,,,1,1,,,1,1,
20,6,StreetFoodVentures,1348,5-Jan-23,6-Apr-23,9-Feb-23,Food and Beverage,Street food events,,3.97,BBC One,Male,Medium,,,Richard Johnson,0,60000,9,666667,0,,,,,,,,,,,,,,,,,,,,,,,,,,,,1,1,,,1,1,
20,7,KiddiWhizz,1349,5-Jan-23,6-Apr-23,16-Feb-23,Children/Education,Potty training aid for toddlers,https://kiddiwhizz.com/,3.82,BBC One,Female,Medium,,,Zoe Chapman,0,50000,10,500000,1,1,0,,,,,,,,,,,,,,,,,,,,,,,,,,1,1,,,1,1,
20,7,OtherFoods,1350,5-Jan-23,6-Apr-23,16-Feb-23,Food and Beverage,"Mushroom snacks Vegan, Gluten free",https://www.otherfoodsuk.com/,3.82,BBC One,Female,Young,,,Fan Yang,0,60000,10,600000,0,,,,,,,,,,,,,,,,,,,,,,,,,,,,1,1,,,1,1,
20,7,ThisIsUnfolded,1351,5-Jan-23,6-Apr-23,16-Feb-23,Green/CleanTech,Zero-waste fashion brand,https://thisisunfolded.com/,3.82,BBC One,Male,Medium,,,Cally Russell,0,75000,2,3750000,1,0,,,,,,,,,,,,,,,,,,,,,,,,,,,1,1,,,1,1,
20,7,Un:hurd,1352,5-Jan-23,6-Apr-23,16-Feb-23,Software/Tech,App promoting independent music artists,https://www.unhurdmusic.com/,3.82,BBC One,Male,Medium,,,Alex Brees,0,120000,4,3000000,1,1,0,,,,,,,,,,,,,,,,,,,,,,,,,,1,1,,,1,1,
20,8,Clear‘n’Collect,1353,5-Jan-23,6-Apr-23,23-Feb-23,Lifestyle/Home,Multipurpose garden tool,https://clearncollect.com/,3.78,BBC One,Couple,Medium,,,James and Sally-Anne Coneron,1,50000,10,500000,1,1,1,50000,25,200000,1,50000,25,,,,yes,,,,,,,,,,,50000,25,,,,1,1,,,1,1,
20,8,Planthood,1354,5-Jan-23,6-Apr-23,23-Feb-23,Food and Beverage,Subscription based vegan meal delivery,,3.78,BBC One,,,,,Hilary Kennedy and Will Moxham,1,75000,7.5,1000000,1,1,1,75000,7.5,1000000,1,75000,7.5,,,,,,,,,,,,,,,,,75000,7.5,StevenBartlett,1,1,,,1,1,1
20,8,SmartSnout,1355,5-Jan-23,6-Apr-23,23-Feb-23,Pet Products,Biometric technology and AI to protect pets against loss and theft,https://www.smartsnout.co.uk/,3.78,BBC One,Male,Medium,,,Bradley Watson and James Khan,1,50000,10,500000,0,,,,,,,,,,,,,,,,,,,,,,,,,,,,1,1,,,1,1,
20,8,Unhidden,1356,5-Jan-23,6-Apr-23,23-Feb-23,Fashion/Beauty,Fashion brand for the disabled,https://unhiddenclothing.com/,3.78,BBC One,Female,Medium,,,Victoria Jenkins,0,40000,5,800000,0,,,,,,,,,,,,,,,,,,,,,,,,,,,,1,1,,,1,1,
20,9,Bobhead,1357,5-Jan-23,6-Apr-23,2-Mar-23,Fitness/Sports/Outdoors,Motorcycle clothing and accessories,https://bobhead.co.uk/,3.74,BBC One,Male,Medium,,,Damien and Seb Harris,1,50000,10,500000,1,1,0,,,,,,,,,,,,,,,,,,,,,,,,,,1,1,,,1,1,
20,9,MateyMeasure,1358,5-Jan-23,6-Apr-23,2-Mar-23,Uncertain/Other,Aid for tape measure accuracy,https://mateymeasure.com/,3.74,BBC One,Male,Medium,,,Steve Capon and Mark Sheahan,1,80000,10,800000,0,,,,,,,,,,,,,,,,,,,,,,,,,,,,1,1,,,1,1,
20,9,TélleMoi,1359,5-Jan-23,6-Apr-23,2-Mar-23,Fashion/Beauty,Vegan hand crafted nail polish,https://www.tellemoi.co.uk/,3.74,BBC One,Female,Medium,,,Natel Allen,0,40000,20,200000,0,,,,,,,,,,,,,,,,,,,,,,,,,,,,1,1,,,1,1,
20,9,TheFobbit,1360,5-Jan-23,6-Apr-23,2-Mar-23,Lifestyle/Home,Multi-purpose key-ring,https://www.fobbit.co.uk/,3.74,BBC One,,,,,Peta Seymour,0,,,,0,,,,,,,,,,,,,,,,,,,,,,,,,,,,1,1,,,1,1,
20,9,PerfectTed,1361,5-Jan-23,6-Apr-23,2-Mar-23,Food and Beverage,"Organic, matcha-based energy drink",https://www.perfectted.com/,3.74,BBC One,Mixed Team,Young,,,Teddie Levenfiche and Marissa Poster,1,50000,5,1000000,1,1,1,50000,10,500000,2,25000,5,,,,,25000,5,,,,,,,,,,,25000,5,StevenBartlett,1,1,,,1,1,1
20,10,Nuddy,1362,5-Jan-23,6-Apr-23,9-Mar-23,Fashion/Beauty,Eco-friendly skincare products,https://nuddy.co.uk/,3.86,BBC One,Female,Medium,,,Kassi Emadi,0,70000,7,1000000,0,,,,,,,,,,,,,,,,,,,,,,,,,,,,1,1,,,1,1,
20,10,Fixits,1363,5-Jan-23,6-Apr-23,9-Mar-23,Lifestyle/Home,Mouldable fixing sticks,https://www.fixits.com/,3.86,BBC One,Male,Medium,,,Chris Lefteri and Forrest Radford,1,45000,12,375000,1,1,0,,,,,,,,,,,,,,,,,,,,,,,,,,1,1,,,1,1,
20,10,FootballBillionaire,1364,5-Jan-23,6-Apr-23,9-Mar-23,Media/Entertainment,"Monopoly based board game for football clubs, players and stadiums",,3.86,BBC One,,,,,Raj and Sheh Sharma,1,50000,20,250000,1,1,0,,,,,,,,,,,,,,,,,,,,,,,,,,1,1,,,1,1,
20,10,RedcoteLeisureLtd,1365,5-Jan-23,6-Apr-23,9-Mar-23,Fitness/Sports/Outdoors,Micro-campervans and accessories,https://redcoteleisure.co.uk/,3.86,BBC One,Male,Medium,,,Jason Gledhill,0,100000,10,1000000,1,1,1,100000,15,666667,1,100000,15,,,,yes,,,,,,,,,,,100000,15,,,,1,1,,,1,1,
20,11,BeansCoffeeClub,1366,5-Jan-23,6-Apr-23,16-Mar-23,Food and Beverage,Coffee subscription club,https://beanscoffeeclub.com/,3.79,BBC One,,,,,Richard and Fiona Jones,1,50000,15,333333,1,1,0,,,,,,,,,,,,,,,,,,,,,,,,,,1,1,,,1,1,
20,11,ChiqueSport,1367,5-Jan-23,6-Apr-23,16-Mar-23,Fitness/Sports/Outdoors,Sportswear for ice-skating,https://chiquesport.com/,3.79,BBC One,Female,Medium,,,Jenna McCorkell,0,100000,7.5,1333333,0,,,,,,,,,,,,,,,,,,,,,,,,,,,,1,1,,,1,1,
20,11,onHand,1368,5-Jan-23,6-Apr-23,16-Mar-23,Software/Tech,Community support app,,3.79,BBC One,,,,,Sanjay Lobo,0,100000,10,1000000,1,1,0,,,,,,,,,,,,,,,,,,,,,,,,,,1,1,,,1,1,
20,11,TheXtraHand,1369,5-Jan-23,6-Apr-23,16-Mar-23,Lifestyle/Home,Hands-free dust extraction tool,https://xtrahand.net/,3.79,BBC One,,,,,Alan Gillett,0,40000,25,160000,1,1,0,,,,,,,,,,,,,,,,,,,,,,,,,,1,1,,,1,1,
20,12,Botanycl,1370,5-Jan-23,6-Apr-23,23-Mar-23,Health/Wellness,Plant-based supplement brand,https://botanycl.co.uk/,3.36,BBC One,Female,Medium,,,Caroline Sims,0,60000,10,600000,1,1,1,60000,25,240000,2,30000,12.5,,,,yes,30000,12.5,,,,,,,,,,,30000,12.5,StevenBartlett,1,1,,,1,1,1
20,12,Grip+Glow,1371,5-Jan-23,6-Apr-23,23-Mar-23,Fitness/Sports/Outdoors,Skincare range designed for the pole fitness,https://www.gripandglow.co.uk/,3.36,BBC One,Female,Medium,London,,Lisa Hickey,0,30000,10,300000,0,,,,,,,,,,,,,,,,,,,,,,,,,,,,1,1,,,1,1,
20,12,MyChocolateShop,1372,5-Jan-23,6-Apr-23,23-Mar-23,Food and Beverage,Personalised chocolate products,https://www.mychocolateshop.co.uk/,3.36,BBC One,Male,Medium,,,Hamza Shah and Steve Victor,1,40000,10,400000,1,1,1,40000,30,133333,1,40000,30,,,,,,,,,,,,,,,40000,30,,,,1,1,,,1,1,
20,12,ThePotion'sCauldron,1373,5-Jan-23,6-Apr-23,23-Mar-23,Fitness/Sports/Outdoors,Wizard-themed golf course,,3.36,BBC One,,,,,Ben Fry and Phil Pinder,1,200000,33,606061,1,0,,,,,,,,,,,,,,,,,,,,,,,,,,,1,1,,,1,1,
20,13,DandiLondon,1374,5-Jan-23,6-Apr-23,30-Mar-23,Fashion/Beauty,Armpit sweat patches,https://www.dandipatch.com/,3.3,BBC One,Female,Medium,,,Thersea Pope,0,150000,30,500000,0,,,,,,,,,,,,,,,,,,,,,,,,,,,,1,1,,,1,1,
20,13,Handisure,1375,5-Jan-23,6-Apr-23,30-Mar-23,Lifestyle/Home,Door finger guard,,3.3,BBC One,,,,,Dr Nilantha Pulathis Siriwardana and Siddhi Siriwardana,1,60000,8,750000,0,,,,,,,,,,,,,,,,,,,,,,,,,,,,1,1,,,1,1,
20,13,Quarter,1376,5-Jan-23,6-Apr-23,30-Mar-23,Liquor/Alcohol,Gin at 12% ABV,,3.3,BBC One,,,,,Fabian Clark and Rohan Radhakrishnan,1,50000,10,500000,1,0,,,,,,,,,,,,,,,,,,,,,,,,,,,1,1,,,1,1,
20,13,Bellybambino,1377,5-Jan-23,6-Apr-23,30-Mar-23,Children/Education,Wicker baskets for children,https://www.bellybambino.com/,3.3,BBC One,Couple,Medium,,,Helen and Mark Chapman,1,60000,20,300000,1,1,0,,,,,,,,,,,,,,,,,,,,,,,,,,1,1,,,1,1,
20,14,HelloKlean,1378,5-Jan-23,6-Apr-23,6-Apr-23,Green/CleanTech,Showercare ecosystems reducing minerals and contaminants,https://helloklean.com/,2.92,BBC One,Couple,Medium,,,Karlee and Omar Ozener,1,100000,2,5000000,1,1,0,,,,,,,,,,,,,,,,,,,,,,,,,,1,1,,,1,1,
20,14,ScotchGaloreWhiskies,1379,5-Jan-23,6-Apr-23,6-Apr-23,Liquor/Alcohol,Whisky auction website,,2.92,BBC One,,,,,Steven and Jacqueline Pyne,1,65000,10,650000,0,,,,,,,,,,,,,,,,,,,,,,,,,,,,1,1,,,1,1,
20,14,SolarBuddies,1380,5-Jan-23,6-Apr-23,6-Apr-23,Children/Education,Suncream applicator for children,https://www.solarbuddies.co.uk/,2.92,BBC One,Female,Medium,,,Kelli Aspland and Laura Water,1,80000,10,800000,1,1,1,80000,20,400000,2,40000,10,,,,,40000,10,40000,10,,,,,,,,,,,,1,1,,,1,1,
20,14,MoodBears,1381,5-Jan-23,6-Apr-23,6-Apr-23,Children/Education,Teddy bear brand,https://moodbears.com/,2.92,BBC One,Female,Medium,,,Jo Proud,0,20000,10,200000,1,1,1,20000,25,80000,5,4000,5,,,,,4000,5,4000,5,,,,,4000,5,4000,5,4000,5,StevenBartlett,1,1,,,1,1,1
21,1,LuxeCollective,1382,4-Jan-24,4-Apr-24,4-Jan-24,Business Services,Luxury second-hand marketplace,,3.55,BBC One,,,,,"Oliver John-Miller, Benjamin and Joseph Gallagher",1,100000,3,3333333,1,1,1,100000,3,3333333,1,100000,3,,,,,,,,,,,,,,,,,100000,3,StevenBartlett,1,1,,,1,1,1
21,1,PeggyRainLtd,1383,4-Jan-24,4-Apr-24,4-Jan-24,Green/CleanTech,Eco-friendly protection for washing lines,,3.55,BBC One,,,,,Colin O’Brien,0,80000,45,177778,1,1,1,80000,45,177778,1,80000,45,,,,yes,,,,,,,,,80000,45,,,,,,1,1,,,1,1,
21,1,PopSpecs,1384,4-Jan-24,4-Apr-24,4-Jan-24,Health/Wellness,Express manufactured spectacles,,3.55,BBC One,,,,,Daniel Barnes and Rosalina Tejoprayinto,1,75000,12,625000,1,1,0,,,,,,,,,,,,,,,,,,,,,,,,,,1,1,,,1,1,
21,1,StandoutEnterprisesLtd,1385,4-Jan-24,4-Apr-24,4-Jan-24,Fashion/Beauty,Socks company employing people who have learning-disabilities,https://www.standoutsocks.co.uk/,3.55,BBC One,,,,,"Christian and Ross Liang, and Natalie Dickenson",1,30000,20,150000,1,1,1,30000,20,150000,2,15000,10,,,,,15000,10,,,,,,,,,,,15000,10,StevenBartlett,1,1,,,1,1,1
21,2,AboveBelow,1386,4-Jan-24,4-Apr-24,11-Jan-24,Fitness/Sports/Outdoors,Tow raft for swimhiking rucksacks,,3.63,BBC One,,,,,William Watt,0,100000,5,2000000,0,,,,,,,,,,,,,,,,,,,,,,,,,,,,1,1,,,1,1,
21,2,NINIOrganics,1387,4-Jan-24,4-Apr-24,11-Jan-24,Fashion/Beauty,Organic skincare products,,3.63,BBC One,,,,,Alexander Nicolaou and Nicole Stanton,1,50000,20,250000,1,1,1,50000,20,250000,2,25000,10,,,,,25000,10,,,,,,,,,,,25000,10,StevenBartlett,1,1,,,1,1,1
21,2,RenterScore,1388,4-Jan-24,4-Apr-24,11-Jan-24,Business Services,Advisory services for mortgages based on rent paid,https://renterscore.co.uk/,3.63,BBC One,,,,,Dr Chanise Thompson and Shanett Thompson,1,50000,15,333333,0,,,,,,,,,,,,,,,,,,,,,,,,,,,,1,1,,,1,1,
21,2,TheSecretGardenGlamping,1389,4-Jan-24,4-Apr-24,11-Jan-24,Lifestyle/Home,Luxury glamping destination,https://www.thesecretgardenglamping.uk/,3.63,BBC One,,,,,Derry Green,0,100000,5,2000000,1,1,0,,,,,,,,,,,,,,,,,,,,,,,,,,1,1,,,1,1,
21,3,AcuSeeds,1390,4-Jan-24,4-Apr-24,18-Jan-24,Health/Wellness,Needle-free ear acupuncture,,3.99,BBC One,,,,,Giselle Boxer,0,50000,12.5,400000,1,1,0,,,,,,,,,,,,,,,,,,,,,,,,,,1,1,,,1,1,
21,3,BCBootsUK,1391,4-Jan-24,4-Apr-24,18-Jan-24,Fitness/Sports/Outdoors,Match worn and player issued football boots,,3.99,BBC One,,,,,Billy Childs,0,100000,10,1000000,0,,,,,,,,,,,,,,,,,,,,,,,,,,,,1,1,,,1,1,
21,3,CosyCinema,1392,4-Jan-24,4-Apr-24,18-Jan-24,Business Services,Pod sized cinema booths,,3.99,BBC One,,,,,Sian and John Colderly,1,60000,20,300000,1,1,0,,,,,,,,,,,,,,,,,,,,,,,,,,1,1,,,1,1,
21,3,FullPowerCacao,1393,4-Jan-24,4-Apr-24,18-Jan-24,Food and Beverage,Cacao powered energy drink,,3.99,BBC One,,,,,Liam Brown,0,50000,25,200000,1,1,0,,,,,,,,,,,,,,,,,,,,,,,,,,1,1,,,1,1,
21,4,Kimaï,1394,4-Jan-24,4-Apr-24,25-Jan-24,Fashion/Beauty,Fine jewellery line,,4.13,BBC One,,,,,Jessica Warch and Sidney Neuhaus,1,250000,3,8333333,1,1,1,250000,3,8333333,1,250000,3,,,,,,,,,,,,,,,,,250000,3,StevenBartlett,1,1,,,1,1,1
21,4,PavanBeauty,1395,4-Jan-24,4-Apr-24,25-Jan-24,Fashion/Beauty,South Asian beauty regime,,4.13,BBC One,,,,,Pavan Dhanjal,0,50000,40,125000,1,1,1,50000,40,125000,1,50000,40,,,,yes,,,,,,,,,50000,40,,,,,,1,1,,,1,1,
21,4,PolaPoles,1396,4-Jan-24,4-Apr-24,25-Jan-24,Food and Beverage,Alternative to ice lollys,https://polapoles.co.uk/,4.13,BBC One,,,,,Isaac Tambini,0,50000,15,333333,0,,,,,,,,,,,,,,,,,,,,,,,,,,,,1,1,,,1,1,
21,4,TheStoneAgeCompany,1397,4-Jan-24,4-Apr-24,25-Jan-24,Software/Tech,Stone-age education and work shops,,4.13,BBC One,,,,,Daniel Westall and Naomi Walmsley,1,40000,20,200000,0,,,,,,,,,,,,,,,,,,,,,,,,,,,,1,1,,,1,1,
21,5,InventorCat,1398,4-Jan-24,4-Apr-24,1-Feb-24,Pet Products,Toothbrush for cats,,4.02,BBC One,,,,,Victor Carpio,0,45000,40,112500,1,1,0,,,,,,,,,,,,,,,,,,,,,,,,,,1,1,,,1,1,
21,5,MantaHair,1399,4-Jan-24,4-Apr-24,1-Feb-24,Fashion/Beauty,Sensitive hair brushes range,,4.02,BBC One,,,,,Timothy Binnington and Daniella Binnington-Nessman,1,240000,24,1000000,1,0,,,,,,,,,,,,,,,,,,,,,,,,,,,1,1,,,1,1,
21,5,SopperBooks,1400,4-Jan-24,4-Apr-24,1-Feb-24,Software/Tech,Online library of bespoke curated and narrated books,,4.02,BBC One,,,,,Simon Hood and Charlene Mitchell-Hood,1,5,5,100,1,1,1,5,5,100,5,1,1,,,,,1,1,1,1,,,,,1,1,1,1,1,1,StevenBartlett,1,1,,,1,1,1
21,5,Unbaggeded,1401,4-Jan-24,4-Apr-24,1-Feb-24,Business Services,Luggage pick-up service,,4.02,BBC One,,,,,Janani Prabhakaran,0,80000,10,800000,0,,,,,,,,,,,,,,,,,,,,,,,,,,,,1,1,,,1,1,
21,6,OriLifestyle,1402,4-Jan-24,4-Apr-24,8-Feb-24,Fashion/Beauty,Afro hairstyle products,,4.19,BBC One,,,,,Titi Belo,0,60000,25,240000,1,1,1,60000,25,240000,1,60000,25,,,,,,,,,,,,,,,,,60000,25,EmmaGrede,1,1,,,1,1,1
21,6,Stocked,1403,4-Jan-24,4-Apr-24,8-Feb-24,Food and Beverage,Frozen food stored in blocks,,4.19,BBC One,,,,,Charlie Gilpin and Sam Moss,1,50000,6,833333,1,1,0,,,,,,,,,,,,,,,,,,,,,,,,,,1,1,,,1,1,
21,6,TheInhalerTailor,1404,4-Jan-24,4-Apr-24,8-Feb-24,Health/Wellness,Protective cases for asthma inhalers,,4.19,BBC One,,,,,William Hogge,0,80000,10,800000,0,,,,,,,,,,,,,,,,,,,,,,,,,,,,1,1,,,1,1,
21,6,TheHeadPlan,1405,4-Jan-24,4-Apr-24,8-Feb-24,Health/Wellness,Range of wellness products and journals.,,4.19,BBC One,,,,,Ciaran and Denise Byrne,1,80000,10,800000,1,1,1,80000,10,800000,1,80000,10,,,,,80000,10,,,,,,,,,,,,,,1,1,,,1,1,
21,7,ChocolateMoments,1406,4-Jan-24,4-Apr-24,15-Feb-24,Food and Beverage,Chocolate bar blended with crisps,,4.14,BBC One,,,,,Maria Antoniou,0,50000,20,250000,0,,,,,,,,,,,,,,,,,,,,,,,,,,,,1,1,,,1,1,
21,7,Faace,1407,4-Jan-24,4-Apr-24,15-Feb-24,Fashion/Beauty,Skincare brand,,4.14,BBC One,,,,,Jasmine Wicks-Stephens,0,60000,15,400000,1,1,1,60000,15,400000,3,20000,5,,,,,20000,5,,,,,,,20000,5,,,20000,5,StevenBartlett,1,1,,,1,1,1
21,7,KerboCharge,1408,4-Jan-24,4-Apr-24,15-Feb-24,Electronics,Protective cover for EV charging cables,,4.14,BBC One,,,,,Mike Gordon and Ben Whittaker,1,50000,6,833333,1,1,1,50000,6,833333,1,50000,6,,,,,,,50000,6,,,,,,,,,,,,1,1,,,1,1,
21,7,ScoffPaper,1409,4-Jan-24,4-Apr-24,15-Feb-24,Pet Products,Edible potato-infused gift cards for dogs,,4.14,BBC One,,,,,Gemma Connolly,0,50000,25,200000,1,1,1,50000,25,200000,1,50000,25,,,,,,,,,,,,,,,50000,25,,,,1,1,,,1,1,
21,8,CookMyGrub,1410,4-Jan-24,4-Apr-24,22-Feb-24,Food and Beverage,Gourmet ready meal app,,4.14,BBC One,,,,,Shabbir Mookhtiar and Dinesh Patil,1,150000,7,2142857,0,,,,,,,,,,,,,,,,,,,,,,,,,,,,1,1,,,1,1,
21,8,MüllClub,1411,4-Jan-24,4-Apr-24,22-Feb-24,Green/CleanTech,Plastic recycling scheme,,4.14,BBC One,,,,,Charlie Rudkin-Wilson,0,30000,12,250000,0,,,,,,,,,,,,,,,,,,,,,,,,,,,,1,1,,,1,1,
21,8,RandyCow,1412,4-Jan-24,4-Apr-24,22-Feb-24,Lifestyle/Home,Waterproof pocket beachwear,,4.14,BBC One,,,,,Dave Weller,0,80000,40,200000,1,1,0,,,,,,,,,,,,,,,,,,,,,,,,,,1,1,,,1,1,
21,8,TastyMates,1413,4-Jan-24,4-Apr-24,22-Feb-24,Food and Beverage,Gummy candy range,,4.14,BBC One,,,,,Joe Woolf,0,60000,20,300000,1,1,1,60000,20,300000,1,60000,20,,,,yes,60000,20,,,,,,,,,,,,,,1,1,,,1,1,
21,9,Meetini,1414,4-Jan-24,4-Apr-24,29-Feb-24,Electronics,Electric built-in bar cargo bicycle,,4.04,BBC One,,,,,Daniel Vajsabel,0,75000,15,500000,0,,,,,,,,,,,,,,,,,,,,,,,,,,,,1,1,,,1,1,
21,9,MyoMaster,1415,4-Jan-24,4-Apr-24,29-Feb-24,Health/Wellness,Sports recovery products,,4.04,BBC One,,,,,Joe Gray and Lottie White,1,100000,10,1000000,1,1,0,,,,,,,,,,,,,,,,,,,,,,,,,,1,1,,,1,1,
21,9,ParkLife,1416,4-Jan-24,4-Apr-24,29-Feb-24,Pet Products,Frisby style dog-biscuits,,4.04,BBC One,,,,,Richard Marles,0,150000,30,500000,1,0,,,,,,,,,,,,,,,,,,,,,,,,,,,1,1,,,1,1,
21,9,Sibstar,1417,4-Jan-24,4-Apr-24,29-Feb-24,Health/Wellness,Financial spending for dementia,,4.04,BBC One,,,,,Martin Orty and Jane Sibley,1,125000,10,1250000,1,1,1,125000,10,1250000,2,62500,5,,10,,,,,62500,5,,,,,,,62500,5,,,,1,1,,,1,1,
21,10,DDAviation,1418,4-Jan-24,4-Apr-24,7-Mar-24,Uncertain/Other,Space travel,,3.92,BBC One,,,,,David Doughty and Barry Shanks,1,75000,5,1500000,0,,,,,,,,,,,,,,,,,,,,,,,,,,,,1,1,,,1,1,
21,10,GoatsoftheGorge,1419,4-Jan-24,4-Apr-24,7-Mar-24,Fashion/Beauty,Goat milk skincare brand,,3.92,BBC One,,,,,"Danny, Ricky and Nick King",1,30000,10,300000,0,,,,,,,,,,,,,,,,,,,,,,,,,,,,1,1,,,1,1,
21,10,OneHundredGroup,1420,4-Jan-24,4-Apr-24,7-Mar-24,Fitness/Sports/Outdoors,Trail-running world championship,,3.92,BBC One,,,,,João Andrade and Camillo Scarselli,1,100000,5,2000000,1,1,0,,,,,,,,,,,,,,,,,,,,,,,,,,1,1,,,1,1,
21,10,ZebedeeAnyAngle,1421,4-Jan-24,4-Apr-24,7-Mar-24,Lifestyle/Home,Non-slip clothes rails,,3.92,BBC One,,,,,Diane Challender,0,75000,40,187500,1,1,1,75000,40,187500,1,75000,40,,,,yes,,,,,,,,,,,75000,40,,,,1,1,,,1,1,
21,11,CheekyNibble,1422,4-Jan-24,4-Apr-24,14-Mar-24,Food and Beverage,Free-from dessert-inspired granola,https://www.cheekynibble.com/,3.82,BBC One,,,,,Marietta Hickman,0,60000,10,600000,0,,,,,,,,,,,,,,,,,,,,,,,,,,,,1,1,,,1,1,
21,11,Ezidrops,1423,4-Jan-24,4-Apr-24,14-Mar-24,Health/Wellness,Eye and ear drop tool,,3.82,BBC One,,,,,Bob Gokani,0,30000,30,100000,1,0,,,,,,,,,,,,,,,,,,,,,,,,,,,1,1,,,1,1,
21,11,TheNaturalPlayMakeupCompany,1424,4-Jan-24,4-Apr-24,14-Mar-24,Children/Education,Children’s make-up,,3.82,BBC One,,,,,Kitty August,0,75000,20,375000,1,1,0,,,,,,,,,,,,,,,,,,,,,,,,,,1,1,,,1,1,
21,11,Time:O:Stat,1425,4-Jan-24,4-Apr-24,14-Mar-24,Lifestyle/Home,Thermostat for landlords,https://timeostat.co.uk/,3.82,BBC One,,,,,Anthony Cherry,0,80000,30,266667,1,1,0,,,,,,,,,,,,,,,,,,,,,,,,,,1,1,,,1,1,
21,12,Automatedshowercleaner,1426,4-Jan-24,4-Apr-24,21-Mar-24,Lifestyle/Home,Automated cleaning system for showers,,3.7,BBC One,,,,,Nodar Babuadze and Nino Loladze,1,50000,10,500000,0,,,,,,,,,,,,,,,,,,,,,,,,,,,,1,1,,,1,1,
21,12,BoldBeanCo,1427,4-Jan-24,4-Apr-24,21-Mar-24,Food and Beverage,Seasoned butter beans,,3.7,BBC One,,,,,Amelia Christie-Miller,0,50000,7.5,666667,1,1,0,,,,,,,,,,,,,,,,,,,,,,,,,,1,1,,,1,1,
21,12,Skin,1428,4-Jan-24,4-Apr-24,21-Mar-24,Fashion/Beauty,Price comparison app for skin products,,3.7,BBC One,,,,,Flinty Bane and Ben Barter,1,50000,10,500000,1,1,1,50000,10,500000,1,50000,10,,,,,,,,,,,,,,,50000,10,,,,1,1,,,1,1,
21,12,WeAreJude,1429,4-Jan-24,4-Apr-24,21-Mar-24,Health/Wellness,Bladder supplements,,3.7,BBC One,,,,,Peony Li,0,100000,3,3333333,1,0,,,,,,,,,,,,,,,,,,,,,,,,,,,1,1,,,1,1,
21,13,AudioMagMedia,1430,4-Jan-24,4-Apr-24,28-Mar-24,Children/Education,Children’s special needs educational magazine,,3.95,BBC One,,,,,Stephen Keane,0,75000,10,750000,0,,,,,,,,,,,,,,,,,,,,,,,,,,,,1,1,,,1,1,
21,13,FurrBoostDrink,1431,4-Jan-24,4-Apr-24,28-Mar-24,Pet Products,Vitamin based smoothies for dogs,,3.95,BBC One,,,,,Louise and Ian Toll,1,50000,30,166667,1,1,0,,,,,,,,,,,,,,,,,,,,,,,,,,1,1,,,1,1,
21,13,GlaizeManicure,1432,4-Jan-24,4-Apr-24,28-Mar-24,Fashion/Beauty,Stick on finger nails,,3.95,BBC One,,,,,Gina Farren,0,100000,8,1250000,1,1,0,,,,,,,,,,,,,,,,,,,,,,,,,,1,1,,,1,1,
21,13,RemySleep,1433,4-Jan-24,4-Apr-24,28-Mar-24,Lifestyle/Home,Bean bags/pods and weighted blankets,,3.95,BBC One,,,,,Abeer Iqbal,0,80000,5,1600000,0,,,,,,,,,,,,,,,,,,,,,,,,,,,,1,1,,,1,1,
21,14,NailPad,1434,4-Jan-24,4-Apr-24,4-Apr-24,Fashion/Beauty,Self-manicure aids,,,BBC One,,,,,Carrie and Tori,1,60000,35,171429,0,,,,,,,,,,,,,,,,,,,,,,,,,,,,1,1,,,1,1,
21,14,NidhoggerMead,1435,4-Jan-24,4-Apr-24,4-Apr-24,Liquor/Alcohol,Honey and mead infused alcohol beverages,,,BBC One,,,,,Peter Taylor,0,80000,5,1600000,0,,,,,,,,,,,,,,,,,,,,,,,,,,,,1,1,,,1,1,
21,14,StompItFootDrumKit,1436,4-Jan-24,4-Apr-24,4-Apr-24,Fashion/Beauty,Foot operated drum-kit,,,BBC One,,,,,Rich Baxter,0,50000,25,200000,0,,,,,,,,,,,,,,,,,,,,,,,,,,,,1,1,,,1,1,
21,14,Wiggy,1437,4-Jan-24,4-Apr-24,4-Apr-24,Health/Wellness,Natural vitamins and minerals alternative to viagra,,,BBC One,,,,,Charlotte and Wesley Pierce,1,50000,10,500000,0,,,,,,,,,,,,,,,,,,,,,,,,,,,,1,1,,,1,1,
21,14,YardArtUKLtd,1438,4-Jan-24,4-Apr-24,4-Apr-24,Fashion/Beauty,Outdoor art pieces,https://yardartuk.co.uk/,,BBC One,,,,,Charlotte and Grant Clemence,1,50000,35,142857,1,1,1,50000,35,142857,2,25000,17.5,,,,yes,,,,,,,,,,,25000,17.5,25000,17.5,StevenBartlett,1,1,,,1,1,1
22,1,BodyXcore,1439,9-Jan-25,,9-Jan-25,Fashion/Beauty,Portable exercise equipment,,,BBC One,,,,,Joseph Keegan,0,105000,37.5,280000,1,1,1,105000,37.5,280000,3,35000,12.5,,,,,35000,12.5,,,,,,,35000,12.5,,,35000,12.5,Joe Wicks,1,1,,,1,1,1
22,1,Laceeze,1440,9-Jan-25,,9-Jan-25,Fashion/Beauty,Aid for tightening shoelaces,,,BBC One,,,,,Emma Burke,0,50000,40,125000,1,1,1,50000,40,125000,1,50000,40,,,,yes,,,,,,,,,50000,40,,,,,,1,1,,,1,1,1
22,1,Diso,1441,9-Jan-25,,9-Jan-25,Health/Wellness,Vegan and sugar free vitamin supplements,,,BBC One,,,,,Ashfaq and Issa Patel,1,100000,2.5,4000000,0,,,,,,,,,,,,,,,,,,,,,,,,,,,,1,1,,,1,1,1
22,1,HenWeekendChickenBoarding,1442,9-Jan-25,,9-Jan-25,Pet Products,Hotel for hens and ducks,,,BBC One,,,,,Katriona Shovlin,0,40000,20,200000,0,,,,,,,,,,,,,,,,,,,,,,,,,,,,1,1,,,1,1,1
22,2,DoughboysPizza,1443,9-Jan-25,,16-Jan-25,Food and Beverage,Frozen pizzas,,,BBC One,,,,,Luke and Owen Buckmaster,1,90000,10,900000,1,1,1,90000,10,900000,1,90000,10,,,,,90000,10,,,,,,,,,,,,,,1,1,,,1,1,1
22,2,Choppity,1444,9-Jan-25,,16-Jan-25,Software/Tech,AI video editing software,,,BBC One,,,,,Aaron Morris and Zara Paul,1,100000,15,666667,1,1,1,100000,15,666667,1,100000,15,,,,yes,100000,15,,,,,,,,,,,,,,1,1,,,1,1,1
22,2,MysteryJerseyKing,1445,9-Jan-25,,16-Jan-25,Fitness/Sports/Outdoors,Random football shirts on a monthly subscription,,,BBC One,,,,,Alex Street,0,50000,15,333333,1,1,1,50000,15,333333,1,50000,15,,,,yes,,,,,,,,,,,50000,15,,,,1,1,,,1,1,1
22,2,TheChocolateCocktailClub,1446,9-Jan-25,,16-Jan-25,Liquor/Alcohol,Chocolate cocktail range,,,BBC One,,,,,Rachel and Holly Wisson-Brooks,1,80000,8,1000000,0,,,,,,,,,,,,,,,,,,,,,,,,,,,,1,1,,,1,1,1
22,3,Nenya,1447,9-Jan-25,,23-Jan-25,Fashion/Beauty,Ukrainian fashion brand,,,BBC One,,,,,Yanna Smaglo,0,80000,20,400000,1,1,1,80000,20,400000,2,40000,10,,,,,,,40000,10,,,,,,,,,40000,10,Steven Bartlett,1,1,,,,,1
22,3,DotDotBubbleTea,1448,9-Jan-25,,23-Jan-25,Food and Beverage,Bottled bubble tea,,,BBC One,,,,,Susie Yau and Yan Ying,1,50000,10,500000,1,1,1,50000,10,500000,2,25000,5,,,,,25000,5,,,,,,,,,,,25000,5,Steven Bartlett,1,1,,,,,1
22,3,CanineDipandDive,1449,9-Jan-25,,23-Jan-25,Pet Products,Swimming lessons for dogs,,,BBC One,,,,,Andrew Brownlie,0,50000,20,250000,1,0,,,,,,,,,,,,,,,,,,,,,,,,,,,1,1,,,,,1
22,3,Vertebrae,1450,9-Jan-25,,23-Jan-25,Lifestyle/Home,All-in-one bathroom solution,,,BBC One,,,,,Paul Hernan,0,100000,10,1000000,0,,,,,,,,,,,,,,,,,,,,,,,,,,,,1,1,,,,,1
22,4,Seep,1451,9-Jan-25,,30-Jan-25,Lifestyle/Home,Plastic-free household cleaning solutions,,,BBC One,,,,,Laura Harnett,0,50000,4,1250000,1,1,1,50000,4,1250000,2,25000,2,,,,,,,25000,2,,,,,,,,,25000,2,Trinny Woodall,1,1,,,,,2
22,4,Kartabottle,1452,9-Jan-25,,30-Jan-25,Lifestyle/Home,Water bottle used as a barbell jack,,,BBC One,,,,,Pete Anwyll,0,50000,33,151515,1,1,1,50000,33,151515,1,50000,33,,,,yes,,,,,,,,,,,,,50000,33,Steven Bartlett,1,1,,,,,2
22,4,LoveSum,1453,9-Jan-25,,30-Jan-25,Lifestyle/Home,Home-made dumplings,,,BBC One,,,,,Sin Teng-Tang (Sandy Tang),0,50000,20,250000,1,1,1,50000,20,250000,1,50000,20,,,,yes,50000,20,,,,,,,,,,,,,,1,1,,,,,2
22,4,HairSyrup,1454,9-Jan-25,,30-Jan-25,Fashion/Beauty,Pre-wash hair oils,,,BBC One,,,,,Lucie MacLeod,0,190000,3,6333333,0,,,,,,,,,,,,,,,,,,,,,,,,,,,,1,1,,,,,2
22,5,Chakow,1455,9-Jan-25,,6-Feb-25,Lifestyle/Home,Bidet that saves on water,,,BBC One,,,,,Birendra Khadka and Kelsang Sahak,1,100000,13,769231,0,,,,,,,,,,,,,,,,,,,,,,,,,,,,,1,,,,,1
22,5,Beevive,1456,9-Jan-25,,6-Feb-25,Health/Wellness,Supplements and gift packages for Bees,,,BBC One,,,,,Faye Whitley and Jake Powell,1,80000,8,1000000,0,,,,,,,,,,,,,,,,,,,,,,,,,,,,,1,,,,,1
22,5,Omni,1457,9-Jan-25,,6-Feb-25,Pet Products,Plant-based pet food,,,BBC One,,,,,Shiv Sivakumar and Guy Sandelowsky,1,75000,2,3750000,1,1,1,75000,2,3750000,2,37500,1,,,,,,,37500,1,,,,,,,,,37500,1,Steven Bartlett,,1,,,,,1
22,5,Little’s,1458,9-Jan-25,,6-Feb-25,Food and Beverage,Flavoured instant coffee,,,BBC One,,,,,Will Little,0,80000,5,1600000,1,1,1,80000,5,1600000,1,80000,5,,,,,,,,,,,,,,,,,80000,5,Steven Bartlett,,1,,,,,1
22,6,Dig,1459,9-Jan-25,,13-Feb-25,Lifestyle/Home,Plant bed delivery service,,,BBC One,,,,,Henry Bartlam and Alexandra Hollingsworth,1,75000,15,500000,1,1,1,75000,15,500000,1,75000,15,,,,,,,,,,,,,,,75000,15,,,,1,1,,,1,1,
22,6,TinyExplorers,1460,9-Jan-25,,13-Feb-25,Children/Education,Baby equipment rental service,,,BBC One,,,,,Hayley Hanigan,0,50000,20,250000,1,1,1,50000,20,250000,2,25000,10,,,,,,,,,,,,,25000,10,25000,10,,,,1,1,,,1,1,
22,6,Spudoscrisps,1461,9-Jan-25,,13-Feb-25,Food and Beverage,Gluten free and vegan crisps,,,BBC One,,,,,Del Currie,0,50000,25,200000,1,1,1,50000,25,200000,2,25000,12.5,,,,,25000,12.5,25000,12.5,,,,,,,,,,,,1,1,,,1,1,
22,6,TheGilleyUmbrella,1462,9-Jan-25,,13-Feb-25,Lifestyle/Home,Watertight case for umbrellas,,,BBC One,,,,,Trib Gosain and Reid Jacoby,1,50000,20,250000,1,0,,,,,,,,,,,,,,,,,,,,,,,,,,,1,1,,,1,1,
22,7,StashedProducts,1463,9-Jan-25,,20-Feb-25,Children/Education,Hook rack for bikes,,,BBC One,,,,,Elliot Tanner,0,100000,7,1428571,1,1,1,100000,7,1428571,1,100000,7,,,,yes,,,,,,,,,100000,7,,,,,,,,,,1,,1
22,7,LumberjaxeFoodCompany,1464,9-Jan-25,,20-Feb-25,Food and Beverage,Range of sauces and seasonings,,,BBC One,,,,,Brendon and Jaydon Manders,1,90000,20,450000,1,1,1,90000,20,450000,1,90000,20,,,,,,,,,,,,,,,,,90000,20,Emma Grede,,,,,1,,1
22,7,Unpause,1465,9-Jan-25,,20-Feb-25,Lifestyle/Home,Cooling aid for menopausal flushes,,,BBC One,,,,,Nitya Dintakurti,0,100000,2.5,4000000,0,,,,,,,,,,,,,,,,,,,,,,,,,,,,,,,,1,,1
22,8,SnoapHQ,1466,9-Jan-25,,27-Feb-25,Lifestyle/Home,Soap and shampoo dispenser from solid bars,,,BBC One,,,,,Antony and Lisa Hicks,1,50000,7.5,666667,1,1,1,50000,7.5,666667,2,25000,3.75,,,,,25000,3.75,25000,3.75,,,,,,,,,,,,1,1,,,,1,1
22,8,KittMedical,1467,9-Jan-25,,27-Feb-25,Health/Wellness,Medical kits for Anaphylaxis,,,BBC One,,,,,James Cohen and Zak Marks,1,75000,7,1071429,1,1,1,75000,7,1071429,2,37500,3.5,,,,,,,37500,3.5,,,,,,,,,37500,3.5,Steven Bartlett,1,1,,,,1,1
22,8,GoodWashDay,1468,9-Jan-25,,27-Feb-25,Lifestyle/Home,"Hair towels that reduce friction, frizz and drying time",,,BBC One,,,,,Carla Saull,0,20000,10,200000,1,1,1,20000,10,200000,1,20000,10,,,,,,,,,,,,,,,20000,10,,,,1,1,,,,1,1
22,8,HumanBeauty,1469,9-Jan-25,,27-Feb-25,Fashion/Beauty,Range of cosmetics for disabilities,,,BBC One,,,,,Millie Flemington-Clare,0,50000,20,250000,0,,,,,,,,,,,,,,,,,,,,,,,,,,,,1,1,,,,1,1
22,9,Azio Beauty,1470,9-Jan-25,,31-Jul-25,Fashion/Beauty,Luxury skincare range,,,BBC One,,,,,Jonathan Penna,0,50000,5,1000000,1,1,1,50000,5,1000000,1,50000,5,,,,,,,,,,,,,50000,5,,,,,,,,,,1,,
22,9,Prsnt,1471,9-Jan-25,,31-Jul-25,Software/Tech,Smartphone app that sends gifts to phone contacts,,,BBC One,,,,,Omid Moallemi and David Parr,1,90000,15,600000,1,1,1,90000,15,600000,3,30000,5,,,,,30000,5,,,,,,,30000,5,30000,5,,,,1,,,,1,1,
22,9,DabbaDrop,1472,9-Jan-25,,31-Jul-25,Food and Beverage,South Asian meal with sustainability kits and zero waste takeaway,,,BBC One,,,,,Anshu Ahuja,0,100000,3,3333333,0,,,,,,,,,,,,,,,,,,,,,,,,,,,,,,,,,,
22,9,Fidget-T,1473,9-Jan-25,,31-Jul-25,Children/Education,"Fidget toys, bubble wrap, and T-shirts for neurodivergence people",,,BBC One,,,,,Matt and Max Palfrey,1,50000,10,500000,0,,,,,,,,,,,,,,,,,,,,,,,,,,,,,,,,,,